2025-12-06 12:24:42,042:WARNING:
'cuml' is a soft dependency and not included in the pycaret installation. Please run: `pip install cuml` to install.
2025-12-06 12:24:42,042:WARNING:
'cuml' is a soft dependency and not included in the pycaret installation. Please run: `pip install cuml` to install.
2025-12-06 12:24:42,042:WARNING:
'cuml' is a soft dependency and not included in the pycaret installation. Please run: `pip install cuml` to install.
2025-12-06 12:24:42,042:WARNING:
'cuml' is a soft dependency and not included in the pycaret installation. Please run: `pip install cuml` to install.
2025-12-06 12:26:24,225:WARNING:
'cuml' is a soft dependency and not included in the pycaret installation. Please run: `pip install cuml` to install.
2025-12-06 12:26:24,239:WARNING:
'cuml' is a soft dependency and not included in the pycaret installation. Please run: `pip install cuml` to install.
2025-12-06 12:26:24,239:WARNING:
'cuml' is a soft dependency and not included in the pycaret installation. Please run: `pip install cuml` to install.
2025-12-06 12:26:24,239:WARNING:
'cuml' is a soft dependency and not included in the pycaret installation. Please run: `pip install cuml` to install.
2025-12-06 12:38:52,325:WARNING:
'cuml' is a soft dependency and not included in the pycaret installation. Please run: `pip install cuml` to install.
2025-12-06 12:38:52,325:WARNING:
'cuml' is a soft dependency and not included in the pycaret installation. Please run: `pip install cuml` to install.
2025-12-06 12:38:52,325:WARNING:
'cuml' is a soft dependency and not included in the pycaret installation. Please run: `pip install cuml` to install.
2025-12-06 12:38:52,325:WARNING:
'cuml' is a soft dependency and not included in the pycaret installation. Please run: `pip install cuml` to install.
2025-12-06 12:40:42,871:WARNING:
'cuml' is a soft dependency and not included in the pycaret installation. Please run: `pip install cuml` to install.
2025-12-06 12:40:42,871:WARNING:
'cuml' is a soft dependency and not included in the pycaret installation. Please run: `pip install cuml` to install.
2025-12-06 12:40:42,871:WARNING:
'cuml' is a soft dependency and not included in the pycaret installation. Please run: `pip install cuml` to install.
2025-12-06 12:40:42,871:WARNING:
'cuml' is a soft dependency and not included in the pycaret installation. Please run: `pip install cuml` to install.
2025-12-06 12:40:44,073:INFO:PyCaret ClassificationExperiment
2025-12-06 12:40:44,073:INFO:Logging name: clf-default-name
2025-12-06 12:40:44,073:INFO:ML Usecase: MLUsecase.CLASSIFICATION
2025-12-06 12:40:44,073:INFO:version 3.2.0
2025-12-06 12:40:44,073:INFO:Initializing setup()
2025-12-06 12:40:44,073:INFO:self.USI: 5ffd
2025-12-06 12:40:44,073:INFO:self._variable_keys: {'n_jobs_param', 'seed', 'logging_param', 'y', 'fold_generator', 'fix_imbalance', 'is_multiclass', 'log_plots_param', 'USI', '_ml_usecase', 'fold_groups_param', 'y_test', 'data', 'idx', 'exp_id', 'memory', 'X', 'X_train', 'target_param', 'gpu_n_jobs_param', 'X_test', 'y_train', '_available_plots', 'gpu_param', 'pipeline', 'fold_shuffle_param', 'exp_name_log', 'html_param'}
2025-12-06 12:40:44,073:INFO:Checking environment
2025-12-06 12:40:44,073:INFO:python_version: 3.8.20
2025-12-06 12:40:44,073:INFO:python_build: ('default', 'Oct  3 2024 15:19:54')
2025-12-06 12:40:44,073:INFO:machine: AMD64
2025-12-06 12:40:44,096:INFO:platform: Windows-10-10.0.26200-SP0
2025-12-06 12:40:44,096:INFO:Memory: svmem(total=8299257856, available=901668864, percent=89.1, used=7397588992, free=901668864)
2025-12-06 12:40:44,096:INFO:Physical Core: 4
2025-12-06 12:40:44,096:INFO:Logical Core: 8
2025-12-06 12:40:44,096:INFO:Checking libraries
2025-12-06 12:40:44,096:INFO:System:
2025-12-06 12:40:44,096:INFO:    python: 3.8.20 (default, Oct  3 2024, 15:19:54) [MSC v.1929 64 bit (AMD64)]
2025-12-06 12:40:44,096:INFO:executable: C:\Users\dell\anaconda3\envs\churn_env\python.exe
2025-12-06 12:40:44,100:INFO:   machine: Windows-10-10.0.26200-SP0
2025-12-06 12:40:44,100:INFO:PyCaret required dependencies:
2025-12-06 12:40:44,162:INFO:                 pip: 24.2
2025-12-06 12:40:44,162:INFO:          setuptools: 75.1.0
2025-12-06 12:40:44,162:INFO:             pycaret: 3.2.0
2025-12-06 12:40:44,162:INFO:             IPython: 8.12.3
2025-12-06 12:40:44,162:INFO:          ipywidgets: 8.1.8
2025-12-06 12:40:44,162:INFO:                tqdm: 4.67.1
2025-12-06 12:40:44,162:INFO:               numpy: 1.23.5
2025-12-06 12:40:44,162:INFO:              pandas: 1.5.3
2025-12-06 12:40:44,162:INFO:              jinja2: 3.1.6
2025-12-06 12:40:44,162:INFO:               scipy: 1.10.1
2025-12-06 12:40:44,162:INFO:              joblib: 1.2.0
2025-12-06 12:40:44,162:INFO:             sklearn: 1.2.2
2025-12-06 12:40:44,162:INFO:                pyod: 2.0.6
2025-12-06 12:40:44,162:INFO:            imblearn: 0.12.4
2025-12-06 12:40:44,162:INFO:   category_encoders: 2.6.4
2025-12-06 12:40:44,162:INFO:            lightgbm: 4.6.0
2025-12-06 12:40:44,164:INFO:               numba: 0.58.1
2025-12-06 12:40:44,164:INFO:            requests: 2.32.4
2025-12-06 12:40:44,164:INFO:          matplotlib: 3.6.0
2025-12-06 12:40:44,164:INFO:          scikitplot: 0.3.7
2025-12-06 12:40:44,164:INFO:         yellowbrick: 1.5
2025-12-06 12:40:44,164:INFO:              plotly: 6.5.0
2025-12-06 12:40:44,164:INFO:    plotly-resampler: Not installed
2025-12-06 12:40:44,164:INFO:             kaleido: 1.2.0
2025-12-06 12:40:44,164:INFO:           schemdraw: 0.15
2025-12-06 12:40:44,164:INFO:         statsmodels: 0.14.1
2025-12-06 12:40:44,164:INFO:              sktime: 0.21.1
2025-12-06 12:40:44,164:INFO:               tbats: 1.1.3
2025-12-06 12:40:44,164:INFO:            pmdarima: 2.0.4
2025-12-06 12:40:44,164:INFO:              psutil: 7.1.3
2025-12-06 12:40:44,164:INFO:          markupsafe: 2.1.5
2025-12-06 12:40:44,164:INFO:             pickle5: Not installed
2025-12-06 12:40:44,164:INFO:         cloudpickle: 3.1.2
2025-12-06 12:40:44,164:INFO:         deprecation: 2.1.0
2025-12-06 12:40:44,165:INFO:              xxhash: 3.6.0
2025-12-06 12:40:44,165:INFO:           wurlitzer: Not installed
2025-12-06 12:40:44,165:INFO:PyCaret optional dependencies:
2025-12-06 12:40:44,184:INFO:                shap: Not installed
2025-12-06 12:40:44,184:INFO:           interpret: Not installed
2025-12-06 12:40:44,184:INFO:                umap: Not installed
2025-12-06 12:40:44,184:INFO:     ydata_profiling: Not installed
2025-12-06 12:40:44,184:INFO:  explainerdashboard: Not installed
2025-12-06 12:40:44,184:INFO:             autoviz: Not installed
2025-12-06 12:40:44,184:INFO:           fairlearn: Not installed
2025-12-06 12:40:44,184:INFO:          deepchecks: Not installed
2025-12-06 12:40:44,184:INFO:             xgboost: Not installed
2025-12-06 12:40:44,184:INFO:            catboost: Not installed
2025-12-06 12:40:44,184:INFO:              kmodes: Not installed
2025-12-06 12:40:44,184:INFO:             mlxtend: Not installed
2025-12-06 12:40:44,184:INFO:       statsforecast: Not installed
2025-12-06 12:40:44,184:INFO:        tune_sklearn: Not installed
2025-12-06 12:40:44,184:INFO:                 ray: Not installed
2025-12-06 12:40:44,184:INFO:            hyperopt: Not installed
2025-12-06 12:40:44,184:INFO:              optuna: Not installed
2025-12-06 12:40:44,184:INFO:               skopt: Not installed
2025-12-06 12:40:44,184:INFO:              mlflow: Not installed
2025-12-06 12:40:44,184:INFO:              gradio: Not installed
2025-12-06 12:40:44,184:INFO:             fastapi: Not installed
2025-12-06 12:40:44,184:INFO:             uvicorn: Not installed
2025-12-06 12:40:44,186:INFO:              m2cgen: Not installed
2025-12-06 12:40:44,186:INFO:           evidently: Not installed
2025-12-06 12:40:44,186:INFO:               fugue: Not installed
2025-12-06 12:40:44,186:INFO:           streamlit: Not installed
2025-12-06 12:40:44,186:INFO:             prophet: Not installed
2025-12-06 12:40:44,186:INFO:None
2025-12-06 12:40:44,186:INFO:Set up data.
2025-12-06 12:40:44,221:INFO:Set up folding strategy.
2025-12-06 12:40:44,221:INFO:Set up train/test split.
2025-12-06 12:40:44,258:INFO:Set up index.
2025-12-06 12:40:44,258:INFO:Assigning column types.
2025-12-06 12:40:44,265:INFO:Engine successfully changes for model 'lr' to 'sklearn'.
2025-12-06 12:40:44,312:INFO:Engine for model 'knn' has not been set explicitly, hence returning None.
2025-12-06 12:40:44,316:INFO:Engine for model 'rbfsvm' has not been set explicitly, hence returning None.
2025-12-06 12:40:44,353:WARNING:
'xgboost' is a soft dependency and not included in the pycaret installation. Please run: `pip install xgboost` to install.
Alternately, you can install this by running `pip install pycaret[models]`
2025-12-06 12:40:44,353:WARNING:
'catboost' is a soft dependency and not included in the pycaret installation. Please run: `pip install catboost` to install.
Alternately, you can install this by running `pip install pycaret[models]`
2025-12-06 12:40:44,400:INFO:Engine for model 'knn' has not been set explicitly, hence returning None.
2025-12-06 12:40:44,400:INFO:Engine for model 'rbfsvm' has not been set explicitly, hence returning None.
2025-12-06 12:40:44,426:WARNING:
'xgboost' is a soft dependency and not included in the pycaret installation. Please run: `pip install xgboost` to install.
Alternately, you can install this by running `pip install pycaret[models]`
2025-12-06 12:40:44,426:WARNING:
'catboost' is a soft dependency and not included in the pycaret installation. Please run: `pip install catboost` to install.
Alternately, you can install this by running `pip install pycaret[models]`
2025-12-06 12:40:44,426:INFO:Engine successfully changes for model 'knn' to 'sklearn'.
2025-12-06 12:40:44,475:INFO:Engine for model 'rbfsvm' has not been set explicitly, hence returning None.
2025-12-06 12:40:44,490:WARNING:
'xgboost' is a soft dependency and not included in the pycaret installation. Please run: `pip install xgboost` to install.
Alternately, you can install this by running `pip install pycaret[models]`
2025-12-06 12:40:44,490:WARNING:
'catboost' is a soft dependency and not included in the pycaret installation. Please run: `pip install catboost` to install.
Alternately, you can install this by running `pip install pycaret[models]`
2025-12-06 12:40:44,566:INFO:Engine for model 'rbfsvm' has not been set explicitly, hence returning None.
2025-12-06 12:40:44,585:WARNING:
'xgboost' is a soft dependency and not included in the pycaret installation. Please run: `pip install xgboost` to install.
Alternately, you can install this by running `pip install pycaret[models]`
2025-12-06 12:40:44,585:WARNING:
'catboost' is a soft dependency and not included in the pycaret installation. Please run: `pip install catboost` to install.
Alternately, you can install this by running `pip install pycaret[models]`
2025-12-06 12:40:44,585:INFO:Engine successfully changes for model 'rbfsvm' to 'sklearn'.
2025-12-06 12:40:44,664:WARNING:
'xgboost' is a soft dependency and not included in the pycaret installation. Please run: `pip install xgboost` to install.
Alternately, you can install this by running `pip install pycaret[models]`
2025-12-06 12:40:44,664:WARNING:
'catboost' is a soft dependency and not included in the pycaret installation. Please run: `pip install catboost` to install.
Alternately, you can install this by running `pip install pycaret[models]`
2025-12-06 12:40:44,751:WARNING:
'xgboost' is a soft dependency and not included in the pycaret installation. Please run: `pip install xgboost` to install.
Alternately, you can install this by running `pip install pycaret[models]`
2025-12-06 12:40:44,751:WARNING:
'catboost' is a soft dependency and not included in the pycaret installation. Please run: `pip install catboost` to install.
Alternately, you can install this by running `pip install pycaret[models]`
2025-12-06 12:40:44,757:INFO:Preparing preprocessing pipeline...
2025-12-06 12:40:44,759:INFO:Set up label encoding.
2025-12-06 12:40:44,759:INFO:Set up simple imputation.
2025-12-06 12:40:44,765:INFO:Set up encoding of ordinal features.
2025-12-06 12:40:44,778:INFO:Set up encoding of categorical features.
2025-12-06 12:40:45,375:INFO:Finished creating preprocessing pipeline.
2025-12-06 12:40:45,451:INFO:Pipeline: Pipeline(memory=FastMemory(location=C:\Users\dell\AppData\Local\Temp\joblib),
         steps=[('label_encoding',
                 TransformerWrapperWithInverse(exclude=None, include=None,
                                               transformer=LabelEncoder())),
                ('numerical_imputer',
                 TransformerWrapper(exclude=None,
                                    include=['SeniorCitizen', 'tenure',
                                             'MonthlyCharges'],
                                    transformer=SimpleImputer(add_indicator=False,
                                                              copy=True,
                                                              fi...
                                                              return_df=True,
                                                              use_cat_names=True,
                                                              verbose=0))),
                ('rest_encoding',
                 TransformerWrapper(exclude=None,
                                    include=['customerID', 'TotalCharges'],
                                    transformer=TargetEncoder(cols=['customerID',
                                                                    'TotalCharges'],
                                                              drop_invariant=False,
                                                              handle_missing='return_nan',
                                                              handle_unknown='value',
                                                              hierarchy=None,
                                                              min_samples_leaf=20,
                                                              return_df=True,
                                                              smoothing=10,
                                                              verbose=0)))],
         verbose=False)
2025-12-06 12:40:45,451:INFO:Creating final display dataframe.
2025-12-06 12:40:46,454:INFO:Setup _display_container:                     Description             Value
0                    Session id               123
1                        Target             Churn
2                   Target type            Binary
3                Target mapping     No: 0, Yes: 1
4           Original data shape        (7043, 21)
5        Transformed data shape        (7043, 42)
6   Transformed train set shape        (4930, 42)
7    Transformed test set shape        (2113, 42)
8              Ordinal features                 5
9              Numeric features                 3
10         Categorical features                17
11                   Preprocess              True
12              Imputation type            simple
13           Numeric imputation              mean
14       Categorical imputation              mode
15     Maximum one-hot encoding                25
16              Encoding method              None
17               Fold Generator   StratifiedKFold
18                  Fold Number                10
19                     CPU Jobs                -1
20                      Use GPU             False
21               Log Experiment             False
22              Experiment Name  clf-default-name
23                          USI              5ffd
2025-12-06 12:40:46,561:WARNING:
'xgboost' is a soft dependency and not included in the pycaret installation. Please run: `pip install xgboost` to install.
Alternately, you can install this by running `pip install pycaret[models]`
2025-12-06 12:40:46,561:WARNING:
'catboost' is a soft dependency and not included in the pycaret installation. Please run: `pip install catboost` to install.
Alternately, you can install this by running `pip install pycaret[models]`
2025-12-06 12:40:46,649:WARNING:
'xgboost' is a soft dependency and not included in the pycaret installation. Please run: `pip install xgboost` to install.
Alternately, you can install this by running `pip install pycaret[models]`
2025-12-06 12:40:46,649:WARNING:
'catboost' is a soft dependency and not included in the pycaret installation. Please run: `pip install catboost` to install.
Alternately, you can install this by running `pip install pycaret[models]`
2025-12-06 12:40:46,649:INFO:setup() successfully completed in 2.58s...............
2025-12-06 12:40:46,649:INFO:Initializing compare_models()
2025-12-06 12:40:46,649:INFO:compare_models(self=<pycaret.classification.oop.ClassificationExperiment object at 0x0000012B4EC96850>, include=None, fold=None, round=4, cross_validation=True, sort=Accuracy, n_select=1, budget_time=None, turbo=True, errors=ignore, fit_kwargs=None, groups=None, experiment_custom_tags=None, probability_threshold=None, verbose=True, parallel=None, caller_params={'self': <pycaret.classification.oop.ClassificationExperiment object at 0x0000012B4EC96850>, 'include': None, 'exclude': None, 'fold': None, 'round': 4, 'cross_validation': True, 'sort': 'Accuracy', 'n_select': 1, 'budget_time': None, 'turbo': True, 'errors': 'ignore', 'fit_kwargs': None, 'groups': None, 'experiment_custom_tags': None, 'probability_threshold': None, 'engine': None, 'verbose': True, 'parallel': None, '__class__': <class 'pycaret.classification.oop.ClassificationExperiment'>}, exclude=None)
2025-12-06 12:40:46,649:INFO:Checking exceptions
2025-12-06 12:40:46,654:INFO:Preparing display monitor
2025-12-06 12:40:46,661:INFO:Initializing Logistic Regression
2025-12-06 12:40:46,661:INFO:Total runtime is 0.0 minutes
2025-12-06 12:40:46,661:INFO:SubProcess create_model() called ==================================
2025-12-06 12:40:46,661:INFO:Initializing create_model()
2025-12-06 12:40:46,664:INFO:create_model(self=<pycaret.classification.oop.ClassificationExperiment object at 0x0000012B4EC96850>, estimator=lr, fold=StratifiedKFold(n_splits=10, random_state=None, shuffle=False), round=4, cross_validation=True, predict=True, fit_kwargs={}, groups=None, refit=False, probability_threshold=None, experiment_custom_tags=None, verbose=False, system=False, add_to_model_list=True, metrics=None, display=<pycaret.internal.display.display.CommonDisplay object at 0x0000012B7665C5E0>, model_only=True, return_train_score=False, error_score=0.0, kwargs={})
2025-12-06 12:40:46,664:INFO:Checking exceptions
2025-12-06 12:40:46,664:INFO:Importing libraries
2025-12-06 12:40:46,664:INFO:Copying training dataset
2025-12-06 12:40:46,664:INFO:Defining folds
2025-12-06 12:40:46,664:INFO:Declaring metric variables
2025-12-06 12:40:46,664:INFO:Importing untrained model
2025-12-06 12:40:46,664:INFO:Logistic Regression Imported successfully
2025-12-06 12:40:46,664:INFO:Starting cross validation
2025-12-06 12:40:46,676:INFO:Cross validating with StratifiedKFold(n_splits=10, random_state=None, shuffle=False), n_jobs=-1
2025-12-06 12:40:58,954:WARNING:C:\Users\dell\anaconda3\envs\churn_env\lib\site-packages\sklearn\metrics\_classification.py:1396: UserWarning: Note that pos_label (set to 'Yes') is ignored when average != 'binary' (got 'weighted'). You may use labels=[pos_label] to specify a single positive class.
  warnings.warn(

2025-12-06 12:40:58,976:WARNING:C:\Users\dell\anaconda3\envs\churn_env\lib\site-packages\sklearn\metrics\_classification.py:1396: UserWarning: Note that pos_label (set to 'Yes') is ignored when average != 'binary' (got 'weighted'). You may use labels=[pos_label] to specify a single positive class.
  warnings.warn(

2025-12-06 12:40:58,994:WARNING:C:\Users\dell\anaconda3\envs\churn_env\lib\site-packages\sklearn\metrics\_classification.py:1396: UserWarning: Note that pos_label (set to 'Yes') is ignored when average != 'binary' (got 'weighted'). You may use labels=[pos_label] to specify a single positive class.
  warnings.warn(

2025-12-06 12:40:59,017:WARNING:C:\Users\dell\anaconda3\envs\churn_env\lib\site-packages\sklearn\metrics\_classification.py:1396: UserWarning: Note that pos_label (set to 'Yes') is ignored when average != 'binary' (got 'weighted'). You may use labels=[pos_label] to specify a single positive class.
  warnings.warn(

2025-12-06 12:40:59,033:WARNING:C:\Users\dell\anaconda3\envs\churn_env\lib\site-packages\sklearn\metrics\_classification.py:1396: UserWarning: Note that pos_label (set to 'Yes') is ignored when average != 'binary' (got 'weighted'). You may use labels=[pos_label] to specify a single positive class.
  warnings.warn(

2025-12-06 12:40:59,035:WARNING:C:\Users\dell\anaconda3\envs\churn_env\lib\site-packages\sklearn\metrics\_classification.py:1396: UserWarning: Note that pos_label (set to 'Yes') is ignored when average != 'binary' (got 'weighted'). You may use labels=[pos_label] to specify a single positive class.
  warnings.warn(

2025-12-06 12:40:59,058:WARNING:C:\Users\dell\anaconda3\envs\churn_env\lib\site-packages\sklearn\metrics\_classification.py:1396: UserWarning: Note that pos_label (set to 'Yes') is ignored when average != 'binary' (got 'weighted'). You may use labels=[pos_label] to specify a single positive class.
  warnings.warn(

2025-12-06 12:40:59,070:WARNING:C:\Users\dell\anaconda3\envs\churn_env\lib\site-packages\sklearn\metrics\_classification.py:1396: UserWarning: Note that pos_label (set to 'Yes') is ignored when average != 'binary' (got 'weighted'). You may use labels=[pos_label] to specify a single positive class.
  warnings.warn(

2025-12-06 12:40:59,100:WARNING:C:\Users\dell\anaconda3\envs\churn_env\lib\site-packages\sklearn\metrics\_classification.py:1396: UserWarning: Note that pos_label (set to 'Yes') is ignored when average != 'binary' (got 'weighted'). You may use labels=[pos_label] to specify a single positive class.
  warnings.warn(

2025-12-06 12:40:59,110:WARNING:C:\Users\dell\anaconda3\envs\churn_env\lib\site-packages\sklearn\linear_model\_logistic.py:458: ConvergenceWarning: lbfgs failed to converge (status=1):
STOP: TOTAL NO. of ITERATIONS REACHED LIMIT.

Increase the number of iterations (max_iter) or scale the data as shown in:
    https://scikit-learn.org/stable/modules/preprocessing.html
Please also refer to the documentation for alternative solver options:
    https://scikit-learn.org/stable/modules/linear_model.html#logistic-regression
  n_iter_i = _check_optimize_result(

2025-12-06 12:40:59,149:WARNING:C:\Users\dell\anaconda3\envs\churn_env\lib\site-packages\sklearn\metrics\_classification.py:1396: UserWarning: Note that pos_label (set to 'Yes') is ignored when average != 'binary' (got 'weighted'). You may use labels=[pos_label] to specify a single positive class.
  warnings.warn(

2025-12-06 12:40:59,157:WARNING:C:\Users\dell\anaconda3\envs\churn_env\lib\site-packages\sklearn\linear_model\_logistic.py:458: ConvergenceWarning: lbfgs failed to converge (status=1):
STOP: TOTAL NO. of ITERATIONS REACHED LIMIT.

Increase the number of iterations (max_iter) or scale the data as shown in:
    https://scikit-learn.org/stable/modules/preprocessing.html
Please also refer to the documentation for alternative solver options:
    https://scikit-learn.org/stable/modules/linear_model.html#logistic-regression
  n_iter_i = _check_optimize_result(

2025-12-06 12:40:59,186:WARNING:C:\Users\dell\anaconda3\envs\churn_env\lib\site-packages\sklearn\metrics\_classification.py:1396: UserWarning: Note that pos_label (set to 'Yes') is ignored when average != 'binary' (got 'weighted'). You may use labels=[pos_label] to specify a single positive class.
  warnings.warn(

2025-12-06 12:40:59,222:WARNING:C:\Users\dell\anaconda3\envs\churn_env\lib\site-packages\sklearn\metrics\_classification.py:1396: UserWarning: Note that pos_label (set to 'Yes') is ignored when average != 'binary' (got 'weighted'). You may use labels=[pos_label] to specify a single positive class.
  warnings.warn(

2025-12-06 12:40:59,524:WARNING:C:\Users\dell\anaconda3\envs\churn_env\lib\site-packages\sklearn\metrics\_classification.py:1396: UserWarning: Note that pos_label (set to 'Yes') is ignored when average != 'binary' (got 'weighted'). You may use labels=[pos_label] to specify a single positive class.
  warnings.warn(

2025-12-06 12:40:59,556:WARNING:C:\Users\dell\anaconda3\envs\churn_env\lib\site-packages\sklearn\metrics\_classification.py:1396: UserWarning: Note that pos_label (set to 'Yes') is ignored when average != 'binary' (got 'weighted'). You may use labels=[pos_label] to specify a single positive class.
  warnings.warn(

2025-12-06 12:40:59,582:WARNING:C:\Users\dell\anaconda3\envs\churn_env\lib\site-packages\sklearn\metrics\_classification.py:1396: UserWarning: Note that pos_label (set to 'Yes') is ignored when average != 'binary' (got 'weighted'). You may use labels=[pos_label] to specify a single positive class.
  warnings.warn(

2025-12-06 12:40:59,635:WARNING:C:\Users\dell\anaconda3\envs\churn_env\lib\site-packages\sklearn\metrics\_classification.py:1396: UserWarning: Note that pos_label (set to 'Yes') is ignored when average != 'binary' (got 'weighted'). You may use labels=[pos_label] to specify a single positive class.
  warnings.warn(

2025-12-06 12:40:59,660:WARNING:C:\Users\dell\anaconda3\envs\churn_env\lib\site-packages\sklearn\metrics\_classification.py:1396: UserWarning: Note that pos_label (set to 'Yes') is ignored when average != 'binary' (got 'weighted'). You may use labels=[pos_label] to specify a single positive class.
  warnings.warn(

2025-12-06 12:40:59,683:WARNING:C:\Users\dell\anaconda3\envs\churn_env\lib\site-packages\sklearn\metrics\_classification.py:1396: UserWarning: Note that pos_label (set to 'Yes') is ignored when average != 'binary' (got 'weighted'). You may use labels=[pos_label] to specify a single positive class.
  warnings.warn(

2025-12-06 12:40:59,794:WARNING:C:\Users\dell\anaconda3\envs\churn_env\lib\site-packages\sklearn\metrics\_classification.py:1396: UserWarning: Note that pos_label (set to 'Yes') is ignored when average != 'binary' (got 'weighted'). You may use labels=[pos_label] to specify a single positive class.
  warnings.warn(

2025-12-06 12:40:59,826:WARNING:C:\Users\dell\anaconda3\envs\churn_env\lib\site-packages\sklearn\metrics\_classification.py:1396: UserWarning: Note that pos_label (set to 'Yes') is ignored when average != 'binary' (got 'weighted'). You may use labels=[pos_label] to specify a single positive class.
  warnings.warn(

2025-12-06 12:40:59,848:WARNING:C:\Users\dell\anaconda3\envs\churn_env\lib\site-packages\sklearn\metrics\_classification.py:1396: UserWarning: Note that pos_label (set to 'Yes') is ignored when average != 'binary' (got 'weighted'). You may use labels=[pos_label] to specify a single positive class.
  warnings.warn(

2025-12-06 12:40:59,906:WARNING:C:\Users\dell\anaconda3\envs\churn_env\lib\site-packages\sklearn\metrics\_classification.py:1396: UserWarning: Note that pos_label (set to 'Yes') is ignored when average != 'binary' (got 'weighted'). You may use labels=[pos_label] to specify a single positive class.
  warnings.warn(

2025-12-06 12:40:59,934:WARNING:C:\Users\dell\anaconda3\envs\churn_env\lib\site-packages\sklearn\metrics\_classification.py:1396: UserWarning: Note that pos_label (set to 'Yes') is ignored when average != 'binary' (got 'weighted'). You may use labels=[pos_label] to specify a single positive class.
  warnings.warn(

2025-12-06 12:40:59,960:WARNING:C:\Users\dell\anaconda3\envs\churn_env\lib\site-packages\sklearn\metrics\_classification.py:1396: UserWarning: Note that pos_label (set to 'Yes') is ignored when average != 'binary' (got 'weighted'). You may use labels=[pos_label] to specify a single positive class.
  warnings.warn(

2025-12-06 12:41:02,536:WARNING:C:\Users\dell\anaconda3\envs\churn_env\lib\site-packages\sklearn\linear_model\_logistic.py:458: ConvergenceWarning: lbfgs failed to converge (status=1):
STOP: TOTAL NO. of ITERATIONS REACHED LIMIT.

Increase the number of iterations (max_iter) or scale the data as shown in:
    https://scikit-learn.org/stable/modules/preprocessing.html
Please also refer to the documentation for alternative solver options:
    https://scikit-learn.org/stable/modules/linear_model.html#logistic-regression
  n_iter_i = _check_optimize_result(

2025-12-06 12:41:02,654:WARNING:C:\Users\dell\anaconda3\envs\churn_env\lib\site-packages\sklearn\metrics\_classification.py:1396: UserWarning: Note that pos_label (set to 'Yes') is ignored when average != 'binary' (got 'weighted'). You may use labels=[pos_label] to specify a single positive class.
  warnings.warn(

2025-12-06 12:41:02,701:WARNING:C:\Users\dell\anaconda3\envs\churn_env\lib\site-packages\sklearn\metrics\_classification.py:1396: UserWarning: Note that pos_label (set to 'Yes') is ignored when average != 'binary' (got 'weighted'). You may use labels=[pos_label] to specify a single positive class.
  warnings.warn(

2025-12-06 12:41:02,714:WARNING:C:\Users\dell\anaconda3\envs\churn_env\lib\site-packages\sklearn\metrics\_classification.py:1396: UserWarning: Note that pos_label (set to 'Yes') is ignored when average != 'binary' (got 'weighted'). You may use labels=[pos_label] to specify a single positive class.
  warnings.warn(

2025-12-06 12:41:02,924:WARNING:C:\Users\dell\anaconda3\envs\churn_env\lib\site-packages\sklearn\metrics\_classification.py:1396: UserWarning: Note that pos_label (set to 'Yes') is ignored when average != 'binary' (got 'weighted'). You may use labels=[pos_label] to specify a single positive class.
  warnings.warn(

2025-12-06 12:41:02,947:WARNING:C:\Users\dell\anaconda3\envs\churn_env\lib\site-packages\sklearn\metrics\_classification.py:1396: UserWarning: Note that pos_label (set to 'Yes') is ignored when average != 'binary' (got 'weighted'). You may use labels=[pos_label] to specify a single positive class.
  warnings.warn(

2025-12-06 12:41:02,973:WARNING:C:\Users\dell\anaconda3\envs\churn_env\lib\site-packages\sklearn\metrics\_classification.py:1396: UserWarning: Note that pos_label (set to 'Yes') is ignored when average != 'binary' (got 'weighted'). You may use labels=[pos_label] to specify a single positive class.
  warnings.warn(

2025-12-06 12:41:03,005:INFO:Calculating mean and std
2025-12-06 12:41:03,016:INFO:Creating metrics dataframe
2025-12-06 12:41:03,042:INFO:Uploading results into container
2025-12-06 12:41:03,042:INFO:Uploading model into container now
2025-12-06 12:41:03,042:INFO:_master_model_container: 1
2025-12-06 12:41:03,042:INFO:_display_container: 2
2025-12-06 12:41:03,042:INFO:LogisticRegression(C=1.0, class_weight=None, dual=False, fit_intercept=True,
                   intercept_scaling=1, l1_ratio=None, max_iter=1000,
                   multi_class='auto', n_jobs=None, penalty='l2',
                   random_state=123, solver='lbfgs', tol=0.0001, verbose=0,
                   warm_start=False)
2025-12-06 12:41:03,048:INFO:create_model() successfully completed......................................
2025-12-06 12:41:03,242:INFO:SubProcess create_model() end ==================================
2025-12-06 12:41:03,242:INFO:Creating metrics dataframe
2025-12-06 12:41:03,253:INFO:Initializing K Neighbors Classifier
2025-12-06 12:41:03,253:INFO:Total runtime is 0.2765357494354248 minutes
2025-12-06 12:41:03,253:INFO:SubProcess create_model() called ==================================
2025-12-06 12:41:03,253:INFO:Initializing create_model()
2025-12-06 12:41:03,253:INFO:create_model(self=<pycaret.classification.oop.ClassificationExperiment object at 0x0000012B4EC96850>, estimator=knn, fold=StratifiedKFold(n_splits=10, random_state=None, shuffle=False), round=4, cross_validation=True, predict=True, fit_kwargs={}, groups=None, refit=False, probability_threshold=None, experiment_custom_tags=None, verbose=False, system=False, add_to_model_list=True, metrics=None, display=<pycaret.internal.display.display.CommonDisplay object at 0x0000012B7665C5E0>, model_only=True, return_train_score=False, error_score=0.0, kwargs={})
2025-12-06 12:41:03,253:INFO:Checking exceptions
2025-12-06 12:41:03,253:INFO:Importing libraries
2025-12-06 12:41:03,253:INFO:Copying training dataset
2025-12-06 12:41:03,288:INFO:Defining folds
2025-12-06 12:41:03,288:INFO:Declaring metric variables
2025-12-06 12:41:03,290:INFO:Importing untrained model
2025-12-06 12:41:03,290:INFO:K Neighbors Classifier Imported successfully
2025-12-06 12:41:03,290:INFO:Starting cross validation
2025-12-06 12:41:03,301:INFO:Cross validating with StratifiedKFold(n_splits=10, random_state=None, shuffle=False), n_jobs=-1
2025-12-06 12:41:06,261:WARNING:C:\Users\dell\anaconda3\envs\churn_env\lib\site-packages\sklearn\metrics\_classification.py:1396: UserWarning: Note that pos_label (set to 'Yes') is ignored when average != 'binary' (got 'weighted'). You may use labels=[pos_label] to specify a single positive class.
  warnings.warn(

2025-12-06 12:41:06,285:WARNING:C:\Users\dell\anaconda3\envs\churn_env\lib\site-packages\sklearn\metrics\_classification.py:1396: UserWarning: Note that pos_label (set to 'Yes') is ignored when average != 'binary' (got 'weighted'). You may use labels=[pos_label] to specify a single positive class.
  warnings.warn(

2025-12-06 12:41:06,310:WARNING:C:\Users\dell\anaconda3\envs\churn_env\lib\site-packages\sklearn\metrics\_classification.py:1396: UserWarning: Note that pos_label (set to 'Yes') is ignored when average != 'binary' (got 'weighted'). You may use labels=[pos_label] to specify a single positive class.
  warnings.warn(

2025-12-06 12:41:06,324:WARNING:C:\Users\dell\anaconda3\envs\churn_env\lib\site-packages\sklearn\metrics\_classification.py:1396: UserWarning: Note that pos_label (set to 'Yes') is ignored when average != 'binary' (got 'weighted'). You may use labels=[pos_label] to specify a single positive class.
  warnings.warn(

2025-12-06 12:41:06,343:WARNING:C:\Users\dell\anaconda3\envs\churn_env\lib\site-packages\sklearn\metrics\_classification.py:1396: UserWarning: Note that pos_label (set to 'Yes') is ignored when average != 'binary' (got 'weighted'). You may use labels=[pos_label] to specify a single positive class.
  warnings.warn(

2025-12-06 12:41:06,345:WARNING:C:\Users\dell\anaconda3\envs\churn_env\lib\site-packages\sklearn\metrics\_classification.py:1396: UserWarning: Note that pos_label (set to 'Yes') is ignored when average != 'binary' (got 'weighted'). You may use labels=[pos_label] to specify a single positive class.
  warnings.warn(

2025-12-06 12:41:06,346:WARNING:C:\Users\dell\anaconda3\envs\churn_env\lib\site-packages\sklearn\metrics\_classification.py:1396: UserWarning: Note that pos_label (set to 'Yes') is ignored when average != 'binary' (got 'weighted'). You may use labels=[pos_label] to specify a single positive class.
  warnings.warn(

2025-12-06 12:41:06,374:WARNING:C:\Users\dell\anaconda3\envs\churn_env\lib\site-packages\sklearn\metrics\_classification.py:1396: UserWarning: Note that pos_label (set to 'Yes') is ignored when average != 'binary' (got 'weighted'). You may use labels=[pos_label] to specify a single positive class.
  warnings.warn(

2025-12-06 12:41:06,378:WARNING:C:\Users\dell\anaconda3\envs\churn_env\lib\site-packages\sklearn\metrics\_classification.py:1396: UserWarning: Note that pos_label (set to 'Yes') is ignored when average != 'binary' (got 'weighted'). You may use labels=[pos_label] to specify a single positive class.
  warnings.warn(

2025-12-06 12:41:06,387:WARNING:C:\Users\dell\anaconda3\envs\churn_env\lib\site-packages\sklearn\metrics\_classification.py:1396: UserWarning: Note that pos_label (set to 'Yes') is ignored when average != 'binary' (got 'weighted'). You may use labels=[pos_label] to specify a single positive class.
  warnings.warn(

2025-12-06 12:41:06,407:WARNING:C:\Users\dell\anaconda3\envs\churn_env\lib\site-packages\sklearn\metrics\_classification.py:1396: UserWarning: Note that pos_label (set to 'Yes') is ignored when average != 'binary' (got 'weighted'). You may use labels=[pos_label] to specify a single positive class.
  warnings.warn(

2025-12-06 12:41:06,413:WARNING:C:\Users\dell\anaconda3\envs\churn_env\lib\site-packages\sklearn\metrics\_classification.py:1396: UserWarning: Note that pos_label (set to 'Yes') is ignored when average != 'binary' (got 'weighted'). You may use labels=[pos_label] to specify a single positive class.
  warnings.warn(

2025-12-06 12:41:06,467:WARNING:C:\Users\dell\anaconda3\envs\churn_env\lib\site-packages\sklearn\metrics\_classification.py:1396: UserWarning: Note that pos_label (set to 'Yes') is ignored when average != 'binary' (got 'weighted'). You may use labels=[pos_label] to specify a single positive class.
  warnings.warn(

2025-12-06 12:41:06,490:WARNING:C:\Users\dell\anaconda3\envs\churn_env\lib\site-packages\sklearn\metrics\_classification.py:1396: UserWarning: Note that pos_label (set to 'Yes') is ignored when average != 'binary' (got 'weighted'). You may use labels=[pos_label] to specify a single positive class.
  warnings.warn(

2025-12-06 12:41:06,492:WARNING:C:\Users\dell\anaconda3\envs\churn_env\lib\site-packages\sklearn\metrics\_classification.py:1396: UserWarning: Note that pos_label (set to 'Yes') is ignored when average != 'binary' (got 'weighted'). You may use labels=[pos_label] to specify a single positive class.
  warnings.warn(

2025-12-06 12:41:06,498:WARNING:C:\Users\dell\anaconda3\envs\churn_env\lib\site-packages\sklearn\metrics\_classification.py:1396: UserWarning: Note that pos_label (set to 'Yes') is ignored when average != 'binary' (got 'weighted'). You may use labels=[pos_label] to specify a single positive class.
  warnings.warn(

2025-12-06 12:41:06,518:WARNING:C:\Users\dell\anaconda3\envs\churn_env\lib\site-packages\sklearn\metrics\_classification.py:1396: UserWarning: Note that pos_label (set to 'Yes') is ignored when average != 'binary' (got 'weighted'). You may use labels=[pos_label] to specify a single positive class.
  warnings.warn(

2025-12-06 12:41:06,518:WARNING:C:\Users\dell\anaconda3\envs\churn_env\lib\site-packages\sklearn\metrics\_classification.py:1396: UserWarning: Note that pos_label (set to 'Yes') is ignored when average != 'binary' (got 'weighted'). You may use labels=[pos_label] to specify a single positive class.
  warnings.warn(

2025-12-06 12:41:06,527:WARNING:C:\Users\dell\anaconda3\envs\churn_env\lib\site-packages\sklearn\metrics\_classification.py:1396: UserWarning: Note that pos_label (set to 'Yes') is ignored when average != 'binary' (got 'weighted'). You may use labels=[pos_label] to specify a single positive class.
  warnings.warn(

2025-12-06 12:41:06,541:WARNING:C:\Users\dell\anaconda3\envs\churn_env\lib\site-packages\sklearn\metrics\_classification.py:1396: UserWarning: Note that pos_label (set to 'Yes') is ignored when average != 'binary' (got 'weighted'). You may use labels=[pos_label] to specify a single positive class.
  warnings.warn(

2025-12-06 12:41:06,543:WARNING:C:\Users\dell\anaconda3\envs\churn_env\lib\site-packages\sklearn\metrics\_classification.py:1396: UserWarning: Note that pos_label (set to 'Yes') is ignored when average != 'binary' (got 'weighted'). You may use labels=[pos_label] to specify a single positive class.
  warnings.warn(

2025-12-06 12:41:06,561:WARNING:C:\Users\dell\anaconda3\envs\churn_env\lib\site-packages\sklearn\metrics\_classification.py:1396: UserWarning: Note that pos_label (set to 'Yes') is ignored when average != 'binary' (got 'weighted'). You may use labels=[pos_label] to specify a single positive class.
  warnings.warn(

2025-12-06 12:41:06,586:WARNING:C:\Users\dell\anaconda3\envs\churn_env\lib\site-packages\sklearn\metrics\_classification.py:1396: UserWarning: Note that pos_label (set to 'Yes') is ignored when average != 'binary' (got 'weighted'). You may use labels=[pos_label] to specify a single positive class.
  warnings.warn(

2025-12-06 12:41:06,610:WARNING:C:\Users\dell\anaconda3\envs\churn_env\lib\site-packages\sklearn\metrics\_classification.py:1396: UserWarning: Note that pos_label (set to 'Yes') is ignored when average != 'binary' (got 'weighted'). You may use labels=[pos_label] to specify a single positive class.
  warnings.warn(

2025-12-06 12:41:08,037:WARNING:C:\Users\dell\anaconda3\envs\churn_env\lib\site-packages\sklearn\metrics\_classification.py:1396: UserWarning: Note that pos_label (set to 'Yes') is ignored when average != 'binary' (got 'weighted'). You may use labels=[pos_label] to specify a single positive class.
  warnings.warn(

2025-12-06 12:41:08,062:WARNING:C:\Users\dell\anaconda3\envs\churn_env\lib\site-packages\sklearn\metrics\_classification.py:1396: UserWarning: Note that pos_label (set to 'Yes') is ignored when average != 'binary' (got 'weighted'). You may use labels=[pos_label] to specify a single positive class.
  warnings.warn(

2025-12-06 12:41:08,088:WARNING:C:\Users\dell\anaconda3\envs\churn_env\lib\site-packages\sklearn\metrics\_classification.py:1396: UserWarning: Note that pos_label (set to 'Yes') is ignored when average != 'binary' (got 'weighted'). You may use labels=[pos_label] to specify a single positive class.
  warnings.warn(

2025-12-06 12:41:08,205:WARNING:C:\Users\dell\anaconda3\envs\churn_env\lib\site-packages\sklearn\metrics\_classification.py:1396: UserWarning: Note that pos_label (set to 'Yes') is ignored when average != 'binary' (got 'weighted'). You may use labels=[pos_label] to specify a single positive class.
  warnings.warn(

2025-12-06 12:41:08,215:WARNING:C:\Users\dell\anaconda3\envs\churn_env\lib\site-packages\sklearn\metrics\_classification.py:1396: UserWarning: Note that pos_label (set to 'Yes') is ignored when average != 'binary' (got 'weighted'). You may use labels=[pos_label] to specify a single positive class.
  warnings.warn(

2025-12-06 12:41:08,225:WARNING:C:\Users\dell\anaconda3\envs\churn_env\lib\site-packages\sklearn\metrics\_classification.py:1396: UserWarning: Note that pos_label (set to 'Yes') is ignored when average != 'binary' (got 'weighted'). You may use labels=[pos_label] to specify a single positive class.
  warnings.warn(

2025-12-06 12:41:08,239:INFO:Calculating mean and std
2025-12-06 12:41:08,239:INFO:Creating metrics dataframe
2025-12-06 12:41:08,245:INFO:Uploading results into container
2025-12-06 12:41:08,245:INFO:Uploading model into container now
2025-12-06 12:41:08,245:INFO:_master_model_container: 2
2025-12-06 12:41:08,245:INFO:_display_container: 2
2025-12-06 12:41:08,251:INFO:KNeighborsClassifier(algorithm='auto', leaf_size=30, metric='minkowski',
                     metric_params=None, n_jobs=-1, n_neighbors=5, p=2,
                     weights='uniform')
2025-12-06 12:41:08,251:INFO:create_model() successfully completed......................................
2025-12-06 12:41:08,546:INFO:SubProcess create_model() end ==================================
2025-12-06 12:41:08,546:INFO:Creating metrics dataframe
2025-12-06 12:41:08,565:INFO:Initializing Naive Bayes
2025-12-06 12:41:08,565:INFO:Total runtime is 0.36505733331044515 minutes
2025-12-06 12:41:08,568:INFO:SubProcess create_model() called ==================================
2025-12-06 12:41:08,572:INFO:Initializing create_model()
2025-12-06 12:41:08,574:INFO:create_model(self=<pycaret.classification.oop.ClassificationExperiment object at 0x0000012B4EC96850>, estimator=nb, fold=StratifiedKFold(n_splits=10, random_state=None, shuffle=False), round=4, cross_validation=True, predict=True, fit_kwargs={}, groups=None, refit=False, probability_threshold=None, experiment_custom_tags=None, verbose=False, system=False, add_to_model_list=True, metrics=None, display=<pycaret.internal.display.display.CommonDisplay object at 0x0000012B7665C5E0>, model_only=True, return_train_score=False, error_score=0.0, kwargs={})
2025-12-06 12:41:08,574:INFO:Checking exceptions
2025-12-06 12:41:08,574:INFO:Importing libraries
2025-12-06 12:41:08,574:INFO:Copying training dataset
2025-12-06 12:41:08,592:INFO:Defining folds
2025-12-06 12:41:08,593:INFO:Declaring metric variables
2025-12-06 12:41:08,593:INFO:Importing untrained model
2025-12-06 12:41:08,595:INFO:Naive Bayes Imported successfully
2025-12-06 12:41:08,597:INFO:Starting cross validation
2025-12-06 12:41:08,608:INFO:Cross validating with StratifiedKFold(n_splits=10, random_state=None, shuffle=False), n_jobs=-1
2025-12-06 12:41:10,041:WARNING:C:\Users\dell\anaconda3\envs\churn_env\lib\site-packages\sklearn\metrics\_classification.py:1396: UserWarning: Note that pos_label (set to 'Yes') is ignored when average != 'binary' (got 'weighted'). You may use labels=[pos_label] to specify a single positive class.
  warnings.warn(

2025-12-06 12:41:10,056:WARNING:C:\Users\dell\anaconda3\envs\churn_env\lib\site-packages\sklearn\metrics\_classification.py:1396: UserWarning: Note that pos_label (set to 'Yes') is ignored when average != 'binary' (got 'weighted'). You may use labels=[pos_label] to specify a single positive class.
  warnings.warn(

2025-12-06 12:41:10,057:WARNING:C:\Users\dell\anaconda3\envs\churn_env\lib\site-packages\sklearn\metrics\_classification.py:1396: UserWarning: Note that pos_label (set to 'Yes') is ignored when average != 'binary' (got 'weighted'). You may use labels=[pos_label] to specify a single positive class.
  warnings.warn(

2025-12-06 12:41:10,062:WARNING:C:\Users\dell\anaconda3\envs\churn_env\lib\site-packages\sklearn\metrics\_classification.py:1344: UndefinedMetricWarning: Precision is ill-defined and being set to 0.0 in labels with no predicted samples. Use `zero_division` parameter to control this behavior.
  _warn_prf(average, modifier, msg_start, len(result))

2025-12-06 12:41:10,068:WARNING:C:\Users\dell\anaconda3\envs\churn_env\lib\site-packages\sklearn\metrics\_classification.py:1396: UserWarning: Note that pos_label (set to 'Yes') is ignored when average != 'binary' (got 'weighted'). You may use labels=[pos_label] to specify a single positive class.
  warnings.warn(

2025-12-06 12:41:10,068:WARNING:C:\Users\dell\anaconda3\envs\churn_env\lib\site-packages\sklearn\metrics\_classification.py:1396: UserWarning: Note that pos_label (set to 'Yes') is ignored when average != 'binary' (got 'weighted'). You may use labels=[pos_label] to specify a single positive class.
  warnings.warn(

2025-12-06 12:41:10,074:WARNING:C:\Users\dell\anaconda3\envs\churn_env\lib\site-packages\sklearn\metrics\_classification.py:1344: UndefinedMetricWarning: Precision is ill-defined and being set to 0.0 in labels with no predicted samples. Use `zero_division` parameter to control this behavior.
  _warn_prf(average, modifier, msg_start, len(result))

2025-12-06 12:41:10,081:WARNING:C:\Users\dell\anaconda3\envs\churn_env\lib\site-packages\sklearn\metrics\_classification.py:1396: UserWarning: Note that pos_label (set to 'Yes') is ignored when average != 'binary' (got 'weighted'). You may use labels=[pos_label] to specify a single positive class.
  warnings.warn(

2025-12-06 12:41:10,238:WARNING:C:\Users\dell\anaconda3\envs\churn_env\lib\site-packages\sklearn\metrics\_classification.py:1396: UserWarning: Note that pos_label (set to 'Yes') is ignored when average != 'binary' (got 'weighted'). You may use labels=[pos_label] to specify a single positive class.
  warnings.warn(

2025-12-06 12:41:10,249:WARNING:C:\Users\dell\anaconda3\envs\churn_env\lib\site-packages\sklearn\metrics\_classification.py:1396: UserWarning: Note that pos_label (set to 'Yes') is ignored when average != 'binary' (got 'weighted'). You may use labels=[pos_label] to specify a single positive class.
  warnings.warn(

2025-12-06 12:41:10,258:WARNING:C:\Users\dell\anaconda3\envs\churn_env\lib\site-packages\sklearn\metrics\_classification.py:1344: UndefinedMetricWarning: Precision is ill-defined and being set to 0.0 in labels with no predicted samples. Use `zero_division` parameter to control this behavior.
  _warn_prf(average, modifier, msg_start, len(result))

2025-12-06 12:41:10,265:WARNING:C:\Users\dell\anaconda3\envs\churn_env\lib\site-packages\sklearn\metrics\_classification.py:1396: UserWarning: Note that pos_label (set to 'Yes') is ignored when average != 'binary' (got 'weighted'). You may use labels=[pos_label] to specify a single positive class.
  warnings.warn(

2025-12-06 12:41:10,378:WARNING:C:\Users\dell\anaconda3\envs\churn_env\lib\site-packages\sklearn\metrics\_classification.py:1396: UserWarning: Note that pos_label (set to 'Yes') is ignored when average != 'binary' (got 'weighted'). You may use labels=[pos_label] to specify a single positive class.
  warnings.warn(

2025-12-06 12:41:10,386:WARNING:C:\Users\dell\anaconda3\envs\churn_env\lib\site-packages\sklearn\metrics\_classification.py:1396: UserWarning: Note that pos_label (set to 'Yes') is ignored when average != 'binary' (got 'weighted'). You may use labels=[pos_label] to specify a single positive class.
  warnings.warn(

2025-12-06 12:41:10,389:WARNING:C:\Users\dell\anaconda3\envs\churn_env\lib\site-packages\sklearn\metrics\_classification.py:1396: UserWarning: Note that pos_label (set to 'Yes') is ignored when average != 'binary' (got 'weighted'). You may use labels=[pos_label] to specify a single positive class.
  warnings.warn(

2025-12-06 12:41:10,394:WARNING:C:\Users\dell\anaconda3\envs\churn_env\lib\site-packages\sklearn\metrics\_classification.py:1344: UndefinedMetricWarning: Precision is ill-defined and being set to 0.0 in labels with no predicted samples. Use `zero_division` parameter to control this behavior.
  _warn_prf(average, modifier, msg_start, len(result))

2025-12-06 12:41:10,396:WARNING:C:\Users\dell\anaconda3\envs\churn_env\lib\site-packages\sklearn\metrics\_classification.py:1396: UserWarning: Note that pos_label (set to 'Yes') is ignored when average != 'binary' (got 'weighted'). You may use labels=[pos_label] to specify a single positive class.
  warnings.warn(

2025-12-06 12:41:10,398:WARNING:C:\Users\dell\anaconda3\envs\churn_env\lib\site-packages\sklearn\metrics\_classification.py:1396: UserWarning: Note that pos_label (set to 'Yes') is ignored when average != 'binary' (got 'weighted'). You may use labels=[pos_label] to specify a single positive class.
  warnings.warn(

2025-12-06 12:41:10,400:WARNING:C:\Users\dell\anaconda3\envs\churn_env\lib\site-packages\sklearn\metrics\_classification.py:1344: UndefinedMetricWarning: Precision is ill-defined and being set to 0.0 in labels with no predicted samples. Use `zero_division` parameter to control this behavior.
  _warn_prf(average, modifier, msg_start, len(result))

2025-12-06 12:41:10,407:WARNING:C:\Users\dell\anaconda3\envs\churn_env\lib\site-packages\sklearn\metrics\_classification.py:1396: UserWarning: Note that pos_label (set to 'Yes') is ignored when average != 'binary' (got 'weighted'). You may use labels=[pos_label] to specify a single positive class.
  warnings.warn(

2025-12-06 12:41:10,411:WARNING:C:\Users\dell\anaconda3\envs\churn_env\lib\site-packages\sklearn\metrics\_classification.py:1396: UserWarning: Note that pos_label (set to 'Yes') is ignored when average != 'binary' (got 'weighted'). You may use labels=[pos_label] to specify a single positive class.
  warnings.warn(

2025-12-06 12:41:10,412:WARNING:C:\Users\dell\anaconda3\envs\churn_env\lib\site-packages\sklearn\metrics\_classification.py:1396: UserWarning: Note that pos_label (set to 'Yes') is ignored when average != 'binary' (got 'weighted'). You may use labels=[pos_label] to specify a single positive class.
  warnings.warn(

2025-12-06 12:41:10,421:WARNING:C:\Users\dell\anaconda3\envs\churn_env\lib\site-packages\sklearn\metrics\_classification.py:1396: UserWarning: Note that pos_label (set to 'Yes') is ignored when average != 'binary' (got 'weighted'). You may use labels=[pos_label] to specify a single positive class.
  warnings.warn(

2025-12-06 12:41:10,423:WARNING:C:\Users\dell\anaconda3\envs\churn_env\lib\site-packages\sklearn\metrics\_classification.py:1396: UserWarning: Note that pos_label (set to 'Yes') is ignored when average != 'binary' (got 'weighted'). You may use labels=[pos_label] to specify a single positive class.
  warnings.warn(

2025-12-06 12:41:10,425:WARNING:C:\Users\dell\anaconda3\envs\churn_env\lib\site-packages\sklearn\metrics\_classification.py:1396: UserWarning: Note that pos_label (set to 'Yes') is ignored when average != 'binary' (got 'weighted'). You may use labels=[pos_label] to specify a single positive class.
  warnings.warn(

2025-12-06 12:41:10,428:WARNING:C:\Users\dell\anaconda3\envs\churn_env\lib\site-packages\sklearn\metrics\_classification.py:1344: UndefinedMetricWarning: Precision is ill-defined and being set to 0.0 in labels with no predicted samples. Use `zero_division` parameter to control this behavior.
  _warn_prf(average, modifier, msg_start, len(result))

2025-12-06 12:41:10,430:WARNING:C:\Users\dell\anaconda3\envs\churn_env\lib\site-packages\sklearn\metrics\_classification.py:1344: UndefinedMetricWarning: Precision is ill-defined and being set to 0.0 in labels with no predicted samples. Use `zero_division` parameter to control this behavior.
  _warn_prf(average, modifier, msg_start, len(result))

2025-12-06 12:41:10,432:WARNING:C:\Users\dell\anaconda3\envs\churn_env\lib\site-packages\sklearn\metrics\_classification.py:1396: UserWarning: Note that pos_label (set to 'Yes') is ignored when average != 'binary' (got 'weighted'). You may use labels=[pos_label] to specify a single positive class.
  warnings.warn(

2025-12-06 12:41:10,432:WARNING:C:\Users\dell\anaconda3\envs\churn_env\lib\site-packages\sklearn\metrics\_classification.py:1396: UserWarning: Note that pos_label (set to 'Yes') is ignored when average != 'binary' (got 'weighted'). You may use labels=[pos_label] to specify a single positive class.
  warnings.warn(

2025-12-06 12:41:10,435:WARNING:C:\Users\dell\anaconda3\envs\churn_env\lib\site-packages\sklearn\metrics\_classification.py:1396: UserWarning: Note that pos_label (set to 'Yes') is ignored when average != 'binary' (got 'weighted'). You may use labels=[pos_label] to specify a single positive class.
  warnings.warn(

2025-12-06 12:41:10,436:WARNING:C:\Users\dell\anaconda3\envs\churn_env\lib\site-packages\sklearn\metrics\_classification.py:1344: UndefinedMetricWarning: Precision is ill-defined and being set to 0.0 in labels with no predicted samples. Use `zero_division` parameter to control this behavior.
  _warn_prf(average, modifier, msg_start, len(result))

2025-12-06 12:41:10,441:WARNING:C:\Users\dell\anaconda3\envs\churn_env\lib\site-packages\sklearn\metrics\_classification.py:1396: UserWarning: Note that pos_label (set to 'Yes') is ignored when average != 'binary' (got 'weighted'). You may use labels=[pos_label] to specify a single positive class.
  warnings.warn(

2025-12-06 12:41:11,051:WARNING:C:\Users\dell\anaconda3\envs\churn_env\lib\site-packages\sklearn\metrics\_classification.py:1396: UserWarning: Note that pos_label (set to 'Yes') is ignored when average != 'binary' (got 'weighted'). You may use labels=[pos_label] to specify a single positive class.
  warnings.warn(

2025-12-06 12:41:11,057:WARNING:C:\Users\dell\anaconda3\envs\churn_env\lib\site-packages\sklearn\metrics\_classification.py:1396: UserWarning: Note that pos_label (set to 'Yes') is ignored when average != 'binary' (got 'weighted'). You may use labels=[pos_label] to specify a single positive class.
  warnings.warn(

2025-12-06 12:41:11,067:WARNING:C:\Users\dell\anaconda3\envs\churn_env\lib\site-packages\sklearn\metrics\_classification.py:1396: UserWarning: Note that pos_label (set to 'Yes') is ignored when average != 'binary' (got 'weighted'). You may use labels=[pos_label] to specify a single positive class.
  warnings.warn(

2025-12-06 12:41:11,070:WARNING:C:\Users\dell\anaconda3\envs\churn_env\lib\site-packages\sklearn\metrics\_classification.py:1396: UserWarning: Note that pos_label (set to 'Yes') is ignored when average != 'binary' (got 'weighted'). You may use labels=[pos_label] to specify a single positive class.
  warnings.warn(

2025-12-06 12:41:11,072:WARNING:C:\Users\dell\anaconda3\envs\churn_env\lib\site-packages\sklearn\metrics\_classification.py:1344: UndefinedMetricWarning: Precision is ill-defined and being set to 0.0 in labels with no predicted samples. Use `zero_division` parameter to control this behavior.
  _warn_prf(average, modifier, msg_start, len(result))

2025-12-06 12:41:11,077:WARNING:C:\Users\dell\anaconda3\envs\churn_env\lib\site-packages\sklearn\metrics\_classification.py:1344: UndefinedMetricWarning: Precision is ill-defined and being set to 0.0 in labels with no predicted samples. Use `zero_division` parameter to control this behavior.
  _warn_prf(average, modifier, msg_start, len(result))

2025-12-06 12:41:11,077:WARNING:C:\Users\dell\anaconda3\envs\churn_env\lib\site-packages\sklearn\metrics\_classification.py:1396: UserWarning: Note that pos_label (set to 'Yes') is ignored when average != 'binary' (got 'weighted'). You may use labels=[pos_label] to specify a single positive class.
  warnings.warn(

2025-12-06 12:41:11,083:WARNING:C:\Users\dell\anaconda3\envs\churn_env\lib\site-packages\sklearn\metrics\_classification.py:1396: UserWarning: Note that pos_label (set to 'Yes') is ignored when average != 'binary' (got 'weighted'). You may use labels=[pos_label] to specify a single positive class.
  warnings.warn(

2025-12-06 12:41:11,100:INFO:Calculating mean and std
2025-12-06 12:41:11,101:INFO:Creating metrics dataframe
2025-12-06 12:41:11,116:INFO:Uploading results into container
2025-12-06 12:41:11,118:INFO:Uploading model into container now
2025-12-06 12:41:11,119:INFO:_master_model_container: 3
2025-12-06 12:41:11,119:INFO:_display_container: 2
2025-12-06 12:41:11,120:INFO:GaussianNB(priors=None, var_smoothing=1e-09)
2025-12-06 12:41:11,120:INFO:create_model() successfully completed......................................
2025-12-06 12:41:11,276:INFO:SubProcess create_model() end ==================================
2025-12-06 12:41:11,276:INFO:Creating metrics dataframe
2025-12-06 12:41:11,292:INFO:Initializing Decision Tree Classifier
2025-12-06 12:41:11,292:INFO:Total runtime is 0.4105164845784505 minutes
2025-12-06 12:41:11,293:INFO:SubProcess create_model() called ==================================
2025-12-06 12:41:11,294:INFO:Initializing create_model()
2025-12-06 12:41:11,294:INFO:create_model(self=<pycaret.classification.oop.ClassificationExperiment object at 0x0000012B4EC96850>, estimator=dt, fold=StratifiedKFold(n_splits=10, random_state=None, shuffle=False), round=4, cross_validation=True, predict=True, fit_kwargs={}, groups=None, refit=False, probability_threshold=None, experiment_custom_tags=None, verbose=False, system=False, add_to_model_list=True, metrics=None, display=<pycaret.internal.display.display.CommonDisplay object at 0x0000012B7665C5E0>, model_only=True, return_train_score=False, error_score=0.0, kwargs={})
2025-12-06 12:41:11,294:INFO:Checking exceptions
2025-12-06 12:41:11,294:INFO:Importing libraries
2025-12-06 12:41:11,294:INFO:Copying training dataset
2025-12-06 12:41:11,312:INFO:Defining folds
2025-12-06 12:41:11,312:INFO:Declaring metric variables
2025-12-06 12:41:11,312:INFO:Importing untrained model
2025-12-06 12:41:11,313:INFO:Decision Tree Classifier Imported successfully
2025-12-06 12:41:11,314:INFO:Starting cross validation
2025-12-06 12:41:11,319:INFO:Cross validating with StratifiedKFold(n_splits=10, random_state=None, shuffle=False), n_jobs=-1
2025-12-06 12:41:12,856:WARNING:C:\Users\dell\anaconda3\envs\churn_env\lib\site-packages\sklearn\metrics\_classification.py:1396: UserWarning: Note that pos_label (set to 'Yes') is ignored when average != 'binary' (got 'weighted'). You may use labels=[pos_label] to specify a single positive class.
  warnings.warn(

2025-12-06 12:41:12,863:WARNING:C:\Users\dell\anaconda3\envs\churn_env\lib\site-packages\sklearn\metrics\_classification.py:1396: UserWarning: Note that pos_label (set to 'Yes') is ignored when average != 'binary' (got 'weighted'). You may use labels=[pos_label] to specify a single positive class.
  warnings.warn(

2025-12-06 12:41:12,865:WARNING:C:\Users\dell\anaconda3\envs\churn_env\lib\site-packages\sklearn\metrics\_classification.py:1396: UserWarning: Note that pos_label (set to 'Yes') is ignored when average != 'binary' (got 'weighted'). You may use labels=[pos_label] to specify a single positive class.
  warnings.warn(

2025-12-06 12:41:12,867:WARNING:C:\Users\dell\anaconda3\envs\churn_env\lib\site-packages\sklearn\metrics\_classification.py:1396: UserWarning: Note that pos_label (set to 'Yes') is ignored when average != 'binary' (got 'weighted'). You may use labels=[pos_label] to specify a single positive class.
  warnings.warn(

2025-12-06 12:41:12,872:WARNING:C:\Users\dell\anaconda3\envs\churn_env\lib\site-packages\sklearn\metrics\_classification.py:1344: UndefinedMetricWarning: Precision is ill-defined and being set to 0.0 in labels with no predicted samples. Use `zero_division` parameter to control this behavior.
  _warn_prf(average, modifier, msg_start, len(result))

2025-12-06 12:41:12,874:WARNING:C:\Users\dell\anaconda3\envs\churn_env\lib\site-packages\sklearn\metrics\_classification.py:1396: UserWarning: Note that pos_label (set to 'Yes') is ignored when average != 'binary' (got 'weighted'). You may use labels=[pos_label] to specify a single positive class.
  warnings.warn(

2025-12-06 12:41:12,876:WARNING:C:\Users\dell\anaconda3\envs\churn_env\lib\site-packages\sklearn\metrics\_classification.py:1396: UserWarning: Note that pos_label (set to 'Yes') is ignored when average != 'binary' (got 'weighted'). You may use labels=[pos_label] to specify a single positive class.
  warnings.warn(

2025-12-06 12:41:12,877:WARNING:C:\Users\dell\anaconda3\envs\churn_env\lib\site-packages\sklearn\metrics\_classification.py:1396: UserWarning: Note that pos_label (set to 'Yes') is ignored when average != 'binary' (got 'weighted'). You may use labels=[pos_label] to specify a single positive class.
  warnings.warn(

2025-12-06 12:41:12,877:WARNING:C:\Users\dell\anaconda3\envs\churn_env\lib\site-packages\sklearn\metrics\_classification.py:1344: UndefinedMetricWarning: Precision is ill-defined and being set to 0.0 in labels with no predicted samples. Use `zero_division` parameter to control this behavior.
  _warn_prf(average, modifier, msg_start, len(result))

2025-12-06 12:41:12,881:WARNING:C:\Users\dell\anaconda3\envs\churn_env\lib\site-packages\sklearn\metrics\_classification.py:1344: UndefinedMetricWarning: Precision is ill-defined and being set to 0.0 in labels with no predicted samples. Use `zero_division` parameter to control this behavior.
  _warn_prf(average, modifier, msg_start, len(result))

2025-12-06 12:41:12,883:WARNING:C:\Users\dell\anaconda3\envs\churn_env\lib\site-packages\sklearn\metrics\_classification.py:1396: UserWarning: Note that pos_label (set to 'Yes') is ignored when average != 'binary' (got 'weighted'). You may use labels=[pos_label] to specify a single positive class.
  warnings.warn(

2025-12-06 12:41:12,886:WARNING:C:\Users\dell\anaconda3\envs\churn_env\lib\site-packages\sklearn\metrics\_classification.py:1396: UserWarning: Note that pos_label (set to 'Yes') is ignored when average != 'binary' (got 'weighted'). You may use labels=[pos_label] to specify a single positive class.
  warnings.warn(

2025-12-06 12:41:12,968:WARNING:C:\Users\dell\anaconda3\envs\churn_env\lib\site-packages\sklearn\metrics\_classification.py:1396: UserWarning: Note that pos_label (set to 'Yes') is ignored when average != 'binary' (got 'weighted'). You may use labels=[pos_label] to specify a single positive class.
  warnings.warn(

2025-12-06 12:41:12,983:WARNING:C:\Users\dell\anaconda3\envs\churn_env\lib\site-packages\sklearn\metrics\_classification.py:1396: UserWarning: Note that pos_label (set to 'Yes') is ignored when average != 'binary' (got 'weighted'). You may use labels=[pos_label] to specify a single positive class.
  warnings.warn(

2025-12-06 12:41:12,992:WARNING:C:\Users\dell\anaconda3\envs\churn_env\lib\site-packages\sklearn\metrics\_classification.py:1344: UndefinedMetricWarning: Precision is ill-defined and being set to 0.0 in labels with no predicted samples. Use `zero_division` parameter to control this behavior.
  _warn_prf(average, modifier, msg_start, len(result))

2025-12-06 12:41:12,996:WARNING:C:\Users\dell\anaconda3\envs\churn_env\lib\site-packages\sklearn\metrics\_classification.py:1396: UserWarning: Note that pos_label (set to 'Yes') is ignored when average != 'binary' (got 'weighted'). You may use labels=[pos_label] to specify a single positive class.
  warnings.warn(

2025-12-06 12:41:13,038:WARNING:C:\Users\dell\anaconda3\envs\churn_env\lib\site-packages\sklearn\metrics\_classification.py:1396: UserWarning: Note that pos_label (set to 'Yes') is ignored when average != 'binary' (got 'weighted'). You may use labels=[pos_label] to specify a single positive class.
  warnings.warn(

2025-12-06 12:41:13,047:WARNING:C:\Users\dell\anaconda3\envs\churn_env\lib\site-packages\sklearn\metrics\_classification.py:1396: UserWarning: Note that pos_label (set to 'Yes') is ignored when average != 'binary' (got 'weighted'). You may use labels=[pos_label] to specify a single positive class.
  warnings.warn(

2025-12-06 12:41:13,050:WARNING:C:\Users\dell\anaconda3\envs\churn_env\lib\site-packages\sklearn\metrics\_classification.py:1396: UserWarning: Note that pos_label (set to 'Yes') is ignored when average != 'binary' (got 'weighted'). You may use labels=[pos_label] to specify a single positive class.
  warnings.warn(

2025-12-06 12:41:13,051:WARNING:C:\Users\dell\anaconda3\envs\churn_env\lib\site-packages\sklearn\metrics\_classification.py:1344: UndefinedMetricWarning: Precision is ill-defined and being set to 0.0 in labels with no predicted samples. Use `zero_division` parameter to control this behavior.
  _warn_prf(average, modifier, msg_start, len(result))

2025-12-06 12:41:13,055:WARNING:C:\Users\dell\anaconda3\envs\churn_env\lib\site-packages\sklearn\metrics\_classification.py:1396: UserWarning: Note that pos_label (set to 'Yes') is ignored when average != 'binary' (got 'weighted'). You may use labels=[pos_label] to specify a single positive class.
  warnings.warn(

2025-12-06 12:41:13,058:WARNING:C:\Users\dell\anaconda3\envs\churn_env\lib\site-packages\sklearn\metrics\_classification.py:1396: UserWarning: Note that pos_label (set to 'Yes') is ignored when average != 'binary' (got 'weighted'). You may use labels=[pos_label] to specify a single positive class.
  warnings.warn(

2025-12-06 12:41:13,064:WARNING:C:\Users\dell\anaconda3\envs\churn_env\lib\site-packages\sklearn\metrics\_classification.py:1344: UndefinedMetricWarning: Precision is ill-defined and being set to 0.0 in labels with no predicted samples. Use `zero_division` parameter to control this behavior.
  _warn_prf(average, modifier, msg_start, len(result))

2025-12-06 12:41:13,068:WARNING:C:\Users\dell\anaconda3\envs\churn_env\lib\site-packages\sklearn\metrics\_classification.py:1396: UserWarning: Note that pos_label (set to 'Yes') is ignored when average != 'binary' (got 'weighted'). You may use labels=[pos_label] to specify a single positive class.
  warnings.warn(

2025-12-06 12:41:13,083:WARNING:C:\Users\dell\anaconda3\envs\churn_env\lib\site-packages\sklearn\metrics\_classification.py:1396: UserWarning: Note that pos_label (set to 'Yes') is ignored when average != 'binary' (got 'weighted'). You may use labels=[pos_label] to specify a single positive class.
  warnings.warn(

2025-12-06 12:41:13,093:WARNING:C:\Users\dell\anaconda3\envs\churn_env\lib\site-packages\sklearn\metrics\_classification.py:1396: UserWarning: Note that pos_label (set to 'Yes') is ignored when average != 'binary' (got 'weighted'). You may use labels=[pos_label] to specify a single positive class.
  warnings.warn(

2025-12-06 12:41:13,097:WARNING:C:\Users\dell\anaconda3\envs\churn_env\lib\site-packages\sklearn\metrics\_classification.py:1344: UndefinedMetricWarning: Precision is ill-defined and being set to 0.0 in labels with no predicted samples. Use `zero_division` parameter to control this behavior.
  _warn_prf(average, modifier, msg_start, len(result))

2025-12-06 12:41:13,100:WARNING:C:\Users\dell\anaconda3\envs\churn_env\lib\site-packages\sklearn\metrics\_classification.py:1396: UserWarning: Note that pos_label (set to 'Yes') is ignored when average != 'binary' (got 'weighted'). You may use labels=[pos_label] to specify a single positive class.
  warnings.warn(

2025-12-06 12:41:13,105:WARNING:C:\Users\dell\anaconda3\envs\churn_env\lib\site-packages\sklearn\metrics\_classification.py:1396: UserWarning: Note that pos_label (set to 'Yes') is ignored when average != 'binary' (got 'weighted'). You may use labels=[pos_label] to specify a single positive class.
  warnings.warn(

2025-12-06 12:41:13,113:WARNING:C:\Users\dell\anaconda3\envs\churn_env\lib\site-packages\sklearn\metrics\_classification.py:1396: UserWarning: Note that pos_label (set to 'Yes') is ignored when average != 'binary' (got 'weighted'). You may use labels=[pos_label] to specify a single positive class.
  warnings.warn(

2025-12-06 12:41:13,119:WARNING:C:\Users\dell\anaconda3\envs\churn_env\lib\site-packages\sklearn\metrics\_classification.py:1344: UndefinedMetricWarning: Precision is ill-defined and being set to 0.0 in labels with no predicted samples. Use `zero_division` parameter to control this behavior.
  _warn_prf(average, modifier, msg_start, len(result))

2025-12-06 12:41:13,124:WARNING:C:\Users\dell\anaconda3\envs\churn_env\lib\site-packages\sklearn\metrics\_classification.py:1396: UserWarning: Note that pos_label (set to 'Yes') is ignored when average != 'binary' (got 'weighted'). You may use labels=[pos_label] to specify a single positive class.
  warnings.warn(

2025-12-06 12:41:13,684:WARNING:C:\Users\dell\anaconda3\envs\churn_env\lib\site-packages\sklearn\metrics\_classification.py:1396: UserWarning: Note that pos_label (set to 'Yes') is ignored when average != 'binary' (got 'weighted'). You may use labels=[pos_label] to specify a single positive class.
  warnings.warn(

2025-12-06 12:41:13,696:WARNING:C:\Users\dell\anaconda3\envs\churn_env\lib\site-packages\sklearn\metrics\_classification.py:1396: UserWarning: Note that pos_label (set to 'Yes') is ignored when average != 'binary' (got 'weighted'). You may use labels=[pos_label] to specify a single positive class.
  warnings.warn(

2025-12-06 12:41:13,696:WARNING:C:\Users\dell\anaconda3\envs\churn_env\lib\site-packages\sklearn\metrics\_classification.py:1396: UserWarning: Note that pos_label (set to 'Yes') is ignored when average != 'binary' (got 'weighted'). You may use labels=[pos_label] to specify a single positive class.
  warnings.warn(

2025-12-06 12:41:13,702:WARNING:C:\Users\dell\anaconda3\envs\churn_env\lib\site-packages\sklearn\metrics\_classification.py:1344: UndefinedMetricWarning: Precision is ill-defined and being set to 0.0 in labels with no predicted samples. Use `zero_division` parameter to control this behavior.
  _warn_prf(average, modifier, msg_start, len(result))

2025-12-06 12:41:13,707:WARNING:C:\Users\dell\anaconda3\envs\churn_env\lib\site-packages\sklearn\metrics\_classification.py:1396: UserWarning: Note that pos_label (set to 'Yes') is ignored when average != 'binary' (got 'weighted'). You may use labels=[pos_label] to specify a single positive class.
  warnings.warn(

2025-12-06 12:41:13,708:WARNING:C:\Users\dell\anaconda3\envs\churn_env\lib\site-packages\sklearn\metrics\_classification.py:1396: UserWarning: Note that pos_label (set to 'Yes') is ignored when average != 'binary' (got 'weighted'). You may use labels=[pos_label] to specify a single positive class.
  warnings.warn(

2025-12-06 12:41:13,712:WARNING:C:\Users\dell\anaconda3\envs\churn_env\lib\site-packages\sklearn\metrics\_classification.py:1344: UndefinedMetricWarning: Precision is ill-defined and being set to 0.0 in labels with no predicted samples. Use `zero_division` parameter to control this behavior.
  _warn_prf(average, modifier, msg_start, len(result))

2025-12-06 12:41:13,716:WARNING:C:\Users\dell\anaconda3\envs\churn_env\lib\site-packages\sklearn\metrics\_classification.py:1396: UserWarning: Note that pos_label (set to 'Yes') is ignored when average != 'binary' (got 'weighted'). You may use labels=[pos_label] to specify a single positive class.
  warnings.warn(

2025-12-06 12:41:13,726:INFO:Calculating mean and std
2025-12-06 12:41:13,726:INFO:Creating metrics dataframe
2025-12-06 12:41:13,726:INFO:Uploading results into container
2025-12-06 12:41:13,738:INFO:Uploading model into container now
2025-12-06 12:41:13,739:INFO:_master_model_container: 4
2025-12-06 12:41:13,739:INFO:_display_container: 2
2025-12-06 12:41:13,740:INFO:DecisionTreeClassifier(ccp_alpha=0.0, class_weight=None, criterion='gini',
                       max_depth=None, max_features=None, max_leaf_nodes=None,
                       min_impurity_decrease=0.0, min_samples_leaf=1,
                       min_samples_split=2, min_weight_fraction_leaf=0.0,
                       random_state=123, splitter='best')
2025-12-06 12:41:13,740:INFO:create_model() successfully completed......................................
2025-12-06 12:41:13,857:INFO:SubProcess create_model() end ==================================
2025-12-06 12:41:13,857:INFO:Creating metrics dataframe
2025-12-06 12:41:13,864:INFO:Initializing SVM - Linear Kernel
2025-12-06 12:41:13,864:INFO:Total runtime is 0.45337483088175456 minutes
2025-12-06 12:41:13,864:INFO:SubProcess create_model() called ==================================
2025-12-06 12:41:13,864:INFO:Initializing create_model()
2025-12-06 12:41:13,864:INFO:create_model(self=<pycaret.classification.oop.ClassificationExperiment object at 0x0000012B4EC96850>, estimator=svm, fold=StratifiedKFold(n_splits=10, random_state=None, shuffle=False), round=4, cross_validation=True, predict=True, fit_kwargs={}, groups=None, refit=False, probability_threshold=None, experiment_custom_tags=None, verbose=False, system=False, add_to_model_list=True, metrics=None, display=<pycaret.internal.display.display.CommonDisplay object at 0x0000012B7665C5E0>, model_only=True, return_train_score=False, error_score=0.0, kwargs={})
2025-12-06 12:41:13,864:INFO:Checking exceptions
2025-12-06 12:41:13,864:INFO:Importing libraries
2025-12-06 12:41:13,864:INFO:Copying training dataset
2025-12-06 12:41:13,864:INFO:Defining folds
2025-12-06 12:41:13,864:INFO:Declaring metric variables
2025-12-06 12:41:13,864:INFO:Importing untrained model
2025-12-06 12:41:13,864:INFO:SVM - Linear Kernel Imported successfully
2025-12-06 12:41:13,864:INFO:Starting cross validation
2025-12-06 12:41:13,880:INFO:Cross validating with StratifiedKFold(n_splits=10, random_state=None, shuffle=False), n_jobs=-1
2025-12-06 12:41:15,101:WARNING:C:\Users\dell\anaconda3\envs\churn_env\lib\site-packages\pycaret\internal\metrics.py:190: FitFailedWarning: Metric 'make_scorer(roc_auc_score, needs_proba=True, error_score=0.0, average=weighted, multi_class=ovr)' failed and error score 0.0 has been returned instead. If this is a custom metric, this usually means that the error is in the metric code. Full exception below:
Traceback (most recent call last):
  File "C:\Users\dell\anaconda3\envs\churn_env\lib\site-packages\sklearn\metrics\_scorer.py", line 76, in _cached_call
    return cache[method]
KeyError: 'predict_proba'

During handling of the above exception, another exception occurred:

Traceback (most recent call last):
  File "C:\Users\dell\anaconda3\envs\churn_env\lib\site-packages\pycaret\internal\metrics.py", line 182, in _score
    return super()._score(
  File "C:\Users\dell\anaconda3\envs\churn_env\lib\site-packages\sklearn\metrics\_scorer.py", line 316, in _score
    y_pred = method_caller(clf, "predict_proba", X)
  File "C:\Users\dell\anaconda3\envs\churn_env\lib\site-packages\sklearn\metrics\_scorer.py", line 78, in _cached_call
    result = getattr(estimator, method)(*args, **kwargs)
  File "C:\Users\dell\anaconda3\envs\churn_env\lib\site-packages\pycaret\internal\pipeline.py", line 127, in __getattr__
    return getattr(self._final_estimator, name)
  File "C:\Users\dell\anaconda3\envs\churn_env\lib\site-packages\sklearn\utils\_available_if.py", line 32, in __get__
    if not self.check(obj):
  File "C:\Users\dell\anaconda3\envs\churn_env\lib\site-packages\sklearn\linear_model\_stochastic_gradient.py", line 1235, in _check_proba
    raise AttributeError(
AttributeError: probability estimates are not available for loss='hinge'

  warnings.warn(

2025-12-06 12:41:15,106:WARNING:C:\Users\dell\anaconda3\envs\churn_env\lib\site-packages\sklearn\metrics\_classification.py:1396: UserWarning: Note that pos_label (set to 'Yes') is ignored when average != 'binary' (got 'weighted'). You may use labels=[pos_label] to specify a single positive class.
  warnings.warn(

2025-12-06 12:41:15,109:WARNING:C:\Users\dell\anaconda3\envs\churn_env\lib\site-packages\pycaret\internal\metrics.py:190: FitFailedWarning: Metric 'make_scorer(roc_auc_score, needs_proba=True, error_score=0.0, average=weighted, multi_class=ovr)' failed and error score 0.0 has been returned instead. If this is a custom metric, this usually means that the error is in the metric code. Full exception below:
Traceback (most recent call last):
  File "C:\Users\dell\anaconda3\envs\churn_env\lib\site-packages\sklearn\metrics\_scorer.py", line 76, in _cached_call
    return cache[method]
KeyError: 'predict_proba'

During handling of the above exception, another exception occurred:

Traceback (most recent call last):
  File "C:\Users\dell\anaconda3\envs\churn_env\lib\site-packages\pycaret\internal\metrics.py", line 182, in _score
    return super()._score(
  File "C:\Users\dell\anaconda3\envs\churn_env\lib\site-packages\sklearn\metrics\_scorer.py", line 316, in _score
    y_pred = method_caller(clf, "predict_proba", X)
  File "C:\Users\dell\anaconda3\envs\churn_env\lib\site-packages\sklearn\metrics\_scorer.py", line 78, in _cached_call
    result = getattr(estimator, method)(*args, **kwargs)
  File "C:\Users\dell\anaconda3\envs\churn_env\lib\site-packages\pycaret\internal\pipeline.py", line 127, in __getattr__
    return getattr(self._final_estimator, name)
  File "C:\Users\dell\anaconda3\envs\churn_env\lib\site-packages\sklearn\utils\_available_if.py", line 32, in __get__
    if not self.check(obj):
  File "C:\Users\dell\anaconda3\envs\churn_env\lib\site-packages\sklearn\linear_model\_stochastic_gradient.py", line 1235, in _check_proba
    raise AttributeError(
AttributeError: probability estimates are not available for loss='hinge'

  warnings.warn(

2025-12-06 12:41:15,113:WARNING:C:\Users\dell\anaconda3\envs\churn_env\lib\site-packages\sklearn\metrics\_classification.py:1396: UserWarning: Note that pos_label (set to 'Yes') is ignored when average != 'binary' (got 'weighted'). You may use labels=[pos_label] to specify a single positive class.
  warnings.warn(

2025-12-06 12:41:15,115:WARNING:C:\Users\dell\anaconda3\envs\churn_env\lib\site-packages\sklearn\metrics\_classification.py:1396: UserWarning: Note that pos_label (set to 'Yes') is ignored when average != 'binary' (got 'weighted'). You may use labels=[pos_label] to specify a single positive class.
  warnings.warn(

2025-12-06 12:41:15,126:WARNING:C:\Users\dell\anaconda3\envs\churn_env\lib\site-packages\sklearn\metrics\_classification.py:1396: UserWarning: Note that pos_label (set to 'Yes') is ignored when average != 'binary' (got 'weighted'). You may use labels=[pos_label] to specify a single positive class.
  warnings.warn(

2025-12-06 12:41:15,126:WARNING:C:\Users\dell\anaconda3\envs\churn_env\lib\site-packages\sklearn\metrics\_classification.py:1396: UserWarning: Note that pos_label (set to 'Yes') is ignored when average != 'binary' (got 'weighted'). You may use labels=[pos_label] to specify a single positive class.
  warnings.warn(

2025-12-06 12:41:15,128:WARNING:C:\Users\dell\anaconda3\envs\churn_env\lib\site-packages\pycaret\internal\metrics.py:190: FitFailedWarning: Metric 'make_scorer(roc_auc_score, needs_proba=True, error_score=0.0, average=weighted, multi_class=ovr)' failed and error score 0.0 has been returned instead. If this is a custom metric, this usually means that the error is in the metric code. Full exception below:
Traceback (most recent call last):
  File "C:\Users\dell\anaconda3\envs\churn_env\lib\site-packages\sklearn\metrics\_scorer.py", line 76, in _cached_call
    return cache[method]
KeyError: 'predict_proba'

During handling of the above exception, another exception occurred:

Traceback (most recent call last):
  File "C:\Users\dell\anaconda3\envs\churn_env\lib\site-packages\pycaret\internal\metrics.py", line 182, in _score
    return super()._score(
  File "C:\Users\dell\anaconda3\envs\churn_env\lib\site-packages\sklearn\metrics\_scorer.py", line 316, in _score
    y_pred = method_caller(clf, "predict_proba", X)
  File "C:\Users\dell\anaconda3\envs\churn_env\lib\site-packages\sklearn\metrics\_scorer.py", line 78, in _cached_call
    result = getattr(estimator, method)(*args, **kwargs)
  File "C:\Users\dell\anaconda3\envs\churn_env\lib\site-packages\pycaret\internal\pipeline.py", line 127, in __getattr__
    return getattr(self._final_estimator, name)
  File "C:\Users\dell\anaconda3\envs\churn_env\lib\site-packages\sklearn\utils\_available_if.py", line 32, in __get__
    if not self.check(obj):
  File "C:\Users\dell\anaconda3\envs\churn_env\lib\site-packages\sklearn\linear_model\_stochastic_gradient.py", line 1235, in _check_proba
    raise AttributeError(
AttributeError: probability estimates are not available for loss='hinge'

  warnings.warn(

2025-12-06 12:41:15,128:WARNING:C:\Users\dell\anaconda3\envs\churn_env\lib\site-packages\pycaret\internal\metrics.py:190: FitFailedWarning: Metric 'make_scorer(roc_auc_score, needs_proba=True, error_score=0.0, average=weighted, multi_class=ovr)' failed and error score 0.0 has been returned instead. If this is a custom metric, this usually means that the error is in the metric code. Full exception below:
Traceback (most recent call last):
  File "C:\Users\dell\anaconda3\envs\churn_env\lib\site-packages\sklearn\metrics\_scorer.py", line 76, in _cached_call
    return cache[method]
KeyError: 'predict_proba'

During handling of the above exception, another exception occurred:

Traceback (most recent call last):
  File "C:\Users\dell\anaconda3\envs\churn_env\lib\site-packages\pycaret\internal\metrics.py", line 182, in _score
    return super()._score(
  File "C:\Users\dell\anaconda3\envs\churn_env\lib\site-packages\sklearn\metrics\_scorer.py", line 316, in _score
    y_pred = method_caller(clf, "predict_proba", X)
  File "C:\Users\dell\anaconda3\envs\churn_env\lib\site-packages\sklearn\metrics\_scorer.py", line 78, in _cached_call
    result = getattr(estimator, method)(*args, **kwargs)
  File "C:\Users\dell\anaconda3\envs\churn_env\lib\site-packages\pycaret\internal\pipeline.py", line 127, in __getattr__
    return getattr(self._final_estimator, name)
  File "C:\Users\dell\anaconda3\envs\churn_env\lib\site-packages\sklearn\utils\_available_if.py", line 32, in __get__
    if not self.check(obj):
  File "C:\Users\dell\anaconda3\envs\churn_env\lib\site-packages\sklearn\linear_model\_stochastic_gradient.py", line 1235, in _check_proba
    raise AttributeError(
AttributeError: probability estimates are not available for loss='hinge'

  warnings.warn(

2025-12-06 12:41:15,134:WARNING:C:\Users\dell\anaconda3\envs\churn_env\lib\site-packages\sklearn\metrics\_classification.py:1396: UserWarning: Note that pos_label (set to 'Yes') is ignored when average != 'binary' (got 'weighted'). You may use labels=[pos_label] to specify a single positive class.
  warnings.warn(

2025-12-06 12:41:15,134:WARNING:C:\Users\dell\anaconda3\envs\churn_env\lib\site-packages\sklearn\metrics\_classification.py:1396: UserWarning: Note that pos_label (set to 'Yes') is ignored when average != 'binary' (got 'weighted'). You may use labels=[pos_label] to specify a single positive class.
  warnings.warn(

2025-12-06 12:41:15,134:WARNING:C:\Users\dell\anaconda3\envs\churn_env\lib\site-packages\pycaret\internal\metrics.py:190: FitFailedWarning: Metric 'make_scorer(roc_auc_score, needs_proba=True, error_score=0.0, average=weighted, multi_class=ovr)' failed and error score 0.0 has been returned instead. If this is a custom metric, this usually means that the error is in the metric code. Full exception below:
Traceback (most recent call last):
  File "C:\Users\dell\anaconda3\envs\churn_env\lib\site-packages\sklearn\metrics\_scorer.py", line 76, in _cached_call
    return cache[method]
KeyError: 'predict_proba'

During handling of the above exception, another exception occurred:

Traceback (most recent call last):
  File "C:\Users\dell\anaconda3\envs\churn_env\lib\site-packages\pycaret\internal\metrics.py", line 182, in _score
    return super()._score(
  File "C:\Users\dell\anaconda3\envs\churn_env\lib\site-packages\sklearn\metrics\_scorer.py", line 316, in _score
    y_pred = method_caller(clf, "predict_proba", X)
  File "C:\Users\dell\anaconda3\envs\churn_env\lib\site-packages\sklearn\metrics\_scorer.py", line 78, in _cached_call
    result = getattr(estimator, method)(*args, **kwargs)
  File "C:\Users\dell\anaconda3\envs\churn_env\lib\site-packages\pycaret\internal\pipeline.py", line 127, in __getattr__
    return getattr(self._final_estimator, name)
  File "C:\Users\dell\anaconda3\envs\churn_env\lib\site-packages\sklearn\utils\_available_if.py", line 32, in __get__
    if not self.check(obj):
  File "C:\Users\dell\anaconda3\envs\churn_env\lib\site-packages\sklearn\linear_model\_stochastic_gradient.py", line 1235, in _check_proba
    raise AttributeError(
AttributeError: probability estimates are not available for loss='hinge'

  warnings.warn(

2025-12-06 12:41:15,134:WARNING:C:\Users\dell\anaconda3\envs\churn_env\lib\site-packages\sklearn\metrics\_classification.py:1396: UserWarning: Note that pos_label (set to 'Yes') is ignored when average != 'binary' (got 'weighted'). You may use labels=[pos_label] to specify a single positive class.
  warnings.warn(

2025-12-06 12:41:15,139:WARNING:C:\Users\dell\anaconda3\envs\churn_env\lib\site-packages\sklearn\metrics\_classification.py:1396: UserWarning: Note that pos_label (set to 'Yes') is ignored when average != 'binary' (got 'weighted'). You may use labels=[pos_label] to specify a single positive class.
  warnings.warn(

2025-12-06 12:41:15,142:WARNING:C:\Users\dell\anaconda3\envs\churn_env\lib\site-packages\sklearn\metrics\_classification.py:1396: UserWarning: Note that pos_label (set to 'Yes') is ignored when average != 'binary' (got 'weighted'). You may use labels=[pos_label] to specify a single positive class.
  warnings.warn(

2025-12-06 12:41:15,143:WARNING:C:\Users\dell\anaconda3\envs\churn_env\lib\site-packages\sklearn\metrics\_classification.py:1396: UserWarning: Note that pos_label (set to 'Yes') is ignored when average != 'binary' (got 'weighted'). You may use labels=[pos_label] to specify a single positive class.
  warnings.warn(

2025-12-06 12:41:15,147:WARNING:C:\Users\dell\anaconda3\envs\churn_env\lib\site-packages\sklearn\metrics\_classification.py:1396: UserWarning: Note that pos_label (set to 'Yes') is ignored when average != 'binary' (got 'weighted'). You may use labels=[pos_label] to specify a single positive class.
  warnings.warn(

2025-12-06 12:41:15,151:WARNING:C:\Users\dell\anaconda3\envs\churn_env\lib\site-packages\sklearn\metrics\_classification.py:1396: UserWarning: Note that pos_label (set to 'Yes') is ignored when average != 'binary' (got 'weighted'). You may use labels=[pos_label] to specify a single positive class.
  warnings.warn(

2025-12-06 12:41:15,151:WARNING:C:\Users\dell\anaconda3\envs\churn_env\lib\site-packages\pycaret\internal\metrics.py:190: FitFailedWarning: Metric 'make_scorer(roc_auc_score, needs_proba=True, error_score=0.0, average=weighted, multi_class=ovr)' failed and error score 0.0 has been returned instead. If this is a custom metric, this usually means that the error is in the metric code. Full exception below:
Traceback (most recent call last):
  File "C:\Users\dell\anaconda3\envs\churn_env\lib\site-packages\sklearn\metrics\_scorer.py", line 76, in _cached_call
    return cache[method]
KeyError: 'predict_proba'

During handling of the above exception, another exception occurred:

Traceback (most recent call last):
  File "C:\Users\dell\anaconda3\envs\churn_env\lib\site-packages\pycaret\internal\metrics.py", line 182, in _score
    return super()._score(
  File "C:\Users\dell\anaconda3\envs\churn_env\lib\site-packages\sklearn\metrics\_scorer.py", line 316, in _score
    y_pred = method_caller(clf, "predict_proba", X)
  File "C:\Users\dell\anaconda3\envs\churn_env\lib\site-packages\sklearn\metrics\_scorer.py", line 78, in _cached_call
    result = getattr(estimator, method)(*args, **kwargs)
  File "C:\Users\dell\anaconda3\envs\churn_env\lib\site-packages\pycaret\internal\pipeline.py", line 127, in __getattr__
    return getattr(self._final_estimator, name)
  File "C:\Users\dell\anaconda3\envs\churn_env\lib\site-packages\sklearn\utils\_available_if.py", line 32, in __get__
    if not self.check(obj):
  File "C:\Users\dell\anaconda3\envs\churn_env\lib\site-packages\sklearn\linear_model\_stochastic_gradient.py", line 1235, in _check_proba
    raise AttributeError(
AttributeError: probability estimates are not available for loss='hinge'

  warnings.warn(

2025-12-06 12:41:15,158:WARNING:C:\Users\dell\anaconda3\envs\churn_env\lib\site-packages\sklearn\metrics\_classification.py:1396: UserWarning: Note that pos_label (set to 'Yes') is ignored when average != 'binary' (got 'weighted'). You may use labels=[pos_label] to specify a single positive class.
  warnings.warn(

2025-12-06 12:41:15,158:WARNING:C:\Users\dell\anaconda3\envs\churn_env\lib\site-packages\pycaret\internal\metrics.py:190: FitFailedWarning: Metric 'make_scorer(roc_auc_score, needs_proba=True, error_score=0.0, average=weighted, multi_class=ovr)' failed and error score 0.0 has been returned instead. If this is a custom metric, this usually means that the error is in the metric code. Full exception below:
Traceback (most recent call last):
  File "C:\Users\dell\anaconda3\envs\churn_env\lib\site-packages\sklearn\metrics\_scorer.py", line 76, in _cached_call
    return cache[method]
KeyError: 'predict_proba'

During handling of the above exception, another exception occurred:

Traceback (most recent call last):
  File "C:\Users\dell\anaconda3\envs\churn_env\lib\site-packages\pycaret\internal\metrics.py", line 182, in _score
    return super()._score(
  File "C:\Users\dell\anaconda3\envs\churn_env\lib\site-packages\sklearn\metrics\_scorer.py", line 316, in _score
    y_pred = method_caller(clf, "predict_proba", X)
  File "C:\Users\dell\anaconda3\envs\churn_env\lib\site-packages\sklearn\metrics\_scorer.py", line 78, in _cached_call
    result = getattr(estimator, method)(*args, **kwargs)
  File "C:\Users\dell\anaconda3\envs\churn_env\lib\site-packages\pycaret\internal\pipeline.py", line 127, in __getattr__
    return getattr(self._final_estimator, name)
  File "C:\Users\dell\anaconda3\envs\churn_env\lib\site-packages\sklearn\utils\_available_if.py", line 32, in __get__
    if not self.check(obj):
  File "C:\Users\dell\anaconda3\envs\churn_env\lib\site-packages\sklearn\linear_model\_stochastic_gradient.py", line 1235, in _check_proba
    raise AttributeError(
AttributeError: probability estimates are not available for loss='hinge'

  warnings.warn(

2025-12-06 12:41:15,160:WARNING:C:\Users\dell\anaconda3\envs\churn_env\lib\site-packages\sklearn\metrics\_classification.py:1396: UserWarning: Note that pos_label (set to 'Yes') is ignored when average != 'binary' (got 'weighted'). You may use labels=[pos_label] to specify a single positive class.
  warnings.warn(

2025-12-06 12:41:15,162:WARNING:C:\Users\dell\anaconda3\envs\churn_env\lib\site-packages\sklearn\metrics\_classification.py:1396: UserWarning: Note that pos_label (set to 'Yes') is ignored when average != 'binary' (got 'weighted'). You may use labels=[pos_label] to specify a single positive class.
  warnings.warn(

2025-12-06 12:41:15,164:WARNING:C:\Users\dell\anaconda3\envs\churn_env\lib\site-packages\pycaret\internal\metrics.py:190: FitFailedWarning: Metric 'make_scorer(roc_auc_score, needs_proba=True, error_score=0.0, average=weighted, multi_class=ovr)' failed and error score 0.0 has been returned instead. If this is a custom metric, this usually means that the error is in the metric code. Full exception below:
Traceback (most recent call last):
  File "C:\Users\dell\anaconda3\envs\churn_env\lib\site-packages\sklearn\metrics\_scorer.py", line 76, in _cached_call
    return cache[method]
KeyError: 'predict_proba'

During handling of the above exception, another exception occurred:

Traceback (most recent call last):
  File "C:\Users\dell\anaconda3\envs\churn_env\lib\site-packages\pycaret\internal\metrics.py", line 182, in _score
    return super()._score(
  File "C:\Users\dell\anaconda3\envs\churn_env\lib\site-packages\sklearn\metrics\_scorer.py", line 316, in _score
    y_pred = method_caller(clf, "predict_proba", X)
  File "C:\Users\dell\anaconda3\envs\churn_env\lib\site-packages\sklearn\metrics\_scorer.py", line 78, in _cached_call
    result = getattr(estimator, method)(*args, **kwargs)
  File "C:\Users\dell\anaconda3\envs\churn_env\lib\site-packages\pycaret\internal\pipeline.py", line 127, in __getattr__
    return getattr(self._final_estimator, name)
  File "C:\Users\dell\anaconda3\envs\churn_env\lib\site-packages\sklearn\utils\_available_if.py", line 32, in __get__
    if not self.check(obj):
  File "C:\Users\dell\anaconda3\envs\churn_env\lib\site-packages\sklearn\linear_model\_stochastic_gradient.py", line 1235, in _check_proba
    raise AttributeError(
AttributeError: probability estimates are not available for loss='hinge'

  warnings.warn(

2025-12-06 12:41:15,166:WARNING:C:\Users\dell\anaconda3\envs\churn_env\lib\site-packages\sklearn\metrics\_classification.py:1396: UserWarning: Note that pos_label (set to 'Yes') is ignored when average != 'binary' (got 'weighted'). You may use labels=[pos_label] to specify a single positive class.
  warnings.warn(

2025-12-06 12:41:15,168:WARNING:C:\Users\dell\anaconda3\envs\churn_env\lib\site-packages\sklearn\metrics\_classification.py:1396: UserWarning: Note that pos_label (set to 'Yes') is ignored when average != 'binary' (got 'weighted'). You may use labels=[pos_label] to specify a single positive class.
  warnings.warn(

2025-12-06 12:41:15,174:WARNING:C:\Users\dell\anaconda3\envs\churn_env\lib\site-packages\sklearn\metrics\_classification.py:1344: UndefinedMetricWarning: Precision is ill-defined and being set to 0.0 in labels with no predicted samples. Use `zero_division` parameter to control this behavior.
  _warn_prf(average, modifier, msg_start, len(result))

2025-12-06 12:41:15,176:WARNING:C:\Users\dell\anaconda3\envs\churn_env\lib\site-packages\sklearn\metrics\_classification.py:1396: UserWarning: Note that pos_label (set to 'Yes') is ignored when average != 'binary' (got 'weighted'). You may use labels=[pos_label] to specify a single positive class.
  warnings.warn(

2025-12-06 12:41:15,178:WARNING:C:\Users\dell\anaconda3\envs\churn_env\lib\site-packages\sklearn\metrics\_classification.py:1396: UserWarning: Note that pos_label (set to 'Yes') is ignored when average != 'binary' (got 'weighted'). You may use labels=[pos_label] to specify a single positive class.
  warnings.warn(

2025-12-06 12:41:15,180:WARNING:C:\Users\dell\anaconda3\envs\churn_env\lib\site-packages\sklearn\metrics\_classification.py:1396: UserWarning: Note that pos_label (set to 'Yes') is ignored when average != 'binary' (got 'weighted'). You may use labels=[pos_label] to specify a single positive class.
  warnings.warn(

2025-12-06 12:41:15,185:WARNING:C:\Users\dell\anaconda3\envs\churn_env\lib\site-packages\sklearn\metrics\_classification.py:1396: UserWarning: Note that pos_label (set to 'Yes') is ignored when average != 'binary' (got 'weighted'). You may use labels=[pos_label] to specify a single positive class.
  warnings.warn(

2025-12-06 12:41:15,187:WARNING:C:\Users\dell\anaconda3\envs\churn_env\lib\site-packages\sklearn\metrics\_classification.py:1396: UserWarning: Note that pos_label (set to 'Yes') is ignored when average != 'binary' (got 'weighted'). You may use labels=[pos_label] to specify a single positive class.
  warnings.warn(

2025-12-06 12:41:15,983:WARNING:C:\Users\dell\anaconda3\envs\churn_env\lib\site-packages\pycaret\internal\metrics.py:190: FitFailedWarning: Metric 'make_scorer(roc_auc_score, needs_proba=True, error_score=0.0, average=weighted, multi_class=ovr)' failed and error score 0.0 has been returned instead. If this is a custom metric, this usually means that the error is in the metric code. Full exception below:
Traceback (most recent call last):
  File "C:\Users\dell\anaconda3\envs\churn_env\lib\site-packages\sklearn\metrics\_scorer.py", line 76, in _cached_call
    return cache[method]
KeyError: 'predict_proba'

During handling of the above exception, another exception occurred:

Traceback (most recent call last):
  File "C:\Users\dell\anaconda3\envs\churn_env\lib\site-packages\pycaret\internal\metrics.py", line 182, in _score
    return super()._score(
  File "C:\Users\dell\anaconda3\envs\churn_env\lib\site-packages\sklearn\metrics\_scorer.py", line 316, in _score
    y_pred = method_caller(clf, "predict_proba", X)
  File "C:\Users\dell\anaconda3\envs\churn_env\lib\site-packages\sklearn\metrics\_scorer.py", line 78, in _cached_call
    result = getattr(estimator, method)(*args, **kwargs)
  File "C:\Users\dell\anaconda3\envs\churn_env\lib\site-packages\pycaret\internal\pipeline.py", line 127, in __getattr__
    return getattr(self._final_estimator, name)
  File "C:\Users\dell\anaconda3\envs\churn_env\lib\site-packages\sklearn\utils\_available_if.py", line 32, in __get__
    if not self.check(obj):
  File "C:\Users\dell\anaconda3\envs\churn_env\lib\site-packages\sklearn\linear_model\_stochastic_gradient.py", line 1235, in _check_proba
    raise AttributeError(
AttributeError: probability estimates are not available for loss='hinge'

  warnings.warn(

2025-12-06 12:41:15,989:WARNING:C:\Users\dell\anaconda3\envs\churn_env\lib\site-packages\sklearn\metrics\_classification.py:1396: UserWarning: Note that pos_label (set to 'Yes') is ignored when average != 'binary' (got 'weighted'). You may use labels=[pos_label] to specify a single positive class.
  warnings.warn(

2025-12-06 12:41:15,998:WARNING:C:\Users\dell\anaconda3\envs\churn_env\lib\site-packages\sklearn\metrics\_classification.py:1396: UserWarning: Note that pos_label (set to 'Yes') is ignored when average != 'binary' (got 'weighted'). You may use labels=[pos_label] to specify a single positive class.
  warnings.warn(

2025-12-06 12:41:16,005:WARNING:C:\Users\dell\anaconda3\envs\churn_env\lib\site-packages\sklearn\metrics\_classification.py:1396: UserWarning: Note that pos_label (set to 'Yes') is ignored when average != 'binary' (got 'weighted'). You may use labels=[pos_label] to specify a single positive class.
  warnings.warn(

2025-12-06 12:41:16,061:WARNING:C:\Users\dell\anaconda3\envs\churn_env\lib\site-packages\pycaret\internal\metrics.py:190: FitFailedWarning: Metric 'make_scorer(roc_auc_score, needs_proba=True, error_score=0.0, average=weighted, multi_class=ovr)' failed and error score 0.0 has been returned instead. If this is a custom metric, this usually means that the error is in the metric code. Full exception below:
Traceback (most recent call last):
  File "C:\Users\dell\anaconda3\envs\churn_env\lib\site-packages\sklearn\metrics\_scorer.py", line 76, in _cached_call
    return cache[method]
KeyError: 'predict_proba'

During handling of the above exception, another exception occurred:

Traceback (most recent call last):
  File "C:\Users\dell\anaconda3\envs\churn_env\lib\site-packages\pycaret\internal\metrics.py", line 182, in _score
    return super()._score(
  File "C:\Users\dell\anaconda3\envs\churn_env\lib\site-packages\sklearn\metrics\_scorer.py", line 316, in _score
    y_pred = method_caller(clf, "predict_proba", X)
  File "C:\Users\dell\anaconda3\envs\churn_env\lib\site-packages\sklearn\metrics\_scorer.py", line 78, in _cached_call
    result = getattr(estimator, method)(*args, **kwargs)
  File "C:\Users\dell\anaconda3\envs\churn_env\lib\site-packages\pycaret\internal\pipeline.py", line 127, in __getattr__
    return getattr(self._final_estimator, name)
  File "C:\Users\dell\anaconda3\envs\churn_env\lib\site-packages\sklearn\utils\_available_if.py", line 32, in __get__
    if not self.check(obj):
  File "C:\Users\dell\anaconda3\envs\churn_env\lib\site-packages\sklearn\linear_model\_stochastic_gradient.py", line 1235, in _check_proba
    raise AttributeError(
AttributeError: probability estimates are not available for loss='hinge'

  warnings.warn(

2025-12-06 12:41:16,066:WARNING:C:\Users\dell\anaconda3\envs\churn_env\lib\site-packages\sklearn\metrics\_classification.py:1396: UserWarning: Note that pos_label (set to 'Yes') is ignored when average != 'binary' (got 'weighted'). You may use labels=[pos_label] to specify a single positive class.
  warnings.warn(

2025-12-06 12:41:16,078:WARNING:C:\Users\dell\anaconda3\envs\churn_env\lib\site-packages\sklearn\metrics\_classification.py:1396: UserWarning: Note that pos_label (set to 'Yes') is ignored when average != 'binary' (got 'weighted'). You may use labels=[pos_label] to specify a single positive class.
  warnings.warn(

2025-12-06 12:41:16,089:WARNING:C:\Users\dell\anaconda3\envs\churn_env\lib\site-packages\sklearn\metrics\_classification.py:1396: UserWarning: Note that pos_label (set to 'Yes') is ignored when average != 'binary' (got 'weighted'). You may use labels=[pos_label] to specify a single positive class.
  warnings.warn(

2025-12-06 12:41:16,115:INFO:Calculating mean and std
2025-12-06 12:41:16,117:INFO:Creating metrics dataframe
2025-12-06 12:41:16,117:INFO:Uploading results into container
2025-12-06 12:41:16,117:INFO:Uploading model into container now
2025-12-06 12:41:16,117:INFO:_master_model_container: 5
2025-12-06 12:41:16,117:INFO:_display_container: 2
2025-12-06 12:41:16,130:INFO:SGDClassifier(alpha=0.0001, average=False, class_weight=None,
              early_stopping=False, epsilon=0.1, eta0=0.001, fit_intercept=True,
              l1_ratio=0.15, learning_rate='optimal', loss='hinge',
              max_iter=1000, n_iter_no_change=5, n_jobs=-1, penalty='l2',
              power_t=0.5, random_state=123, shuffle=True, tol=0.001,
              validation_fraction=0.1, verbose=0, warm_start=False)
2025-12-06 12:41:16,130:INFO:create_model() successfully completed......................................
2025-12-06 12:41:16,258:INFO:SubProcess create_model() end ==================================
2025-12-06 12:41:16,259:INFO:Creating metrics dataframe
2025-12-06 12:41:16,265:INFO:Initializing Ridge Classifier
2025-12-06 12:41:16,266:INFO:Total runtime is 0.4934136509895325 minutes
2025-12-06 12:41:16,266:INFO:SubProcess create_model() called ==================================
2025-12-06 12:41:16,267:INFO:Initializing create_model()
2025-12-06 12:41:16,267:INFO:create_model(self=<pycaret.classification.oop.ClassificationExperiment object at 0x0000012B4EC96850>, estimator=ridge, fold=StratifiedKFold(n_splits=10, random_state=None, shuffle=False), round=4, cross_validation=True, predict=True, fit_kwargs={}, groups=None, refit=False, probability_threshold=None, experiment_custom_tags=None, verbose=False, system=False, add_to_model_list=True, metrics=None, display=<pycaret.internal.display.display.CommonDisplay object at 0x0000012B7665C5E0>, model_only=True, return_train_score=False, error_score=0.0, kwargs={})
2025-12-06 12:41:16,268:INFO:Checking exceptions
2025-12-06 12:41:16,268:INFO:Importing libraries
2025-12-06 12:41:16,268:INFO:Copying training dataset
2025-12-06 12:41:16,287:INFO:Defining folds
2025-12-06 12:41:16,287:INFO:Declaring metric variables
2025-12-06 12:41:16,287:INFO:Importing untrained model
2025-12-06 12:41:16,289:INFO:Ridge Classifier Imported successfully
2025-12-06 12:41:16,289:INFO:Starting cross validation
2025-12-06 12:41:16,289:INFO:Cross validating with StratifiedKFold(n_splits=10, random_state=None, shuffle=False), n_jobs=-1
2025-12-06 12:41:17,424:WARNING:C:\Users\dell\anaconda3\envs\churn_env\lib\site-packages\pycaret\internal\metrics.py:190: FitFailedWarning: Metric 'make_scorer(roc_auc_score, needs_proba=True, error_score=0.0, average=weighted, multi_class=ovr)' failed and error score 0.0 has been returned instead. If this is a custom metric, this usually means that the error is in the metric code. Full exception below:
Traceback (most recent call last):
  File "C:\Users\dell\anaconda3\envs\churn_env\lib\site-packages\sklearn\metrics\_scorer.py", line 76, in _cached_call
    return cache[method]
KeyError: 'predict_proba'

During handling of the above exception, another exception occurred:

Traceback (most recent call last):
  File "C:\Users\dell\anaconda3\envs\churn_env\lib\site-packages\pycaret\internal\metrics.py", line 182, in _score
    return super()._score(
  File "C:\Users\dell\anaconda3\envs\churn_env\lib\site-packages\sklearn\metrics\_scorer.py", line 316, in _score
    y_pred = method_caller(clf, "predict_proba", X)
  File "C:\Users\dell\anaconda3\envs\churn_env\lib\site-packages\sklearn\metrics\_scorer.py", line 78, in _cached_call
    result = getattr(estimator, method)(*args, **kwargs)
  File "C:\Users\dell\anaconda3\envs\churn_env\lib\site-packages\pycaret\internal\pipeline.py", line 127, in __getattr__
    return getattr(self._final_estimator, name)
AttributeError: 'RidgeClassifier' object has no attribute 'predict_proba'

  warnings.warn(

2025-12-06 12:41:17,429:WARNING:C:\Users\dell\anaconda3\envs\churn_env\lib\site-packages\pycaret\internal\metrics.py:190: FitFailedWarning: Metric 'make_scorer(roc_auc_score, needs_proba=True, error_score=0.0, average=weighted, multi_class=ovr)' failed and error score 0.0 has been returned instead. If this is a custom metric, this usually means that the error is in the metric code. Full exception below:
Traceback (most recent call last):
  File "C:\Users\dell\anaconda3\envs\churn_env\lib\site-packages\sklearn\metrics\_scorer.py", line 76, in _cached_call
    return cache[method]
KeyError: 'predict_proba'

During handling of the above exception, another exception occurred:

Traceback (most recent call last):
  File "C:\Users\dell\anaconda3\envs\churn_env\lib\site-packages\pycaret\internal\metrics.py", line 182, in _score
    return super()._score(
  File "C:\Users\dell\anaconda3\envs\churn_env\lib\site-packages\sklearn\metrics\_scorer.py", line 316, in _score
    y_pred = method_caller(clf, "predict_proba", X)
  File "C:\Users\dell\anaconda3\envs\churn_env\lib\site-packages\sklearn\metrics\_scorer.py", line 78, in _cached_call
    result = getattr(estimator, method)(*args, **kwargs)
  File "C:\Users\dell\anaconda3\envs\churn_env\lib\site-packages\pycaret\internal\pipeline.py", line 127, in __getattr__
    return getattr(self._final_estimator, name)
AttributeError: 'RidgeClassifier' object has no attribute 'predict_proba'

  warnings.warn(

2025-12-06 12:41:17,429:WARNING:C:\Users\dell\anaconda3\envs\churn_env\lib\site-packages\sklearn\metrics\_classification.py:1396: UserWarning: Note that pos_label (set to 'Yes') is ignored when average != 'binary' (got 'weighted'). You may use labels=[pos_label] to specify a single positive class.
  warnings.warn(

2025-12-06 12:41:17,433:WARNING:C:\Users\dell\anaconda3\envs\churn_env\lib\site-packages\pycaret\internal\metrics.py:190: FitFailedWarning: Metric 'make_scorer(roc_auc_score, needs_proba=True, error_score=0.0, average=weighted, multi_class=ovr)' failed and error score 0.0 has been returned instead. If this is a custom metric, this usually means that the error is in the metric code. Full exception below:
Traceback (most recent call last):
  File "C:\Users\dell\anaconda3\envs\churn_env\lib\site-packages\sklearn\metrics\_scorer.py", line 76, in _cached_call
    return cache[method]
KeyError: 'predict_proba'

During handling of the above exception, another exception occurred:

Traceback (most recent call last):
  File "C:\Users\dell\anaconda3\envs\churn_env\lib\site-packages\pycaret\internal\metrics.py", line 182, in _score
    return super()._score(
  File "C:\Users\dell\anaconda3\envs\churn_env\lib\site-packages\sklearn\metrics\_scorer.py", line 316, in _score
    y_pred = method_caller(clf, "predict_proba", X)
  File "C:\Users\dell\anaconda3\envs\churn_env\lib\site-packages\sklearn\metrics\_scorer.py", line 78, in _cached_call
    result = getattr(estimator, method)(*args, **kwargs)
  File "C:\Users\dell\anaconda3\envs\churn_env\lib\site-packages\pycaret\internal\pipeline.py", line 127, in __getattr__
    return getattr(self._final_estimator, name)
AttributeError: 'RidgeClassifier' object has no attribute 'predict_proba'

  warnings.warn(

2025-12-06 12:41:17,433:WARNING:C:\Users\dell\anaconda3\envs\churn_env\lib\site-packages\sklearn\metrics\_classification.py:1396: UserWarning: Note that pos_label (set to 'Yes') is ignored when average != 'binary' (got 'weighted'). You may use labels=[pos_label] to specify a single positive class.
  warnings.warn(

2025-12-06 12:41:17,436:WARNING:C:\Users\dell\anaconda3\envs\churn_env\lib\site-packages\sklearn\metrics\_classification.py:1396: UserWarning: Note that pos_label (set to 'Yes') is ignored when average != 'binary' (got 'weighted'). You may use labels=[pos_label] to specify a single positive class.
  warnings.warn(

2025-12-06 12:41:17,437:WARNING:C:\Users\dell\anaconda3\envs\churn_env\lib\site-packages\sklearn\metrics\_classification.py:1396: UserWarning: Note that pos_label (set to 'Yes') is ignored when average != 'binary' (got 'weighted'). You may use labels=[pos_label] to specify a single positive class.
  warnings.warn(

2025-12-06 12:41:17,441:WARNING:C:\Users\dell\anaconda3\envs\churn_env\lib\site-packages\sklearn\metrics\_classification.py:1396: UserWarning: Note that pos_label (set to 'Yes') is ignored when average != 'binary' (got 'weighted'). You may use labels=[pos_label] to specify a single positive class.
  warnings.warn(

2025-12-06 12:41:17,445:WARNING:C:\Users\dell\anaconda3\envs\churn_env\lib\site-packages\sklearn\metrics\_classification.py:1396: UserWarning: Note that pos_label (set to 'Yes') is ignored when average != 'binary' (got 'weighted'). You may use labels=[pos_label] to specify a single positive class.
  warnings.warn(

2025-12-06 12:41:17,446:WARNING:C:\Users\dell\anaconda3\envs\churn_env\lib\site-packages\sklearn\metrics\_classification.py:1396: UserWarning: Note that pos_label (set to 'Yes') is ignored when average != 'binary' (got 'weighted'). You may use labels=[pos_label] to specify a single positive class.
  warnings.warn(

2025-12-06 12:41:17,449:WARNING:C:\Users\dell\anaconda3\envs\churn_env\lib\site-packages\sklearn\metrics\_classification.py:1396: UserWarning: Note that pos_label (set to 'Yes') is ignored when average != 'binary' (got 'weighted'). You may use labels=[pos_label] to specify a single positive class.
  warnings.warn(

2025-12-06 12:41:17,451:WARNING:C:\Users\dell\anaconda3\envs\churn_env\lib\site-packages\pycaret\internal\metrics.py:190: FitFailedWarning: Metric 'make_scorer(roc_auc_score, needs_proba=True, error_score=0.0, average=weighted, multi_class=ovr)' failed and error score 0.0 has been returned instead. If this is a custom metric, this usually means that the error is in the metric code. Full exception below:
Traceback (most recent call last):
  File "C:\Users\dell\anaconda3\envs\churn_env\lib\site-packages\sklearn\metrics\_scorer.py", line 76, in _cached_call
    return cache[method]
KeyError: 'predict_proba'

During handling of the above exception, another exception occurred:

Traceback (most recent call last):
  File "C:\Users\dell\anaconda3\envs\churn_env\lib\site-packages\pycaret\internal\metrics.py", line 182, in _score
    return super()._score(
  File "C:\Users\dell\anaconda3\envs\churn_env\lib\site-packages\sklearn\metrics\_scorer.py", line 316, in _score
    y_pred = method_caller(clf, "predict_proba", X)
  File "C:\Users\dell\anaconda3\envs\churn_env\lib\site-packages\sklearn\metrics\_scorer.py", line 78, in _cached_call
    result = getattr(estimator, method)(*args, **kwargs)
  File "C:\Users\dell\anaconda3\envs\churn_env\lib\site-packages\pycaret\internal\pipeline.py", line 127, in __getattr__
    return getattr(self._final_estimator, name)
AttributeError: 'RidgeClassifier' object has no attribute 'predict_proba'

  warnings.warn(

2025-12-06 12:41:17,452:WARNING:C:\Users\dell\anaconda3\envs\churn_env\lib\site-packages\pycaret\internal\metrics.py:190: FitFailedWarning: Metric 'make_scorer(roc_auc_score, needs_proba=True, error_score=0.0, average=weighted, multi_class=ovr)' failed and error score 0.0 has been returned instead. If this is a custom metric, this usually means that the error is in the metric code. Full exception below:
Traceback (most recent call last):
  File "C:\Users\dell\anaconda3\envs\churn_env\lib\site-packages\sklearn\metrics\_scorer.py", line 76, in _cached_call
    return cache[method]
KeyError: 'predict_proba'

During handling of the above exception, another exception occurred:

Traceback (most recent call last):
  File "C:\Users\dell\anaconda3\envs\churn_env\lib\site-packages\pycaret\internal\metrics.py", line 182, in _score
    return super()._score(
  File "C:\Users\dell\anaconda3\envs\churn_env\lib\site-packages\sklearn\metrics\_scorer.py", line 316, in _score
    y_pred = method_caller(clf, "predict_proba", X)
  File "C:\Users\dell\anaconda3\envs\churn_env\lib\site-packages\sklearn\metrics\_scorer.py", line 78, in _cached_call
    result = getattr(estimator, method)(*args, **kwargs)
  File "C:\Users\dell\anaconda3\envs\churn_env\lib\site-packages\pycaret\internal\pipeline.py", line 127, in __getattr__
    return getattr(self._final_estimator, name)
AttributeError: 'RidgeClassifier' object has no attribute 'predict_proba'

  warnings.warn(

2025-12-06 12:41:17,452:WARNING:C:\Users\dell\anaconda3\envs\churn_env\lib\site-packages\sklearn\metrics\_classification.py:1396: UserWarning: Note that pos_label (set to 'Yes') is ignored when average != 'binary' (got 'weighted'). You may use labels=[pos_label] to specify a single positive class.
  warnings.warn(

2025-12-06 12:41:17,453:WARNING:C:\Users\dell\anaconda3\envs\churn_env\lib\site-packages\sklearn\metrics\_classification.py:1396: UserWarning: Note that pos_label (set to 'Yes') is ignored when average != 'binary' (got 'weighted'). You may use labels=[pos_label] to specify a single positive class.
  warnings.warn(

2025-12-06 12:41:17,454:WARNING:C:\Users\dell\anaconda3\envs\churn_env\lib\site-packages\sklearn\metrics\_classification.py:1396: UserWarning: Note that pos_label (set to 'Yes') is ignored when average != 'binary' (got 'weighted'). You may use labels=[pos_label] to specify a single positive class.
  warnings.warn(

2025-12-06 12:41:17,458:WARNING:C:\Users\dell\anaconda3\envs\churn_env\lib\site-packages\sklearn\metrics\_classification.py:1396: UserWarning: Note that pos_label (set to 'Yes') is ignored when average != 'binary' (got 'weighted'). You may use labels=[pos_label] to specify a single positive class.
  warnings.warn(

2025-12-06 12:41:17,458:WARNING:C:\Users\dell\anaconda3\envs\churn_env\lib\site-packages\sklearn\metrics\_classification.py:1396: UserWarning: Note that pos_label (set to 'Yes') is ignored when average != 'binary' (got 'weighted'). You may use labels=[pos_label] to specify a single positive class.
  warnings.warn(

2025-12-06 12:41:17,460:WARNING:C:\Users\dell\anaconda3\envs\churn_env\lib\site-packages\sklearn\metrics\_classification.py:1396: UserWarning: Note that pos_label (set to 'Yes') is ignored when average != 'binary' (got 'weighted'). You may use labels=[pos_label] to specify a single positive class.
  warnings.warn(

2025-12-06 12:41:17,466:WARNING:C:\Users\dell\anaconda3\envs\churn_env\lib\site-packages\pycaret\internal\metrics.py:190: FitFailedWarning: Metric 'make_scorer(roc_auc_score, needs_proba=True, error_score=0.0, average=weighted, multi_class=ovr)' failed and error score 0.0 has been returned instead. If this is a custom metric, this usually means that the error is in the metric code. Full exception below:
Traceback (most recent call last):
  File "C:\Users\dell\anaconda3\envs\churn_env\lib\site-packages\sklearn\metrics\_scorer.py", line 76, in _cached_call
    return cache[method]
KeyError: 'predict_proba'

During handling of the above exception, another exception occurred:

Traceback (most recent call last):
  File "C:\Users\dell\anaconda3\envs\churn_env\lib\site-packages\pycaret\internal\metrics.py", line 182, in _score
    return super()._score(
  File "C:\Users\dell\anaconda3\envs\churn_env\lib\site-packages\sklearn\metrics\_scorer.py", line 316, in _score
    y_pred = method_caller(clf, "predict_proba", X)
  File "C:\Users\dell\anaconda3\envs\churn_env\lib\site-packages\sklearn\metrics\_scorer.py", line 78, in _cached_call
    result = getattr(estimator, method)(*args, **kwargs)
  File "C:\Users\dell\anaconda3\envs\churn_env\lib\site-packages\pycaret\internal\pipeline.py", line 127, in __getattr__
    return getattr(self._final_estimator, name)
AttributeError: 'RidgeClassifier' object has no attribute 'predict_proba'

  warnings.warn(

2025-12-06 12:41:17,472:WARNING:C:\Users\dell\anaconda3\envs\churn_env\lib\site-packages\sklearn\metrics\_classification.py:1396: UserWarning: Note that pos_label (set to 'Yes') is ignored when average != 'binary' (got 'weighted'). You may use labels=[pos_label] to specify a single positive class.
  warnings.warn(

2025-12-06 12:41:17,476:WARNING:C:\Users\dell\anaconda3\envs\churn_env\lib\site-packages\sklearn\metrics\_classification.py:1396: UserWarning: Note that pos_label (set to 'Yes') is ignored when average != 'binary' (got 'weighted'). You may use labels=[pos_label] to specify a single positive class.
  warnings.warn(

2025-12-06 12:41:17,476:WARNING:C:\Users\dell\anaconda3\envs\churn_env\lib\site-packages\sklearn\metrics\_classification.py:1396: UserWarning: Note that pos_label (set to 'Yes') is ignored when average != 'binary' (got 'weighted'). You may use labels=[pos_label] to specify a single positive class.
  warnings.warn(

2025-12-06 12:41:17,481:WARNING:C:\Users\dell\anaconda3\envs\churn_env\lib\site-packages\sklearn\metrics\_classification.py:1396: UserWarning: Note that pos_label (set to 'Yes') is ignored when average != 'binary' (got 'weighted'). You may use labels=[pos_label] to specify a single positive class.
  warnings.warn(

2025-12-06 12:41:17,484:WARNING:C:\Users\dell\anaconda3\envs\churn_env\lib\site-packages\sklearn\metrics\_classification.py:1396: UserWarning: Note that pos_label (set to 'Yes') is ignored when average != 'binary' (got 'weighted'). You may use labels=[pos_label] to specify a single positive class.
  warnings.warn(

2025-12-06 12:41:17,486:WARNING:C:\Users\dell\anaconda3\envs\churn_env\lib\site-packages\sklearn\metrics\_classification.py:1396: UserWarning: Note that pos_label (set to 'Yes') is ignored when average != 'binary' (got 'weighted'). You may use labels=[pos_label] to specify a single positive class.
  warnings.warn(

2025-12-06 12:41:17,492:WARNING:C:\Users\dell\anaconda3\envs\churn_env\lib\site-packages\sklearn\metrics\_classification.py:1396: UserWarning: Note that pos_label (set to 'Yes') is ignored when average != 'binary' (got 'weighted'). You may use labels=[pos_label] to specify a single positive class.
  warnings.warn(

2025-12-06 12:41:17,494:WARNING:C:\Users\dell\anaconda3\envs\churn_env\lib\site-packages\pycaret\internal\metrics.py:190: FitFailedWarning: Metric 'make_scorer(roc_auc_score, needs_proba=True, error_score=0.0, average=weighted, multi_class=ovr)' failed and error score 0.0 has been returned instead. If this is a custom metric, this usually means that the error is in the metric code. Full exception below:
Traceback (most recent call last):
  File "C:\Users\dell\anaconda3\envs\churn_env\lib\site-packages\sklearn\metrics\_scorer.py", line 76, in _cached_call
    return cache[method]
KeyError: 'predict_proba'

During handling of the above exception, another exception occurred:

Traceback (most recent call last):
  File "C:\Users\dell\anaconda3\envs\churn_env\lib\site-packages\pycaret\internal\metrics.py", line 182, in _score
    return super()._score(
  File "C:\Users\dell\anaconda3\envs\churn_env\lib\site-packages\sklearn\metrics\_scorer.py", line 316, in _score
    y_pred = method_caller(clf, "predict_proba", X)
  File "C:\Users\dell\anaconda3\envs\churn_env\lib\site-packages\sklearn\metrics\_scorer.py", line 78, in _cached_call
    result = getattr(estimator, method)(*args, **kwargs)
  File "C:\Users\dell\anaconda3\envs\churn_env\lib\site-packages\pycaret\internal\pipeline.py", line 127, in __getattr__
    return getattr(self._final_estimator, name)
AttributeError: 'RidgeClassifier' object has no attribute 'predict_proba'

  warnings.warn(

2025-12-06 12:41:17,498:WARNING:C:\Users\dell\anaconda3\envs\churn_env\lib\site-packages\sklearn\metrics\_classification.py:1396: UserWarning: Note that pos_label (set to 'Yes') is ignored when average != 'binary' (got 'weighted'). You may use labels=[pos_label] to specify a single positive class.
  warnings.warn(

2025-12-06 12:41:17,507:WARNING:C:\Users\dell\anaconda3\envs\churn_env\lib\site-packages\sklearn\metrics\_classification.py:1396: UserWarning: Note that pos_label (set to 'Yes') is ignored when average != 'binary' (got 'weighted'). You may use labels=[pos_label] to specify a single positive class.
  warnings.warn(

2025-12-06 12:41:17,513:WARNING:C:\Users\dell\anaconda3\envs\churn_env\lib\site-packages\sklearn\metrics\_classification.py:1396: UserWarning: Note that pos_label (set to 'Yes') is ignored when average != 'binary' (got 'weighted'). You may use labels=[pos_label] to specify a single positive class.
  warnings.warn(

2025-12-06 12:41:18,268:WARNING:C:\Users\dell\anaconda3\envs\churn_env\lib\site-packages\pycaret\internal\metrics.py:190: FitFailedWarning: Metric 'make_scorer(roc_auc_score, needs_proba=True, error_score=0.0, average=weighted, multi_class=ovr)' failed and error score 0.0 has been returned instead. If this is a custom metric, this usually means that the error is in the metric code. Full exception below:
Traceback (most recent call last):
  File "C:\Users\dell\anaconda3\envs\churn_env\lib\site-packages\sklearn\metrics\_scorer.py", line 76, in _cached_call
    return cache[method]
KeyError: 'predict_proba'

During handling of the above exception, another exception occurred:

Traceback (most recent call last):
  File "C:\Users\dell\anaconda3\envs\churn_env\lib\site-packages\pycaret\internal\metrics.py", line 182, in _score
    return super()._score(
  File "C:\Users\dell\anaconda3\envs\churn_env\lib\site-packages\sklearn\metrics\_scorer.py", line 316, in _score
    y_pred = method_caller(clf, "predict_proba", X)
  File "C:\Users\dell\anaconda3\envs\churn_env\lib\site-packages\sklearn\metrics\_scorer.py", line 78, in _cached_call
    result = getattr(estimator, method)(*args, **kwargs)
  File "C:\Users\dell\anaconda3\envs\churn_env\lib\site-packages\pycaret\internal\pipeline.py", line 127, in __getattr__
    return getattr(self._final_estimator, name)
AttributeError: 'RidgeClassifier' object has no attribute 'predict_proba'

  warnings.warn(

2025-12-06 12:41:18,268:WARNING:C:\Users\dell\anaconda3\envs\churn_env\lib\site-packages\sklearn\metrics\_classification.py:1396: UserWarning: Note that pos_label (set to 'Yes') is ignored when average != 'binary' (got 'weighted'). You may use labels=[pos_label] to specify a single positive class.
  warnings.warn(

2025-12-06 12:41:18,284:WARNING:C:\Users\dell\anaconda3\envs\churn_env\lib\site-packages\sklearn\metrics\_classification.py:1396: UserWarning: Note that pos_label (set to 'Yes') is ignored when average != 'binary' (got 'weighted'). You may use labels=[pos_label] to specify a single positive class.
  warnings.warn(

2025-12-06 12:41:18,284:WARNING:C:\Users\dell\anaconda3\envs\churn_env\lib\site-packages\pycaret\internal\metrics.py:190: FitFailedWarning: Metric 'make_scorer(roc_auc_score, needs_proba=True, error_score=0.0, average=weighted, multi_class=ovr)' failed and error score 0.0 has been returned instead. If this is a custom metric, this usually means that the error is in the metric code. Full exception below:
Traceback (most recent call last):
  File "C:\Users\dell\anaconda3\envs\churn_env\lib\site-packages\sklearn\metrics\_scorer.py", line 76, in _cached_call
    return cache[method]
KeyError: 'predict_proba'

During handling of the above exception, another exception occurred:

Traceback (most recent call last):
  File "C:\Users\dell\anaconda3\envs\churn_env\lib\site-packages\pycaret\internal\metrics.py", line 182, in _score
    return super()._score(
  File "C:\Users\dell\anaconda3\envs\churn_env\lib\site-packages\sklearn\metrics\_scorer.py", line 316, in _score
    y_pred = method_caller(clf, "predict_proba", X)
  File "C:\Users\dell\anaconda3\envs\churn_env\lib\site-packages\sklearn\metrics\_scorer.py", line 78, in _cached_call
    result = getattr(estimator, method)(*args, **kwargs)
  File "C:\Users\dell\anaconda3\envs\churn_env\lib\site-packages\pycaret\internal\pipeline.py", line 127, in __getattr__
    return getattr(self._final_estimator, name)
AttributeError: 'RidgeClassifier' object has no attribute 'predict_proba'

  warnings.warn(

2025-12-06 12:41:18,294:WARNING:C:\Users\dell\anaconda3\envs\churn_env\lib\site-packages\sklearn\metrics\_classification.py:1396: UserWarning: Note that pos_label (set to 'Yes') is ignored when average != 'binary' (got 'weighted'). You may use labels=[pos_label] to specify a single positive class.
  warnings.warn(

2025-12-06 12:41:18,298:WARNING:C:\Users\dell\anaconda3\envs\churn_env\lib\site-packages\sklearn\metrics\_classification.py:1396: UserWarning: Note that pos_label (set to 'Yes') is ignored when average != 'binary' (got 'weighted'). You may use labels=[pos_label] to specify a single positive class.
  warnings.warn(

2025-12-06 12:41:18,300:WARNING:C:\Users\dell\anaconda3\envs\churn_env\lib\site-packages\sklearn\metrics\_classification.py:1396: UserWarning: Note that pos_label (set to 'Yes') is ignored when average != 'binary' (got 'weighted'). You may use labels=[pos_label] to specify a single positive class.
  warnings.warn(

2025-12-06 12:41:18,318:WARNING:C:\Users\dell\anaconda3\envs\churn_env\lib\site-packages\sklearn\metrics\_classification.py:1396: UserWarning: Note that pos_label (set to 'Yes') is ignored when average != 'binary' (got 'weighted'). You may use labels=[pos_label] to specify a single positive class.
  warnings.warn(

2025-12-06 12:41:18,336:INFO:Calculating mean and std
2025-12-06 12:41:18,341:INFO:Creating metrics dataframe
2025-12-06 12:41:18,353:INFO:Uploading results into container
2025-12-06 12:41:18,359:INFO:Uploading model into container now
2025-12-06 12:41:18,359:INFO:_master_model_container: 6
2025-12-06 12:41:18,359:INFO:_display_container: 2
2025-12-06 12:41:18,359:INFO:RidgeClassifier(alpha=1.0, class_weight=None, copy_X=True, fit_intercept=True,
                max_iter=None, positive=False, random_state=123, solver='auto',
                tol=0.0001)
2025-12-06 12:41:18,359:INFO:create_model() successfully completed......................................
2025-12-06 12:41:18,476:INFO:SubProcess create_model() end ==================================
2025-12-06 12:41:18,476:INFO:Creating metrics dataframe
2025-12-06 12:41:18,490:INFO:Initializing Random Forest Classifier
2025-12-06 12:41:18,490:INFO:Total runtime is 0.5304874102274577 minutes
2025-12-06 12:41:18,490:INFO:SubProcess create_model() called ==================================
2025-12-06 12:41:18,490:INFO:Initializing create_model()
2025-12-06 12:41:18,490:INFO:create_model(self=<pycaret.classification.oop.ClassificationExperiment object at 0x0000012B4EC96850>, estimator=rf, fold=StratifiedKFold(n_splits=10, random_state=None, shuffle=False), round=4, cross_validation=True, predict=True, fit_kwargs={}, groups=None, refit=False, probability_threshold=None, experiment_custom_tags=None, verbose=False, system=False, add_to_model_list=True, metrics=None, display=<pycaret.internal.display.display.CommonDisplay object at 0x0000012B7665C5E0>, model_only=True, return_train_score=False, error_score=0.0, kwargs={})
2025-12-06 12:41:18,490:INFO:Checking exceptions
2025-12-06 12:41:18,490:INFO:Importing libraries
2025-12-06 12:41:18,490:INFO:Copying training dataset
2025-12-06 12:41:18,514:INFO:Defining folds
2025-12-06 12:41:18,514:INFO:Declaring metric variables
2025-12-06 12:41:18,514:INFO:Importing untrained model
2025-12-06 12:41:18,514:INFO:Random Forest Classifier Imported successfully
2025-12-06 12:41:18,514:INFO:Starting cross validation
2025-12-06 12:41:18,521:INFO:Cross validating with StratifiedKFold(n_splits=10, random_state=None, shuffle=False), n_jobs=-1
2025-12-06 12:41:20,704:WARNING:C:\Users\dell\anaconda3\envs\churn_env\lib\site-packages\sklearn\metrics\_classification.py:1396: UserWarning: Note that pos_label (set to 'Yes') is ignored when average != 'binary' (got 'weighted'). You may use labels=[pos_label] to specify a single positive class.
  warnings.warn(

2025-12-06 12:41:20,704:WARNING:C:\Users\dell\anaconda3\envs\churn_env\lib\site-packages\sklearn\metrics\_classification.py:1396: UserWarning: Note that pos_label (set to 'Yes') is ignored when average != 'binary' (got 'weighted'). You may use labels=[pos_label] to specify a single positive class.
  warnings.warn(

2025-12-06 12:41:20,704:WARNING:C:\Users\dell\anaconda3\envs\churn_env\lib\site-packages\sklearn\metrics\_classification.py:1396: UserWarning: Note that pos_label (set to 'Yes') is ignored when average != 'binary' (got 'weighted'). You may use labels=[pos_label] to specify a single positive class.
  warnings.warn(

2025-12-06 12:41:20,717:WARNING:C:\Users\dell\anaconda3\envs\churn_env\lib\site-packages\sklearn\metrics\_classification.py:1396: UserWarning: Note that pos_label (set to 'Yes') is ignored when average != 'binary' (got 'weighted'). You may use labels=[pos_label] to specify a single positive class.
  warnings.warn(

2025-12-06 12:41:20,717:WARNING:C:\Users\dell\anaconda3\envs\churn_env\lib\site-packages\sklearn\metrics\_classification.py:1396: UserWarning: Note that pos_label (set to 'Yes') is ignored when average != 'binary' (got 'weighted'). You may use labels=[pos_label] to specify a single positive class.
  warnings.warn(

2025-12-06 12:41:20,719:WARNING:C:\Users\dell\anaconda3\envs\churn_env\lib\site-packages\sklearn\metrics\_classification.py:1396: UserWarning: Note that pos_label (set to 'Yes') is ignored when average != 'binary' (got 'weighted'). You may use labels=[pos_label] to specify a single positive class.
  warnings.warn(

2025-12-06 12:41:20,726:WARNING:C:\Users\dell\anaconda3\envs\churn_env\lib\site-packages\sklearn\metrics\_classification.py:1344: UndefinedMetricWarning: Precision is ill-defined and being set to 0.0 in labels with no predicted samples. Use `zero_division` parameter to control this behavior.
  _warn_prf(average, modifier, msg_start, len(result))

2025-12-06 12:41:20,729:WARNING:C:\Users\dell\anaconda3\envs\churn_env\lib\site-packages\sklearn\metrics\_classification.py:1344: UndefinedMetricWarning: Precision is ill-defined and being set to 0.0 in labels with no predicted samples. Use `zero_division` parameter to control this behavior.
  _warn_prf(average, modifier, msg_start, len(result))

2025-12-06 12:41:20,729:WARNING:C:\Users\dell\anaconda3\envs\churn_env\lib\site-packages\sklearn\metrics\_classification.py:1344: UndefinedMetricWarning: Precision is ill-defined and being set to 0.0 in labels with no predicted samples. Use `zero_division` parameter to control this behavior.
  _warn_prf(average, modifier, msg_start, len(result))

2025-12-06 12:41:20,732:WARNING:C:\Users\dell\anaconda3\envs\churn_env\lib\site-packages\sklearn\metrics\_classification.py:1396: UserWarning: Note that pos_label (set to 'Yes') is ignored when average != 'binary' (got 'weighted'). You may use labels=[pos_label] to specify a single positive class.
  warnings.warn(

2025-12-06 12:41:20,737:WARNING:C:\Users\dell\anaconda3\envs\churn_env\lib\site-packages\sklearn\metrics\_classification.py:1396: UserWarning: Note that pos_label (set to 'Yes') is ignored when average != 'binary' (got 'weighted'). You may use labels=[pos_label] to specify a single positive class.
  warnings.warn(

2025-12-06 12:41:20,742:WARNING:C:\Users\dell\anaconda3\envs\churn_env\lib\site-packages\sklearn\metrics\_classification.py:1396: UserWarning: Note that pos_label (set to 'Yes') is ignored when average != 'binary' (got 'weighted'). You may use labels=[pos_label] to specify a single positive class.
  warnings.warn(

2025-12-06 12:41:20,751:WARNING:C:\Users\dell\anaconda3\envs\churn_env\lib\site-packages\sklearn\metrics\_classification.py:1396: UserWarning: Note that pos_label (set to 'Yes') is ignored when average != 'binary' (got 'weighted'). You may use labels=[pos_label] to specify a single positive class.
  warnings.warn(

2025-12-06 12:41:20,752:WARNING:C:\Users\dell\anaconda3\envs\churn_env\lib\site-packages\sklearn\metrics\_classification.py:1396: UserWarning: Note that pos_label (set to 'Yes') is ignored when average != 'binary' (got 'weighted'). You may use labels=[pos_label] to specify a single positive class.
  warnings.warn(

2025-12-06 12:41:20,764:WARNING:C:\Users\dell\anaconda3\envs\churn_env\lib\site-packages\sklearn\metrics\_classification.py:1396: UserWarning: Note that pos_label (set to 'Yes') is ignored when average != 'binary' (got 'weighted'). You may use labels=[pos_label] to specify a single positive class.
  warnings.warn(

2025-12-06 12:41:20,766:WARNING:C:\Users\dell\anaconda3\envs\churn_env\lib\site-packages\sklearn\metrics\_classification.py:1396: UserWarning: Note that pos_label (set to 'Yes') is ignored when average != 'binary' (got 'weighted'). You may use labels=[pos_label] to specify a single positive class.
  warnings.warn(

2025-12-06 12:41:20,768:WARNING:C:\Users\dell\anaconda3\envs\churn_env\lib\site-packages\sklearn\metrics\_classification.py:1344: UndefinedMetricWarning: Precision is ill-defined and being set to 0.0 in labels with no predicted samples. Use `zero_division` parameter to control this behavior.
  _warn_prf(average, modifier, msg_start, len(result))

2025-12-06 12:41:20,775:WARNING:C:\Users\dell\anaconda3\envs\churn_env\lib\site-packages\sklearn\metrics\_classification.py:1344: UndefinedMetricWarning: Precision is ill-defined and being set to 0.0 in labels with no predicted samples. Use `zero_division` parameter to control this behavior.
  _warn_prf(average, modifier, msg_start, len(result))

2025-12-06 12:41:20,779:WARNING:C:\Users\dell\anaconda3\envs\churn_env\lib\site-packages\sklearn\metrics\_classification.py:1396: UserWarning: Note that pos_label (set to 'Yes') is ignored when average != 'binary' (got 'weighted'). You may use labels=[pos_label] to specify a single positive class.
  warnings.warn(

2025-12-06 12:41:20,781:WARNING:C:\Users\dell\anaconda3\envs\churn_env\lib\site-packages\sklearn\metrics\_classification.py:1396: UserWarning: Note that pos_label (set to 'Yes') is ignored when average != 'binary' (got 'weighted'). You may use labels=[pos_label] to specify a single positive class.
  warnings.warn(

2025-12-06 12:41:20,783:WARNING:C:\Users\dell\anaconda3\envs\churn_env\lib\site-packages\sklearn\metrics\_classification.py:1396: UserWarning: Note that pos_label (set to 'Yes') is ignored when average != 'binary' (got 'weighted'). You may use labels=[pos_label] to specify a single positive class.
  warnings.warn(

2025-12-06 12:41:20,795:WARNING:C:\Users\dell\anaconda3\envs\churn_env\lib\site-packages\sklearn\metrics\_classification.py:1396: UserWarning: Note that pos_label (set to 'Yes') is ignored when average != 'binary' (got 'weighted'). You may use labels=[pos_label] to specify a single positive class.
  warnings.warn(

2025-12-06 12:41:20,798:WARNING:C:\Users\dell\anaconda3\envs\churn_env\lib\site-packages\sklearn\metrics\_classification.py:1344: UndefinedMetricWarning: Precision is ill-defined and being set to 0.0 in labels with no predicted samples. Use `zero_division` parameter to control this behavior.
  _warn_prf(average, modifier, msg_start, len(result))

2025-12-06 12:41:20,804:WARNING:C:\Users\dell\anaconda3\envs\churn_env\lib\site-packages\sklearn\metrics\_classification.py:1396: UserWarning: Note that pos_label (set to 'Yes') is ignored when average != 'binary' (got 'weighted'). You may use labels=[pos_label] to specify a single positive class.
  warnings.warn(

2025-12-06 12:41:20,831:WARNING:C:\Users\dell\anaconda3\envs\churn_env\lib\site-packages\sklearn\metrics\_classification.py:1396: UserWarning: Note that pos_label (set to 'Yes') is ignored when average != 'binary' (got 'weighted'). You may use labels=[pos_label] to specify a single positive class.
  warnings.warn(

2025-12-06 12:41:20,838:WARNING:C:\Users\dell\anaconda3\envs\churn_env\lib\site-packages\sklearn\metrics\_classification.py:1396: UserWarning: Note that pos_label (set to 'Yes') is ignored when average != 'binary' (got 'weighted'). You may use labels=[pos_label] to specify a single positive class.
  warnings.warn(

2025-12-06 12:41:20,845:WARNING:C:\Users\dell\anaconda3\envs\churn_env\lib\site-packages\sklearn\metrics\_classification.py:1344: UndefinedMetricWarning: Precision is ill-defined and being set to 0.0 in labels with no predicted samples. Use `zero_division` parameter to control this behavior.
  _warn_prf(average, modifier, msg_start, len(result))

2025-12-06 12:41:20,849:WARNING:C:\Users\dell\anaconda3\envs\churn_env\lib\site-packages\sklearn\metrics\_classification.py:1396: UserWarning: Note that pos_label (set to 'Yes') is ignored when average != 'binary' (got 'weighted'). You may use labels=[pos_label] to specify a single positive class.
  warnings.warn(

2025-12-06 12:41:20,945:WARNING:C:\Users\dell\anaconda3\envs\churn_env\lib\site-packages\sklearn\metrics\_classification.py:1396: UserWarning: Note that pos_label (set to 'Yes') is ignored when average != 'binary' (got 'weighted'). You may use labels=[pos_label] to specify a single positive class.
  warnings.warn(

2025-12-06 12:41:20,963:WARNING:C:\Users\dell\anaconda3\envs\churn_env\lib\site-packages\sklearn\metrics\_classification.py:1396: UserWarning: Note that pos_label (set to 'Yes') is ignored when average != 'binary' (got 'weighted'). You may use labels=[pos_label] to specify a single positive class.
  warnings.warn(

2025-12-06 12:41:20,975:WARNING:C:\Users\dell\anaconda3\envs\churn_env\lib\site-packages\sklearn\metrics\_classification.py:1344: UndefinedMetricWarning: Precision is ill-defined and being set to 0.0 in labels with no predicted samples. Use `zero_division` parameter to control this behavior.
  _warn_prf(average, modifier, msg_start, len(result))

2025-12-06 12:41:20,978:WARNING:C:\Users\dell\anaconda3\envs\churn_env\lib\site-packages\sklearn\metrics\_classification.py:1396: UserWarning: Note that pos_label (set to 'Yes') is ignored when average != 'binary' (got 'weighted'). You may use labels=[pos_label] to specify a single positive class.
  warnings.warn(

2025-12-06 12:41:21,945:WARNING:C:\Users\dell\anaconda3\envs\churn_env\lib\site-packages\sklearn\metrics\_classification.py:1396: UserWarning: Note that pos_label (set to 'Yes') is ignored when average != 'binary' (got 'weighted'). You may use labels=[pos_label] to specify a single positive class.
  warnings.warn(

2025-12-06 12:41:21,951:WARNING:C:\Users\dell\anaconda3\envs\churn_env\lib\site-packages\sklearn\metrics\_classification.py:1396: UserWarning: Note that pos_label (set to 'Yes') is ignored when average != 'binary' (got 'weighted'). You may use labels=[pos_label] to specify a single positive class.
  warnings.warn(

2025-12-06 12:41:21,953:WARNING:C:\Users\dell\anaconda3\envs\churn_env\lib\site-packages\sklearn\metrics\_classification.py:1396: UserWarning: Note that pos_label (set to 'Yes') is ignored when average != 'binary' (got 'weighted'). You may use labels=[pos_label] to specify a single positive class.
  warnings.warn(

2025-12-06 12:41:21,954:WARNING:C:\Users\dell\anaconda3\envs\churn_env\lib\site-packages\sklearn\metrics\_classification.py:1344: UndefinedMetricWarning: Precision is ill-defined and being set to 0.0 in labels with no predicted samples. Use `zero_division` parameter to control this behavior.
  _warn_prf(average, modifier, msg_start, len(result))

2025-12-06 12:41:21,956:WARNING:C:\Users\dell\anaconda3\envs\churn_env\lib\site-packages\sklearn\metrics\_classification.py:1396: UserWarning: Note that pos_label (set to 'Yes') is ignored when average != 'binary' (got 'weighted'). You may use labels=[pos_label] to specify a single positive class.
  warnings.warn(

2025-12-06 12:41:21,956:WARNING:C:\Users\dell\anaconda3\envs\churn_env\lib\site-packages\sklearn\metrics\_classification.py:1396: UserWarning: Note that pos_label (set to 'Yes') is ignored when average != 'binary' (got 'weighted'). You may use labels=[pos_label] to specify a single positive class.
  warnings.warn(

2025-12-06 12:41:21,956:WARNING:C:\Users\dell\anaconda3\envs\churn_env\lib\site-packages\sklearn\metrics\_classification.py:1344: UndefinedMetricWarning: Precision is ill-defined and being set to 0.0 in labels with no predicted samples. Use `zero_division` parameter to control this behavior.
  _warn_prf(average, modifier, msg_start, len(result))

2025-12-06 12:41:21,956:WARNING:C:\Users\dell\anaconda3\envs\churn_env\lib\site-packages\sklearn\metrics\_classification.py:1396: UserWarning: Note that pos_label (set to 'Yes') is ignored when average != 'binary' (got 'weighted'). You may use labels=[pos_label] to specify a single positive class.
  warnings.warn(

2025-12-06 12:41:21,971:INFO:Calculating mean and std
2025-12-06 12:41:21,973:INFO:Creating metrics dataframe
2025-12-06 12:41:21,973:INFO:Uploading results into container
2025-12-06 12:41:21,973:INFO:Uploading model into container now
2025-12-06 12:41:21,973:INFO:_master_model_container: 7
2025-12-06 12:41:21,973:INFO:_display_container: 2
2025-12-06 12:41:21,973:INFO:RandomForestClassifier(bootstrap=True, ccp_alpha=0.0, class_weight=None,
                       criterion='gini', max_depth=None, max_features='sqrt',
                       max_leaf_nodes=None, max_samples=None,
                       min_impurity_decrease=0.0, min_samples_leaf=1,
                       min_samples_split=2, min_weight_fraction_leaf=0.0,
                       n_estimators=100, n_jobs=-1, oob_score=False,
                       random_state=123, verbose=0, warm_start=False)
2025-12-06 12:41:21,973:INFO:create_model() successfully completed......................................
2025-12-06 12:41:22,123:INFO:SubProcess create_model() end ==================================
2025-12-06 12:41:22,123:INFO:Creating metrics dataframe
2025-12-06 12:41:22,131:INFO:Initializing Quadratic Discriminant Analysis
2025-12-06 12:41:22,132:INFO:Total runtime is 0.5911827921867371 minutes
2025-12-06 12:41:22,132:INFO:SubProcess create_model() called ==================================
2025-12-06 12:41:22,132:INFO:Initializing create_model()
2025-12-06 12:41:22,132:INFO:create_model(self=<pycaret.classification.oop.ClassificationExperiment object at 0x0000012B4EC96850>, estimator=qda, fold=StratifiedKFold(n_splits=10, random_state=None, shuffle=False), round=4, cross_validation=True, predict=True, fit_kwargs={}, groups=None, refit=False, probability_threshold=None, experiment_custom_tags=None, verbose=False, system=False, add_to_model_list=True, metrics=None, display=<pycaret.internal.display.display.CommonDisplay object at 0x0000012B7665C5E0>, model_only=True, return_train_score=False, error_score=0.0, kwargs={})
2025-12-06 12:41:22,132:INFO:Checking exceptions
2025-12-06 12:41:22,133:INFO:Importing libraries
2025-12-06 12:41:22,133:INFO:Copying training dataset
2025-12-06 12:41:22,141:INFO:Defining folds
2025-12-06 12:41:22,141:INFO:Declaring metric variables
2025-12-06 12:41:22,141:INFO:Importing untrained model
2025-12-06 12:41:22,141:INFO:Quadratic Discriminant Analysis Imported successfully
2025-12-06 12:41:22,146:INFO:Starting cross validation
2025-12-06 12:41:22,150:INFO:Cross validating with StratifiedKFold(n_splits=10, random_state=None, shuffle=False), n_jobs=-1
2025-12-06 12:41:24,069:WARNING:C:\Users\dell\anaconda3\envs\churn_env\lib\site-packages\sklearn\discriminant_analysis.py:926: UserWarning: Variables are collinear
  warnings.warn("Variables are collinear")

2025-12-06 12:41:24,256:WARNING:C:\Users\dell\anaconda3\envs\churn_env\lib\site-packages\sklearn\discriminant_analysis.py:926: UserWarning: Variables are collinear
  warnings.warn("Variables are collinear")

2025-12-06 12:41:24,271:WARNING:C:\Users\dell\anaconda3\envs\churn_env\lib\site-packages\sklearn\discriminant_analysis.py:926: UserWarning: Variables are collinear
  warnings.warn("Variables are collinear")

2025-12-06 12:41:24,346:WARNING:C:\Users\dell\anaconda3\envs\churn_env\lib\site-packages\sklearn\discriminant_analysis.py:926: UserWarning: Variables are collinear
  warnings.warn("Variables are collinear")

2025-12-06 12:41:24,383:WARNING:C:\Users\dell\anaconda3\envs\churn_env\lib\site-packages\sklearn\discriminant_analysis.py:926: UserWarning: Variables are collinear
  warnings.warn("Variables are collinear")

2025-12-06 12:41:24,526:WARNING:C:\Users\dell\anaconda3\envs\churn_env\lib\site-packages\sklearn\metrics\_classification.py:1396: UserWarning: Note that pos_label (set to 'Yes') is ignored when average != 'binary' (got 'weighted'). You may use labels=[pos_label] to specify a single positive class.
  warnings.warn(

2025-12-06 12:41:24,548:WARNING:C:\Users\dell\anaconda3\envs\churn_env\lib\site-packages\sklearn\metrics\_classification.py:1396: UserWarning: Note that pos_label (set to 'Yes') is ignored when average != 'binary' (got 'weighted'). You may use labels=[pos_label] to specify a single positive class.
  warnings.warn(

2025-12-06 12:41:24,559:WARNING:C:\Users\dell\anaconda3\envs\churn_env\lib\site-packages\sklearn\metrics\_classification.py:1344: UndefinedMetricWarning: Precision is ill-defined and being set to 0.0 in labels with no predicted samples. Use `zero_division` parameter to control this behavior.
  _warn_prf(average, modifier, msg_start, len(result))

2025-12-06 12:41:24,576:WARNING:C:\Users\dell\anaconda3\envs\churn_env\lib\site-packages\sklearn\metrics\_classification.py:1396: UserWarning: Note that pos_label (set to 'Yes') is ignored when average != 'binary' (got 'weighted'). You may use labels=[pos_label] to specify a single positive class.
  warnings.warn(

2025-12-06 12:41:24,595:WARNING:C:\Users\dell\anaconda3\envs\churn_env\lib\site-packages\sklearn\discriminant_analysis.py:926: UserWarning: Variables are collinear
  warnings.warn("Variables are collinear")

2025-12-06 12:41:24,615:WARNING:C:\Users\dell\anaconda3\envs\churn_env\lib\site-packages\sklearn\discriminant_analysis.py:926: UserWarning: Variables are collinear
  warnings.warn("Variables are collinear")

2025-12-06 12:41:24,639:WARNING:C:\Users\dell\anaconda3\envs\churn_env\lib\site-packages\sklearn\metrics\_classification.py:1396: UserWarning: Note that pos_label (set to 'Yes') is ignored when average != 'binary' (got 'weighted'). You may use labels=[pos_label] to specify a single positive class.
  warnings.warn(

2025-12-06 12:41:24,651:WARNING:C:\Users\dell\anaconda3\envs\churn_env\lib\site-packages\sklearn\metrics\_classification.py:1396: UserWarning: Note that pos_label (set to 'Yes') is ignored when average != 'binary' (got 'weighted'). You may use labels=[pos_label] to specify a single positive class.
  warnings.warn(

2025-12-06 12:41:24,651:WARNING:C:\Users\dell\anaconda3\envs\churn_env\lib\site-packages\sklearn\metrics\_classification.py:1396: UserWarning: Note that pos_label (set to 'Yes') is ignored when average != 'binary' (got 'weighted'). You may use labels=[pos_label] to specify a single positive class.
  warnings.warn(

2025-12-06 12:41:24,658:WARNING:C:\Users\dell\anaconda3\envs\churn_env\lib\site-packages\sklearn\metrics\_classification.py:1344: UndefinedMetricWarning: Precision is ill-defined and being set to 0.0 in labels with no predicted samples. Use `zero_division` parameter to control this behavior.
  _warn_prf(average, modifier, msg_start, len(result))

2025-12-06 12:41:24,663:WARNING:C:\Users\dell\anaconda3\envs\churn_env\lib\site-packages\sklearn\metrics\_classification.py:1396: UserWarning: Note that pos_label (set to 'Yes') is ignored when average != 'binary' (got 'weighted'). You may use labels=[pos_label] to specify a single positive class.
  warnings.warn(

2025-12-06 12:41:24,664:WARNING:C:\Users\dell\anaconda3\envs\churn_env\lib\site-packages\sklearn\metrics\_classification.py:1396: UserWarning: Note that pos_label (set to 'Yes') is ignored when average != 'binary' (got 'weighted'). You may use labels=[pos_label] to specify a single positive class.
  warnings.warn(

2025-12-06 12:41:24,669:WARNING:C:\Users\dell\anaconda3\envs\churn_env\lib\site-packages\sklearn\metrics\_classification.py:1344: UndefinedMetricWarning: Precision is ill-defined and being set to 0.0 in labels with no predicted samples. Use `zero_division` parameter to control this behavior.
  _warn_prf(average, modifier, msg_start, len(result))

2025-12-06 12:41:24,673:WARNING:C:\Users\dell\anaconda3\envs\churn_env\lib\site-packages\sklearn\metrics\_classification.py:1396: UserWarning: Note that pos_label (set to 'Yes') is ignored when average != 'binary' (got 'weighted'). You may use labels=[pos_label] to specify a single positive class.
  warnings.warn(

2025-12-06 12:41:24,673:WARNING:C:\Users\dell\anaconda3\envs\churn_env\lib\site-packages\sklearn\metrics\_classification.py:1396: UserWarning: Note that pos_label (set to 'Yes') is ignored when average != 'binary' (got 'weighted'). You may use labels=[pos_label] to specify a single positive class.
  warnings.warn(

2025-12-06 12:41:24,682:WARNING:C:\Users\dell\anaconda3\envs\churn_env\lib\site-packages\sklearn\metrics\_classification.py:1396: UserWarning: Note that pos_label (set to 'Yes') is ignored when average != 'binary' (got 'weighted'). You may use labels=[pos_label] to specify a single positive class.
  warnings.warn(

2025-12-06 12:41:24,686:WARNING:C:\Users\dell\anaconda3\envs\churn_env\lib\site-packages\sklearn\metrics\_classification.py:1344: UndefinedMetricWarning: Precision is ill-defined and being set to 0.0 in labels with no predicted samples. Use `zero_division` parameter to control this behavior.
  _warn_prf(average, modifier, msg_start, len(result))

2025-12-06 12:41:24,691:WARNING:C:\Users\dell\anaconda3\envs\churn_env\lib\site-packages\sklearn\metrics\_classification.py:1396: UserWarning: Note that pos_label (set to 'Yes') is ignored when average != 'binary' (got 'weighted'). You may use labels=[pos_label] to specify a single positive class.
  warnings.warn(

2025-12-06 12:41:24,720:WARNING:C:\Users\dell\anaconda3\envs\churn_env\lib\site-packages\sklearn\metrics\_classification.py:1396: UserWarning: Note that pos_label (set to 'Yes') is ignored when average != 'binary' (got 'weighted'). You may use labels=[pos_label] to specify a single positive class.
  warnings.warn(

2025-12-06 12:41:24,733:WARNING:C:\Users\dell\anaconda3\envs\churn_env\lib\site-packages\sklearn\metrics\_classification.py:1396: UserWarning: Note that pos_label (set to 'Yes') is ignored when average != 'binary' (got 'weighted'). You may use labels=[pos_label] to specify a single positive class.
  warnings.warn(

2025-12-06 12:41:24,739:WARNING:C:\Users\dell\anaconda3\envs\churn_env\lib\site-packages\sklearn\metrics\_classification.py:1344: UndefinedMetricWarning: Precision is ill-defined and being set to 0.0 in labels with no predicted samples. Use `zero_division` parameter to control this behavior.
  _warn_prf(average, modifier, msg_start, len(result))

2025-12-06 12:41:24,744:WARNING:C:\Users\dell\anaconda3\envs\churn_env\lib\site-packages\sklearn\metrics\_classification.py:1396: UserWarning: Note that pos_label (set to 'Yes') is ignored when average != 'binary' (got 'weighted'). You may use labels=[pos_label] to specify a single positive class.
  warnings.warn(

2025-12-06 12:41:24,781:WARNING:C:\Users\dell\anaconda3\envs\churn_env\lib\site-packages\sklearn\discriminant_analysis.py:926: UserWarning: Variables are collinear
  warnings.warn("Variables are collinear")

2025-12-06 12:41:24,821:WARNING:C:\Users\dell\anaconda3\envs\churn_env\lib\site-packages\sklearn\metrics\_classification.py:1396: UserWarning: Note that pos_label (set to 'Yes') is ignored when average != 'binary' (got 'weighted'). You may use labels=[pos_label] to specify a single positive class.
  warnings.warn(

2025-12-06 12:41:24,829:WARNING:C:\Users\dell\anaconda3\envs\churn_env\lib\site-packages\sklearn\metrics\_classification.py:1396: UserWarning: Note that pos_label (set to 'Yes') is ignored when average != 'binary' (got 'weighted'). You may use labels=[pos_label] to specify a single positive class.
  warnings.warn(

2025-12-06 12:41:24,835:WARNING:C:\Users\dell\anaconda3\envs\churn_env\lib\site-packages\sklearn\metrics\_classification.py:1344: UndefinedMetricWarning: Precision is ill-defined and being set to 0.0 in labels with no predicted samples. Use `zero_division` parameter to control this behavior.
  _warn_prf(average, modifier, msg_start, len(result))

2025-12-06 12:41:24,839:WARNING:C:\Users\dell\anaconda3\envs\churn_env\lib\site-packages\sklearn\metrics\_classification.py:1396: UserWarning: Note that pos_label (set to 'Yes') is ignored when average != 'binary' (got 'weighted'). You may use labels=[pos_label] to specify a single positive class.
  warnings.warn(

2025-12-06 12:41:24,843:WARNING:C:\Users\dell\anaconda3\envs\churn_env\lib\site-packages\sklearn\metrics\_classification.py:1396: UserWarning: Note that pos_label (set to 'Yes') is ignored when average != 'binary' (got 'weighted'). You may use labels=[pos_label] to specify a single positive class.
  warnings.warn(

2025-12-06 12:41:24,855:WARNING:C:\Users\dell\anaconda3\envs\churn_env\lib\site-packages\sklearn\metrics\_classification.py:1396: UserWarning: Note that pos_label (set to 'Yes') is ignored when average != 'binary' (got 'weighted'). You may use labels=[pos_label] to specify a single positive class.
  warnings.warn(

2025-12-06 12:41:24,861:WARNING:C:\Users\dell\anaconda3\envs\churn_env\lib\site-packages\sklearn\metrics\_classification.py:1344: UndefinedMetricWarning: Precision is ill-defined and being set to 0.0 in labels with no predicted samples. Use `zero_division` parameter to control this behavior.
  _warn_prf(average, modifier, msg_start, len(result))

2025-12-06 12:41:24,864:WARNING:C:\Users\dell\anaconda3\envs\churn_env\lib\site-packages\sklearn\metrics\_classification.py:1396: UserWarning: Note that pos_label (set to 'Yes') is ignored when average != 'binary' (got 'weighted'). You may use labels=[pos_label] to specify a single positive class.
  warnings.warn(

2025-12-06 12:41:24,966:WARNING:C:\Users\dell\anaconda3\envs\churn_env\lib\site-packages\sklearn\metrics\_classification.py:1396: UserWarning: Note that pos_label (set to 'Yes') is ignored when average != 'binary' (got 'weighted'). You may use labels=[pos_label] to specify a single positive class.
  warnings.warn(

2025-12-06 12:41:24,974:WARNING:C:\Users\dell\anaconda3\envs\churn_env\lib\site-packages\sklearn\metrics\_classification.py:1396: UserWarning: Note that pos_label (set to 'Yes') is ignored when average != 'binary' (got 'weighted'). You may use labels=[pos_label] to specify a single positive class.
  warnings.warn(

2025-12-06 12:41:24,978:WARNING:C:\Users\dell\anaconda3\envs\churn_env\lib\site-packages\sklearn\metrics\_classification.py:1344: UndefinedMetricWarning: Precision is ill-defined and being set to 0.0 in labels with no predicted samples. Use `zero_division` parameter to control this behavior.
  _warn_prf(average, modifier, msg_start, len(result))

2025-12-06 12:41:24,982:WARNING:C:\Users\dell\anaconda3\envs\churn_env\lib\site-packages\sklearn\metrics\_classification.py:1396: UserWarning: Note that pos_label (set to 'Yes') is ignored when average != 'binary' (got 'weighted'). You may use labels=[pos_label] to specify a single positive class.
  warnings.warn(

2025-12-06 12:41:25,231:WARNING:C:\Users\dell\anaconda3\envs\churn_env\lib\site-packages\sklearn\discriminant_analysis.py:926: UserWarning: Variables are collinear
  warnings.warn("Variables are collinear")

2025-12-06 12:41:25,249:WARNING:C:\Users\dell\anaconda3\envs\churn_env\lib\site-packages\sklearn\discriminant_analysis.py:926: UserWarning: Variables are collinear
  warnings.warn("Variables are collinear")

2025-12-06 12:41:25,404:WARNING:C:\Users\dell\anaconda3\envs\churn_env\lib\site-packages\sklearn\metrics\_classification.py:1396: UserWarning: Note that pos_label (set to 'Yes') is ignored when average != 'binary' (got 'weighted'). You may use labels=[pos_label] to specify a single positive class.
  warnings.warn(

2025-12-06 12:41:25,412:WARNING:C:\Users\dell\anaconda3\envs\churn_env\lib\site-packages\sklearn\metrics\_classification.py:1396: UserWarning: Note that pos_label (set to 'Yes') is ignored when average != 'binary' (got 'weighted'). You may use labels=[pos_label] to specify a single positive class.
  warnings.warn(

2025-12-06 12:41:25,416:WARNING:C:\Users\dell\anaconda3\envs\churn_env\lib\site-packages\sklearn\metrics\_classification.py:1344: UndefinedMetricWarning: Precision is ill-defined and being set to 0.0 in labels with no predicted samples. Use `zero_division` parameter to control this behavior.
  _warn_prf(average, modifier, msg_start, len(result))

2025-12-06 12:41:25,417:WARNING:C:\Users\dell\anaconda3\envs\churn_env\lib\site-packages\sklearn\metrics\_classification.py:1396: UserWarning: Note that pos_label (set to 'Yes') is ignored when average != 'binary' (got 'weighted'). You may use labels=[pos_label] to specify a single positive class.
  warnings.warn(

2025-12-06 12:41:25,419:WARNING:C:\Users\dell\anaconda3\envs\churn_env\lib\site-packages\sklearn\metrics\_classification.py:1396: UserWarning: Note that pos_label (set to 'Yes') is ignored when average != 'binary' (got 'weighted'). You may use labels=[pos_label] to specify a single positive class.
  warnings.warn(

2025-12-06 12:41:25,423:WARNING:C:\Users\dell\anaconda3\envs\churn_env\lib\site-packages\sklearn\metrics\_classification.py:1396: UserWarning: Note that pos_label (set to 'Yes') is ignored when average != 'binary' (got 'weighted'). You may use labels=[pos_label] to specify a single positive class.
  warnings.warn(

2025-12-06 12:41:25,427:WARNING:C:\Users\dell\anaconda3\envs\churn_env\lib\site-packages\sklearn\metrics\_classification.py:1344: UndefinedMetricWarning: Precision is ill-defined and being set to 0.0 in labels with no predicted samples. Use `zero_division` parameter to control this behavior.
  _warn_prf(average, modifier, msg_start, len(result))

2025-12-06 12:41:25,429:WARNING:C:\Users\dell\anaconda3\envs\churn_env\lib\site-packages\sklearn\metrics\_classification.py:1396: UserWarning: Note that pos_label (set to 'Yes') is ignored when average != 'binary' (got 'weighted'). You may use labels=[pos_label] to specify a single positive class.
  warnings.warn(

2025-12-06 12:41:25,439:INFO:Calculating mean and std
2025-12-06 12:41:25,441:INFO:Creating metrics dataframe
2025-12-06 12:41:25,447:INFO:Uploading results into container
2025-12-06 12:41:25,448:INFO:Uploading model into container now
2025-12-06 12:41:25,448:INFO:_master_model_container: 8
2025-12-06 12:41:25,448:INFO:_display_container: 2
2025-12-06 12:41:25,449:INFO:QuadraticDiscriminantAnalysis(priors=None, reg_param=0.0,
                              store_covariance=False, tol=0.0001)
2025-12-06 12:41:25,449:INFO:create_model() successfully completed......................................
2025-12-06 12:41:25,547:INFO:SubProcess create_model() end ==================================
2025-12-06 12:41:25,547:INFO:Creating metrics dataframe
2025-12-06 12:41:25,556:INFO:Initializing Ada Boost Classifier
2025-12-06 12:41:25,556:INFO:Total runtime is 0.6482520341873169 minutes
2025-12-06 12:41:25,556:INFO:SubProcess create_model() called ==================================
2025-12-06 12:41:25,557:INFO:Initializing create_model()
2025-12-06 12:41:25,557:INFO:create_model(self=<pycaret.classification.oop.ClassificationExperiment object at 0x0000012B4EC96850>, estimator=ada, fold=StratifiedKFold(n_splits=10, random_state=None, shuffle=False), round=4, cross_validation=True, predict=True, fit_kwargs={}, groups=None, refit=False, probability_threshold=None, experiment_custom_tags=None, verbose=False, system=False, add_to_model_list=True, metrics=None, display=<pycaret.internal.display.display.CommonDisplay object at 0x0000012B7665C5E0>, model_only=True, return_train_score=False, error_score=0.0, kwargs={})
2025-12-06 12:41:25,557:INFO:Checking exceptions
2025-12-06 12:41:25,557:INFO:Importing libraries
2025-12-06 12:41:25,557:INFO:Copying training dataset
2025-12-06 12:41:25,570:INFO:Defining folds
2025-12-06 12:41:25,571:INFO:Declaring metric variables
2025-12-06 12:41:25,571:INFO:Importing untrained model
2025-12-06 12:41:25,573:INFO:Ada Boost Classifier Imported successfully
2025-12-06 12:41:25,573:INFO:Starting cross validation
2025-12-06 12:41:25,577:INFO:Cross validating with StratifiedKFold(n_splits=10, random_state=None, shuffle=False), n_jobs=-1
2025-12-06 12:41:26,564:WARNING:C:\Users\dell\anaconda3\envs\churn_env\lib\site-packages\sklearn\metrics\_classification.py:1396: UserWarning: Note that pos_label (set to 'Yes') is ignored when average != 'binary' (got 'weighted'). You may use labels=[pos_label] to specify a single positive class.
  warnings.warn(

2025-12-06 12:41:26,572:WARNING:C:\Users\dell\anaconda3\envs\churn_env\lib\site-packages\sklearn\metrics\_classification.py:1396: UserWarning: Note that pos_label (set to 'Yes') is ignored when average != 'binary' (got 'weighted'). You may use labels=[pos_label] to specify a single positive class.
  warnings.warn(

2025-12-06 12:41:26,576:WARNING:C:\Users\dell\anaconda3\envs\churn_env\lib\site-packages\sklearn\metrics\_classification.py:1344: UndefinedMetricWarning: Precision is ill-defined and being set to 0.0 in labels with no predicted samples. Use `zero_division` parameter to control this behavior.
  _warn_prf(average, modifier, msg_start, len(result))

2025-12-06 12:41:26,580:WARNING:C:\Users\dell\anaconda3\envs\churn_env\lib\site-packages\sklearn\metrics\_classification.py:1396: UserWarning: Note that pos_label (set to 'Yes') is ignored when average != 'binary' (got 'weighted'). You may use labels=[pos_label] to specify a single positive class.
  warnings.warn(

2025-12-06 12:41:26,583:WARNING:C:\Users\dell\anaconda3\envs\churn_env\lib\site-packages\sklearn\metrics\_classification.py:1396: UserWarning: Note that pos_label (set to 'Yes') is ignored when average != 'binary' (got 'weighted'). You may use labels=[pos_label] to specify a single positive class.
  warnings.warn(

2025-12-06 12:41:26,586:WARNING:C:\Users\dell\anaconda3\envs\churn_env\lib\site-packages\sklearn\metrics\_classification.py:1396: UserWarning: Note that pos_label (set to 'Yes') is ignored when average != 'binary' (got 'weighted'). You may use labels=[pos_label] to specify a single positive class.
  warnings.warn(

2025-12-06 12:41:26,590:WARNING:C:\Users\dell\anaconda3\envs\churn_env\lib\site-packages\sklearn\metrics\_classification.py:1396: UserWarning: Note that pos_label (set to 'Yes') is ignored when average != 'binary' (got 'weighted'). You may use labels=[pos_label] to specify a single positive class.
  warnings.warn(

2025-12-06 12:41:26,594:WARNING:C:\Users\dell\anaconda3\envs\churn_env\lib\site-packages\sklearn\metrics\_classification.py:1396: UserWarning: Note that pos_label (set to 'Yes') is ignored when average != 'binary' (got 'weighted'). You may use labels=[pos_label] to specify a single positive class.
  warnings.warn(

2025-12-06 12:41:26,594:WARNING:C:\Users\dell\anaconda3\envs\churn_env\lib\site-packages\sklearn\metrics\_classification.py:1344: UndefinedMetricWarning: Precision is ill-defined and being set to 0.0 in labels with no predicted samples. Use `zero_division` parameter to control this behavior.
  _warn_prf(average, modifier, msg_start, len(result))

2025-12-06 12:41:26,598:WARNING:C:\Users\dell\anaconda3\envs\churn_env\lib\site-packages\sklearn\metrics\_classification.py:1396: UserWarning: Note that pos_label (set to 'Yes') is ignored when average != 'binary' (got 'weighted'). You may use labels=[pos_label] to specify a single positive class.
  warnings.warn(

2025-12-06 12:41:26,598:WARNING:C:\Users\dell\anaconda3\envs\churn_env\lib\site-packages\sklearn\metrics\_classification.py:1344: UndefinedMetricWarning: Precision is ill-defined and being set to 0.0 in labels with no predicted samples. Use `zero_division` parameter to control this behavior.
  _warn_prf(average, modifier, msg_start, len(result))

2025-12-06 12:41:26,602:WARNING:C:\Users\dell\anaconda3\envs\churn_env\lib\site-packages\sklearn\metrics\_classification.py:1396: UserWarning: Note that pos_label (set to 'Yes') is ignored when average != 'binary' (got 'weighted'). You may use labels=[pos_label] to specify a single positive class.
  warnings.warn(

2025-12-06 12:41:26,607:WARNING:C:\Users\dell\anaconda3\envs\churn_env\lib\site-packages\sklearn\metrics\_classification.py:1396: UserWarning: Note that pos_label (set to 'Yes') is ignored when average != 'binary' (got 'weighted'). You may use labels=[pos_label] to specify a single positive class.
  warnings.warn(

2025-12-06 12:41:26,609:WARNING:C:\Users\dell\anaconda3\envs\churn_env\lib\site-packages\sklearn\metrics\_classification.py:1396: UserWarning: Note that pos_label (set to 'Yes') is ignored when average != 'binary' (got 'weighted'). You may use labels=[pos_label] to specify a single positive class.
  warnings.warn(

2025-12-06 12:41:26,615:WARNING:C:\Users\dell\anaconda3\envs\churn_env\lib\site-packages\sklearn\metrics\_classification.py:1396: UserWarning: Note that pos_label (set to 'Yes') is ignored when average != 'binary' (got 'weighted'). You may use labels=[pos_label] to specify a single positive class.
  warnings.warn(

2025-12-06 12:41:26,617:WARNING:C:\Users\dell\anaconda3\envs\churn_env\lib\site-packages\sklearn\metrics\_classification.py:1396: UserWarning: Note that pos_label (set to 'Yes') is ignored when average != 'binary' (got 'weighted'). You may use labels=[pos_label] to specify a single positive class.
  warnings.warn(

2025-12-06 12:41:26,619:WARNING:C:\Users\dell\anaconda3\envs\churn_env\lib\site-packages\sklearn\metrics\_classification.py:1344: UndefinedMetricWarning: Precision is ill-defined and being set to 0.0 in labels with no predicted samples. Use `zero_division` parameter to control this behavior.
  _warn_prf(average, modifier, msg_start, len(result))

2025-12-06 12:41:26,622:WARNING:C:\Users\dell\anaconda3\envs\churn_env\lib\site-packages\sklearn\metrics\_classification.py:1344: UndefinedMetricWarning: Precision is ill-defined and being set to 0.0 in labels with no predicted samples. Use `zero_division` parameter to control this behavior.
  _warn_prf(average, modifier, msg_start, len(result))

2025-12-06 12:41:26,623:WARNING:C:\Users\dell\anaconda3\envs\churn_env\lib\site-packages\sklearn\metrics\_classification.py:1396: UserWarning: Note that pos_label (set to 'Yes') is ignored when average != 'binary' (got 'weighted'). You may use labels=[pos_label] to specify a single positive class.
  warnings.warn(

2025-12-06 12:41:26,626:WARNING:C:\Users\dell\anaconda3\envs\churn_env\lib\site-packages\sklearn\metrics\_classification.py:1396: UserWarning: Note that pos_label (set to 'Yes') is ignored when average != 'binary' (got 'weighted'). You may use labels=[pos_label] to specify a single positive class.
  warnings.warn(

2025-12-06 12:41:26,639:WARNING:C:\Users\dell\anaconda3\envs\churn_env\lib\site-packages\sklearn\metrics\_classification.py:1396: UserWarning: Note that pos_label (set to 'Yes') is ignored when average != 'binary' (got 'weighted'). You may use labels=[pos_label] to specify a single positive class.
  warnings.warn(

2025-12-06 12:41:26,648:WARNING:C:\Users\dell\anaconda3\envs\churn_env\lib\site-packages\sklearn\metrics\_classification.py:1396: UserWarning: Note that pos_label (set to 'Yes') is ignored when average != 'binary' (got 'weighted'). You may use labels=[pos_label] to specify a single positive class.
  warnings.warn(

2025-12-06 12:41:26,663:WARNING:C:\Users\dell\anaconda3\envs\churn_env\lib\site-packages\sklearn\metrics\_classification.py:1344: UndefinedMetricWarning: Precision is ill-defined and being set to 0.0 in labels with no predicted samples. Use `zero_division` parameter to control this behavior.
  _warn_prf(average, modifier, msg_start, len(result))

2025-12-06 12:41:26,668:WARNING:C:\Users\dell\anaconda3\envs\churn_env\lib\site-packages\sklearn\metrics\_classification.py:1396: UserWarning: Note that pos_label (set to 'Yes') is ignored when average != 'binary' (got 'weighted'). You may use labels=[pos_label] to specify a single positive class.
  warnings.warn(

2025-12-06 12:41:26,670:WARNING:C:\Users\dell\anaconda3\envs\churn_env\lib\site-packages\sklearn\metrics\_classification.py:1396: UserWarning: Note that pos_label (set to 'Yes') is ignored when average != 'binary' (got 'weighted'). You may use labels=[pos_label] to specify a single positive class.
  warnings.warn(

2025-12-06 12:41:26,673:WARNING:C:\Users\dell\anaconda3\envs\churn_env\lib\site-packages\sklearn\metrics\_classification.py:1396: UserWarning: Note that pos_label (set to 'Yes') is ignored when average != 'binary' (got 'weighted'). You may use labels=[pos_label] to specify a single positive class.
  warnings.warn(

2025-12-06 12:41:26,683:WARNING:C:\Users\dell\anaconda3\envs\churn_env\lib\site-packages\sklearn\metrics\_classification.py:1396: UserWarning: Note that pos_label (set to 'Yes') is ignored when average != 'binary' (got 'weighted'). You may use labels=[pos_label] to specify a single positive class.
  warnings.warn(

2025-12-06 12:41:26,687:WARNING:C:\Users\dell\anaconda3\envs\churn_env\lib\site-packages\sklearn\metrics\_classification.py:1396: UserWarning: Note that pos_label (set to 'Yes') is ignored when average != 'binary' (got 'weighted'). You may use labels=[pos_label] to specify a single positive class.
  warnings.warn(

2025-12-06 12:41:26,693:WARNING:C:\Users\dell\anaconda3\envs\churn_env\lib\site-packages\sklearn\metrics\_classification.py:1344: UndefinedMetricWarning: Precision is ill-defined and being set to 0.0 in labels with no predicted samples. Use `zero_division` parameter to control this behavior.
  _warn_prf(average, modifier, msg_start, len(result))

2025-12-06 12:41:26,696:WARNING:C:\Users\dell\anaconda3\envs\churn_env\lib\site-packages\sklearn\metrics\_classification.py:1344: UndefinedMetricWarning: Precision is ill-defined and being set to 0.0 in labels with no predicted samples. Use `zero_division` parameter to control this behavior.
  _warn_prf(average, modifier, msg_start, len(result))

2025-12-06 12:41:26,700:WARNING:C:\Users\dell\anaconda3\envs\churn_env\lib\site-packages\sklearn\metrics\_classification.py:1396: UserWarning: Note that pos_label (set to 'Yes') is ignored when average != 'binary' (got 'weighted'). You may use labels=[pos_label] to specify a single positive class.
  warnings.warn(

2025-12-06 12:41:26,701:WARNING:C:\Users\dell\anaconda3\envs\churn_env\lib\site-packages\sklearn\metrics\_classification.py:1396: UserWarning: Note that pos_label (set to 'Yes') is ignored when average != 'binary' (got 'weighted'). You may use labels=[pos_label] to specify a single positive class.
  warnings.warn(

2025-12-06 12:41:27,398:WARNING:C:\Users\dell\anaconda3\envs\churn_env\lib\site-packages\sklearn\metrics\_classification.py:1396: UserWarning: Note that pos_label (set to 'Yes') is ignored when average != 'binary' (got 'weighted'). You may use labels=[pos_label] to specify a single positive class.
  warnings.warn(

2025-12-06 12:41:27,406:WARNING:C:\Users\dell\anaconda3\envs\churn_env\lib\site-packages\sklearn\metrics\_classification.py:1396: UserWarning: Note that pos_label (set to 'Yes') is ignored when average != 'binary' (got 'weighted'). You may use labels=[pos_label] to specify a single positive class.
  warnings.warn(

2025-12-06 12:41:27,412:WARNING:C:\Users\dell\anaconda3\envs\churn_env\lib\site-packages\sklearn\metrics\_classification.py:1344: UndefinedMetricWarning: Precision is ill-defined and being set to 0.0 in labels with no predicted samples. Use `zero_division` parameter to control this behavior.
  _warn_prf(average, modifier, msg_start, len(result))

2025-12-06 12:41:27,416:WARNING:C:\Users\dell\anaconda3\envs\churn_env\lib\site-packages\sklearn\metrics\_classification.py:1396: UserWarning: Note that pos_label (set to 'Yes') is ignored when average != 'binary' (got 'weighted'). You may use labels=[pos_label] to specify a single positive class.
  warnings.warn(

2025-12-06 12:41:27,417:WARNING:C:\Users\dell\anaconda3\envs\churn_env\lib\site-packages\sklearn\metrics\_classification.py:1396: UserWarning: Note that pos_label (set to 'Yes') is ignored when average != 'binary' (got 'weighted'). You may use labels=[pos_label] to specify a single positive class.
  warnings.warn(

2025-12-06 12:41:27,424:WARNING:C:\Users\dell\anaconda3\envs\churn_env\lib\site-packages\sklearn\metrics\_classification.py:1396: UserWarning: Note that pos_label (set to 'Yes') is ignored when average != 'binary' (got 'weighted'). You may use labels=[pos_label] to specify a single positive class.
  warnings.warn(

2025-12-06 12:41:27,429:WARNING:C:\Users\dell\anaconda3\envs\churn_env\lib\site-packages\sklearn\metrics\_classification.py:1344: UndefinedMetricWarning: Precision is ill-defined and being set to 0.0 in labels with no predicted samples. Use `zero_division` parameter to control this behavior.
  _warn_prf(average, modifier, msg_start, len(result))

2025-12-06 12:41:27,432:WARNING:C:\Users\dell\anaconda3\envs\churn_env\lib\site-packages\sklearn\metrics\_classification.py:1396: UserWarning: Note that pos_label (set to 'Yes') is ignored when average != 'binary' (got 'weighted'). You may use labels=[pos_label] to specify a single positive class.
  warnings.warn(

2025-12-06 12:41:27,444:INFO:Calculating mean and std
2025-12-06 12:41:27,446:INFO:Creating metrics dataframe
2025-12-06 12:41:27,451:INFO:Uploading results into container
2025-12-06 12:41:27,452:INFO:Uploading model into container now
2025-12-06 12:41:27,452:INFO:_master_model_container: 9
2025-12-06 12:41:27,452:INFO:_display_container: 2
2025-12-06 12:41:27,453:INFO:AdaBoostClassifier(algorithm='SAMME.R', base_estimator='deprecated',
                   estimator=None, learning_rate=1.0, n_estimators=50,
                   random_state=123)
2025-12-06 12:41:27,453:INFO:create_model() successfully completed......................................
2025-12-06 12:41:27,542:INFO:SubProcess create_model() end ==================================
2025-12-06 12:41:27,542:INFO:Creating metrics dataframe
2025-12-06 12:41:27,549:INFO:Initializing Gradient Boosting Classifier
2025-12-06 12:41:27,550:INFO:Total runtime is 0.6814809441566467 minutes
2025-12-06 12:41:27,550:INFO:SubProcess create_model() called ==================================
2025-12-06 12:41:27,550:INFO:Initializing create_model()
2025-12-06 12:41:27,550:INFO:create_model(self=<pycaret.classification.oop.ClassificationExperiment object at 0x0000012B4EC96850>, estimator=gbc, fold=StratifiedKFold(n_splits=10, random_state=None, shuffle=False), round=4, cross_validation=True, predict=True, fit_kwargs={}, groups=None, refit=False, probability_threshold=None, experiment_custom_tags=None, verbose=False, system=False, add_to_model_list=True, metrics=None, display=<pycaret.internal.display.display.CommonDisplay object at 0x0000012B7665C5E0>, model_only=True, return_train_score=False, error_score=0.0, kwargs={})
2025-12-06 12:41:27,550:INFO:Checking exceptions
2025-12-06 12:41:27,550:INFO:Importing libraries
2025-12-06 12:41:27,550:INFO:Copying training dataset
2025-12-06 12:41:27,550:INFO:Defining folds
2025-12-06 12:41:27,550:INFO:Declaring metric variables
2025-12-06 12:41:27,550:INFO:Importing untrained model
2025-12-06 12:41:27,550:INFO:Gradient Boosting Classifier Imported successfully
2025-12-06 12:41:27,550:INFO:Starting cross validation
2025-12-06 12:41:27,550:INFO:Cross validating with StratifiedKFold(n_splits=10, random_state=None, shuffle=False), n_jobs=-1
2025-12-06 12:41:28,961:WARNING:C:\Users\dell\anaconda3\envs\churn_env\lib\site-packages\sklearn\metrics\_classification.py:1396: UserWarning: Note that pos_label (set to 'Yes') is ignored when average != 'binary' (got 'weighted'). You may use labels=[pos_label] to specify a single positive class.
  warnings.warn(

2025-12-06 12:41:28,970:WARNING:C:\Users\dell\anaconda3\envs\churn_env\lib\site-packages\sklearn\metrics\_classification.py:1396: UserWarning: Note that pos_label (set to 'Yes') is ignored when average != 'binary' (got 'weighted'). You may use labels=[pos_label] to specify a single positive class.
  warnings.warn(

2025-12-06 12:41:28,974:WARNING:C:\Users\dell\anaconda3\envs\churn_env\lib\site-packages\sklearn\metrics\_classification.py:1344: UndefinedMetricWarning: Precision is ill-defined and being set to 0.0 in labels with no predicted samples. Use `zero_division` parameter to control this behavior.
  _warn_prf(average, modifier, msg_start, len(result))

2025-12-06 12:41:28,978:WARNING:C:\Users\dell\anaconda3\envs\churn_env\lib\site-packages\sklearn\metrics\_classification.py:1396: UserWarning: Note that pos_label (set to 'Yes') is ignored when average != 'binary' (got 'weighted'). You may use labels=[pos_label] to specify a single positive class.
  warnings.warn(

2025-12-06 12:41:29,005:WARNING:C:\Users\dell\anaconda3\envs\churn_env\lib\site-packages\sklearn\metrics\_classification.py:1396: UserWarning: Note that pos_label (set to 'Yes') is ignored when average != 'binary' (got 'weighted'). You may use labels=[pos_label] to specify a single positive class.
  warnings.warn(

2025-12-06 12:41:29,005:WARNING:C:\Users\dell\anaconda3\envs\churn_env\lib\site-packages\sklearn\metrics\_classification.py:1396: UserWarning: Note that pos_label (set to 'Yes') is ignored when average != 'binary' (got 'weighted'). You may use labels=[pos_label] to specify a single positive class.
  warnings.warn(

2025-12-06 12:41:29,007:WARNING:C:\Users\dell\anaconda3\envs\churn_env\lib\site-packages\sklearn\metrics\_classification.py:1396: UserWarning: Note that pos_label (set to 'Yes') is ignored when average != 'binary' (got 'weighted'). You may use labels=[pos_label] to specify a single positive class.
  warnings.warn(

2025-12-06 12:41:29,013:WARNING:C:\Users\dell\anaconda3\envs\churn_env\lib\site-packages\sklearn\metrics\_classification.py:1396: UserWarning: Note that pos_label (set to 'Yes') is ignored when average != 'binary' (got 'weighted'). You may use labels=[pos_label] to specify a single positive class.
  warnings.warn(

2025-12-06 12:41:29,017:WARNING:C:\Users\dell\anaconda3\envs\churn_env\lib\site-packages\sklearn\metrics\_classification.py:1396: UserWarning: Note that pos_label (set to 'Yes') is ignored when average != 'binary' (got 'weighted'). You may use labels=[pos_label] to specify a single positive class.
  warnings.warn(

2025-12-06 12:41:29,019:WARNING:C:\Users\dell\anaconda3\envs\churn_env\lib\site-packages\sklearn\metrics\_classification.py:1344: UndefinedMetricWarning: Precision is ill-defined and being set to 0.0 in labels with no predicted samples. Use `zero_division` parameter to control this behavior.
  _warn_prf(average, modifier, msg_start, len(result))

2025-12-06 12:41:29,019:WARNING:C:\Users\dell\anaconda3\envs\churn_env\lib\site-packages\sklearn\metrics\_classification.py:1344: UndefinedMetricWarning: Precision is ill-defined and being set to 0.0 in labels with no predicted samples. Use `zero_division` parameter to control this behavior.
  _warn_prf(average, modifier, msg_start, len(result))

2025-12-06 12:41:29,021:WARNING:C:\Users\dell\anaconda3\envs\churn_env\lib\site-packages\sklearn\metrics\_classification.py:1396: UserWarning: Note that pos_label (set to 'Yes') is ignored when average != 'binary' (got 'weighted'). You may use labels=[pos_label] to specify a single positive class.
  warnings.warn(

2025-12-06 12:41:29,021:WARNING:C:\Users\dell\anaconda3\envs\churn_env\lib\site-packages\sklearn\metrics\_classification.py:1396: UserWarning: Note that pos_label (set to 'Yes') is ignored when average != 'binary' (got 'weighted'). You may use labels=[pos_label] to specify a single positive class.
  warnings.warn(

2025-12-06 12:41:29,023:WARNING:C:\Users\dell\anaconda3\envs\churn_env\lib\site-packages\sklearn\metrics\_classification.py:1396: UserWarning: Note that pos_label (set to 'Yes') is ignored when average != 'binary' (got 'weighted'). You may use labels=[pos_label] to specify a single positive class.
  warnings.warn(

2025-12-06 12:41:29,057:WARNING:C:\Users\dell\anaconda3\envs\churn_env\lib\site-packages\sklearn\metrics\_classification.py:1396: UserWarning: Note that pos_label (set to 'Yes') is ignored when average != 'binary' (got 'weighted'). You may use labels=[pos_label] to specify a single positive class.
  warnings.warn(

2025-12-06 12:41:29,066:WARNING:C:\Users\dell\anaconda3\envs\churn_env\lib\site-packages\sklearn\metrics\_classification.py:1396: UserWarning: Note that pos_label (set to 'Yes') is ignored when average != 'binary' (got 'weighted'). You may use labels=[pos_label] to specify a single positive class.
  warnings.warn(

2025-12-06 12:41:29,071:WARNING:C:\Users\dell\anaconda3\envs\churn_env\lib\site-packages\sklearn\metrics\_classification.py:1344: UndefinedMetricWarning: Precision is ill-defined and being set to 0.0 in labels with no predicted samples. Use `zero_division` parameter to control this behavior.
  _warn_prf(average, modifier, msg_start, len(result))

2025-12-06 12:41:29,076:WARNING:C:\Users\dell\anaconda3\envs\churn_env\lib\site-packages\sklearn\metrics\_classification.py:1396: UserWarning: Note that pos_label (set to 'Yes') is ignored when average != 'binary' (got 'weighted'). You may use labels=[pos_label] to specify a single positive class.
  warnings.warn(

2025-12-06 12:41:29,152:WARNING:C:\Users\dell\anaconda3\envs\churn_env\lib\site-packages\sklearn\metrics\_classification.py:1396: UserWarning: Note that pos_label (set to 'Yes') is ignored when average != 'binary' (got 'weighted'). You may use labels=[pos_label] to specify a single positive class.
  warnings.warn(

2025-12-06 12:41:29,154:WARNING:C:\Users\dell\anaconda3\envs\churn_env\lib\site-packages\sklearn\metrics\_classification.py:1396: UserWarning: Note that pos_label (set to 'Yes') is ignored when average != 'binary' (got 'weighted'). You may use labels=[pos_label] to specify a single positive class.
  warnings.warn(

2025-12-06 12:41:29,158:WARNING:C:\Users\dell\anaconda3\envs\churn_env\lib\site-packages\sklearn\metrics\_classification.py:1396: UserWarning: Note that pos_label (set to 'Yes') is ignored when average != 'binary' (got 'weighted'). You may use labels=[pos_label] to specify a single positive class.
  warnings.warn(

2025-12-06 12:41:29,163:WARNING:C:\Users\dell\anaconda3\envs\churn_env\lib\site-packages\sklearn\metrics\_classification.py:1396: UserWarning: Note that pos_label (set to 'Yes') is ignored when average != 'binary' (got 'weighted'). You may use labels=[pos_label] to specify a single positive class.
  warnings.warn(

2025-12-06 12:41:29,163:WARNING:C:\Users\dell\anaconda3\envs\churn_env\lib\site-packages\sklearn\metrics\_classification.py:1344: UndefinedMetricWarning: Precision is ill-defined and being set to 0.0 in labels with no predicted samples. Use `zero_division` parameter to control this behavior.
  _warn_prf(average, modifier, msg_start, len(result))

2025-12-06 12:41:29,165:WARNING:C:\Users\dell\anaconda3\envs\churn_env\lib\site-packages\sklearn\metrics\_classification.py:1396: UserWarning: Note that pos_label (set to 'Yes') is ignored when average != 'binary' (got 'weighted'). You may use labels=[pos_label] to specify a single positive class.
  warnings.warn(

2025-12-06 12:41:29,167:WARNING:C:\Users\dell\anaconda3\envs\churn_env\lib\site-packages\sklearn\metrics\_classification.py:1396: UserWarning: Note that pos_label (set to 'Yes') is ignored when average != 'binary' (got 'weighted'). You may use labels=[pos_label] to specify a single positive class.
  warnings.warn(

2025-12-06 12:41:29,167:WARNING:C:\Users\dell\anaconda3\envs\churn_env\lib\site-packages\sklearn\metrics\_classification.py:1344: UndefinedMetricWarning: Precision is ill-defined and being set to 0.0 in labels with no predicted samples. Use `zero_division` parameter to control this behavior.
  _warn_prf(average, modifier, msg_start, len(result))

2025-12-06 12:41:29,171:WARNING:C:\Users\dell\anaconda3\envs\churn_env\lib\site-packages\sklearn\metrics\_classification.py:1396: UserWarning: Note that pos_label (set to 'Yes') is ignored when average != 'binary' (got 'weighted'). You may use labels=[pos_label] to specify a single positive class.
  warnings.warn(

2025-12-06 12:41:29,174:WARNING:C:\Users\dell\anaconda3\envs\churn_env\lib\site-packages\sklearn\metrics\_classification.py:1396: UserWarning: Note that pos_label (set to 'Yes') is ignored when average != 'binary' (got 'weighted'). You may use labels=[pos_label] to specify a single positive class.
  warnings.warn(

2025-12-06 12:41:29,179:WARNING:C:\Users\dell\anaconda3\envs\churn_env\lib\site-packages\sklearn\metrics\_classification.py:1344: UndefinedMetricWarning: Precision is ill-defined and being set to 0.0 in labels with no predicted samples. Use `zero_division` parameter to control this behavior.
  _warn_prf(average, modifier, msg_start, len(result))

2025-12-06 12:41:29,183:WARNING:C:\Users\dell\anaconda3\envs\churn_env\lib\site-packages\sklearn\metrics\_classification.py:1396: UserWarning: Note that pos_label (set to 'Yes') is ignored when average != 'binary' (got 'weighted'). You may use labels=[pos_label] to specify a single positive class.
  warnings.warn(

2025-12-06 12:41:30,332:WARNING:C:\Users\dell\anaconda3\envs\churn_env\lib\site-packages\sklearn\metrics\_classification.py:1396: UserWarning: Note that pos_label (set to 'Yes') is ignored when average != 'binary' (got 'weighted'). You may use labels=[pos_label] to specify a single positive class.
  warnings.warn(

2025-12-06 12:41:30,340:WARNING:C:\Users\dell\anaconda3\envs\churn_env\lib\site-packages\sklearn\metrics\_classification.py:1396: UserWarning: Note that pos_label (set to 'Yes') is ignored when average != 'binary' (got 'weighted'). You may use labels=[pos_label] to specify a single positive class.
  warnings.warn(

2025-12-06 12:41:30,346:WARNING:C:\Users\dell\anaconda3\envs\churn_env\lib\site-packages\sklearn\metrics\_classification.py:1396: UserWarning: Note that pos_label (set to 'Yes') is ignored when average != 'binary' (got 'weighted'). You may use labels=[pos_label] to specify a single positive class.
  warnings.warn(

2025-12-06 12:41:30,354:WARNING:C:\Users\dell\anaconda3\envs\churn_env\lib\site-packages\sklearn\metrics\_classification.py:1396: UserWarning: Note that pos_label (set to 'Yes') is ignored when average != 'binary' (got 'weighted'). You may use labels=[pos_label] to specify a single positive class.
  warnings.warn(

2025-12-06 12:41:30,354:WARNING:C:\Users\dell\anaconda3\envs\churn_env\lib\site-packages\sklearn\metrics\_classification.py:1344: UndefinedMetricWarning: Precision is ill-defined and being set to 0.0 in labels with no predicted samples. Use `zero_division` parameter to control this behavior.
  _warn_prf(average, modifier, msg_start, len(result))

2025-12-06 12:41:30,361:WARNING:C:\Users\dell\anaconda3\envs\churn_env\lib\site-packages\sklearn\metrics\_classification.py:1396: UserWarning: Note that pos_label (set to 'Yes') is ignored when average != 'binary' (got 'weighted'). You may use labels=[pos_label] to specify a single positive class.
  warnings.warn(

2025-12-06 12:41:30,361:WARNING:C:\Users\dell\anaconda3\envs\churn_env\lib\site-packages\sklearn\metrics\_classification.py:1344: UndefinedMetricWarning: Precision is ill-defined and being set to 0.0 in labels with no predicted samples. Use `zero_division` parameter to control this behavior.
  _warn_prf(average, modifier, msg_start, len(result))

2025-12-06 12:41:30,363:WARNING:C:\Users\dell\anaconda3\envs\churn_env\lib\site-packages\sklearn\metrics\_classification.py:1396: UserWarning: Note that pos_label (set to 'Yes') is ignored when average != 'binary' (got 'weighted'). You may use labels=[pos_label] to specify a single positive class.
  warnings.warn(

2025-12-06 12:41:30,381:INFO:Calculating mean and std
2025-12-06 12:41:30,381:INFO:Creating metrics dataframe
2025-12-06 12:41:30,381:INFO:Uploading results into container
2025-12-06 12:41:30,381:INFO:Uploading model into container now
2025-12-06 12:41:30,381:INFO:_master_model_container: 10
2025-12-06 12:41:30,381:INFO:_display_container: 2
2025-12-06 12:41:30,381:INFO:GradientBoostingClassifier(ccp_alpha=0.0, criterion='friedman_mse', init=None,
                           learning_rate=0.1, loss='log_loss', max_depth=3,
                           max_features=None, max_leaf_nodes=None,
                           min_impurity_decrease=0.0, min_samples_leaf=1,
                           min_samples_split=2, min_weight_fraction_leaf=0.0,
                           n_estimators=100, n_iter_no_change=None,
                           random_state=123, subsample=1.0, tol=0.0001,
                           validation_fraction=0.1, verbose=0,
                           warm_start=False)
2025-12-06 12:41:30,381:INFO:create_model() successfully completed......................................
2025-12-06 12:41:30,505:INFO:SubProcess create_model() end ==================================
2025-12-06 12:41:30,505:INFO:Creating metrics dataframe
2025-12-06 12:41:30,519:INFO:Initializing Linear Discriminant Analysis
2025-12-06 12:41:30,519:INFO:Total runtime is 0.7309713323911031 minutes
2025-12-06 12:41:30,519:INFO:SubProcess create_model() called ==================================
2025-12-06 12:41:30,519:INFO:Initializing create_model()
2025-12-06 12:41:30,519:INFO:create_model(self=<pycaret.classification.oop.ClassificationExperiment object at 0x0000012B4EC96850>, estimator=lda, fold=StratifiedKFold(n_splits=10, random_state=None, shuffle=False), round=4, cross_validation=True, predict=True, fit_kwargs={}, groups=None, refit=False, probability_threshold=None, experiment_custom_tags=None, verbose=False, system=False, add_to_model_list=True, metrics=None, display=<pycaret.internal.display.display.CommonDisplay object at 0x0000012B7665C5E0>, model_only=True, return_train_score=False, error_score=0.0, kwargs={})
2025-12-06 12:41:30,519:INFO:Checking exceptions
2025-12-06 12:41:30,519:INFO:Importing libraries
2025-12-06 12:41:30,519:INFO:Copying training dataset
2025-12-06 12:41:30,535:INFO:Defining folds
2025-12-06 12:41:30,535:INFO:Declaring metric variables
2025-12-06 12:41:30,535:INFO:Importing untrained model
2025-12-06 12:41:30,535:INFO:Linear Discriminant Analysis Imported successfully
2025-12-06 12:41:30,535:INFO:Starting cross validation
2025-12-06 12:41:30,535:INFO:Cross validating with StratifiedKFold(n_splits=10, random_state=None, shuffle=False), n_jobs=-1
2025-12-06 12:41:31,627:WARNING:C:\Users\dell\anaconda3\envs\churn_env\lib\site-packages\sklearn\metrics\_classification.py:1396: UserWarning: Note that pos_label (set to 'Yes') is ignored when average != 'binary' (got 'weighted'). You may use labels=[pos_label] to specify a single positive class.
  warnings.warn(

2025-12-06 12:41:31,637:WARNING:C:\Users\dell\anaconda3\envs\churn_env\lib\site-packages\sklearn\metrics\_classification.py:1396: UserWarning: Note that pos_label (set to 'Yes') is ignored when average != 'binary' (got 'weighted'). You may use labels=[pos_label] to specify a single positive class.
  warnings.warn(

2025-12-06 12:41:31,641:WARNING:C:\Users\dell\anaconda3\envs\churn_env\lib\site-packages\sklearn\metrics\_classification.py:1396: UserWarning: Note that pos_label (set to 'Yes') is ignored when average != 'binary' (got 'weighted'). You may use labels=[pos_label] to specify a single positive class.
  warnings.warn(

2025-12-06 12:41:31,641:WARNING:C:\Users\dell\anaconda3\envs\churn_env\lib\site-packages\sklearn\metrics\_classification.py:1344: UndefinedMetricWarning: Precision is ill-defined and being set to 0.0 in labels with no predicted samples. Use `zero_division` parameter to control this behavior.
  _warn_prf(average, modifier, msg_start, len(result))

2025-12-06 12:41:31,641:WARNING:C:\Users\dell\anaconda3\envs\churn_env\lib\site-packages\sklearn\metrics\_classification.py:1396: UserWarning: Note that pos_label (set to 'Yes') is ignored when average != 'binary' (got 'weighted'). You may use labels=[pos_label] to specify a single positive class.
  warnings.warn(

2025-12-06 12:41:31,643:WARNING:C:\Users\dell\anaconda3\envs\churn_env\lib\site-packages\sklearn\metrics\_classification.py:1396: UserWarning: Note that pos_label (set to 'Yes') is ignored when average != 'binary' (got 'weighted'). You may use labels=[pos_label] to specify a single positive class.
  warnings.warn(

2025-12-06 12:41:31,645:WARNING:C:\Users\dell\anaconda3\envs\churn_env\lib\site-packages\sklearn\metrics\_classification.py:1396: UserWarning: Note that pos_label (set to 'Yes') is ignored when average != 'binary' (got 'weighted'). You may use labels=[pos_label] to specify a single positive class.
  warnings.warn(

2025-12-06 12:41:31,649:WARNING:C:\Users\dell\anaconda3\envs\churn_env\lib\site-packages\sklearn\metrics\_classification.py:1396: UserWarning: Note that pos_label (set to 'Yes') is ignored when average != 'binary' (got 'weighted'). You may use labels=[pos_label] to specify a single positive class.
  warnings.warn(

2025-12-06 12:41:31,649:WARNING:C:\Users\dell\anaconda3\envs\churn_env\lib\site-packages\sklearn\metrics\_classification.py:1396: UserWarning: Note that pos_label (set to 'Yes') is ignored when average != 'binary' (got 'weighted'). You may use labels=[pos_label] to specify a single positive class.
  warnings.warn(

2025-12-06 12:41:31,651:WARNING:C:\Users\dell\anaconda3\envs\churn_env\lib\site-packages\sklearn\metrics\_classification.py:1396: UserWarning: Note that pos_label (set to 'Yes') is ignored when average != 'binary' (got 'weighted'). You may use labels=[pos_label] to specify a single positive class.
  warnings.warn(

2025-12-06 12:41:31,653:WARNING:C:\Users\dell\anaconda3\envs\churn_env\lib\site-packages\sklearn\metrics\_classification.py:1396: UserWarning: Note that pos_label (set to 'Yes') is ignored when average != 'binary' (got 'weighted'). You may use labels=[pos_label] to specify a single positive class.
  warnings.warn(

2025-12-06 12:41:31,653:WARNING:C:\Users\dell\anaconda3\envs\churn_env\lib\site-packages\sklearn\metrics\_classification.py:1344: UndefinedMetricWarning: Precision is ill-defined and being set to 0.0 in labels with no predicted samples. Use `zero_division` parameter to control this behavior.
  _warn_prf(average, modifier, msg_start, len(result))

2025-12-06 12:41:31,653:WARNING:C:\Users\dell\anaconda3\envs\churn_env\lib\site-packages\sklearn\metrics\_classification.py:1344: UndefinedMetricWarning: Precision is ill-defined and being set to 0.0 in labels with no predicted samples. Use `zero_division` parameter to control this behavior.
  _warn_prf(average, modifier, msg_start, len(result))

2025-12-06 12:41:31,655:WARNING:C:\Users\dell\anaconda3\envs\churn_env\lib\site-packages\sklearn\metrics\_classification.py:1344: UndefinedMetricWarning: Precision is ill-defined and being set to 0.0 in labels with no predicted samples. Use `zero_division` parameter to control this behavior.
  _warn_prf(average, modifier, msg_start, len(result))

2025-12-06 12:41:31,657:WARNING:C:\Users\dell\anaconda3\envs\churn_env\lib\site-packages\sklearn\metrics\_classification.py:1396: UserWarning: Note that pos_label (set to 'Yes') is ignored when average != 'binary' (got 'weighted'). You may use labels=[pos_label] to specify a single positive class.
  warnings.warn(

2025-12-06 12:41:31,657:WARNING:C:\Users\dell\anaconda3\envs\churn_env\lib\site-packages\sklearn\metrics\_classification.py:1396: UserWarning: Note that pos_label (set to 'Yes') is ignored when average != 'binary' (got 'weighted'). You may use labels=[pos_label] to specify a single positive class.
  warnings.warn(

2025-12-06 12:41:31,659:WARNING:C:\Users\dell\anaconda3\envs\churn_env\lib\site-packages\sklearn\metrics\_classification.py:1396: UserWarning: Note that pos_label (set to 'Yes') is ignored when average != 'binary' (got 'weighted'). You may use labels=[pos_label] to specify a single positive class.
  warnings.warn(

2025-12-06 12:41:31,661:WARNING:C:\Users\dell\anaconda3\envs\churn_env\lib\site-packages\sklearn\metrics\_classification.py:1396: UserWarning: Note that pos_label (set to 'Yes') is ignored when average != 'binary' (got 'weighted'). You may use labels=[pos_label] to specify a single positive class.
  warnings.warn(

2025-12-06 12:41:31,665:WARNING:C:\Users\dell\anaconda3\envs\churn_env\lib\site-packages\sklearn\metrics\_classification.py:1344: UndefinedMetricWarning: Precision is ill-defined and being set to 0.0 in labels with no predicted samples. Use `zero_division` parameter to control this behavior.
  _warn_prf(average, modifier, msg_start, len(result))

2025-12-06 12:41:31,671:WARNING:C:\Users\dell\anaconda3\envs\churn_env\lib\site-packages\sklearn\metrics\_classification.py:1396: UserWarning: Note that pos_label (set to 'Yes') is ignored when average != 'binary' (got 'weighted'). You may use labels=[pos_label] to specify a single positive class.
  warnings.warn(

2025-12-06 12:41:31,687:WARNING:C:\Users\dell\anaconda3\envs\churn_env\lib\site-packages\sklearn\metrics\_classification.py:1396: UserWarning: Note that pos_label (set to 'Yes') is ignored when average != 'binary' (got 'weighted'). You may use labels=[pos_label] to specify a single positive class.
  warnings.warn(

2025-12-06 12:41:31,691:WARNING:C:\Users\dell\anaconda3\envs\churn_env\lib\site-packages\sklearn\metrics\_classification.py:1396: UserWarning: Note that pos_label (set to 'Yes') is ignored when average != 'binary' (got 'weighted'). You may use labels=[pos_label] to specify a single positive class.
  warnings.warn(

2025-12-06 12:41:31,693:WARNING:C:\Users\dell\anaconda3\envs\churn_env\lib\site-packages\sklearn\metrics\_classification.py:1396: UserWarning: Note that pos_label (set to 'Yes') is ignored when average != 'binary' (got 'weighted'). You may use labels=[pos_label] to specify a single positive class.
  warnings.warn(

2025-12-06 12:41:31,696:WARNING:C:\Users\dell\anaconda3\envs\churn_env\lib\site-packages\sklearn\metrics\_classification.py:1396: UserWarning: Note that pos_label (set to 'Yes') is ignored when average != 'binary' (got 'weighted'). You may use labels=[pos_label] to specify a single positive class.
  warnings.warn(

2025-12-06 12:41:31,700:WARNING:C:\Users\dell\anaconda3\envs\churn_env\lib\site-packages\sklearn\metrics\_classification.py:1396: UserWarning: Note that pos_label (set to 'Yes') is ignored when average != 'binary' (got 'weighted'). You may use labels=[pos_label] to specify a single positive class.
  warnings.warn(

2025-12-06 12:41:31,700:WARNING:C:\Users\dell\anaconda3\envs\churn_env\lib\site-packages\sklearn\metrics\_classification.py:1344: UndefinedMetricWarning: Precision is ill-defined and being set to 0.0 in labels with no predicted samples. Use `zero_division` parameter to control this behavior.
  _warn_prf(average, modifier, msg_start, len(result))

2025-12-06 12:41:31,702:WARNING:C:\Users\dell\anaconda3\envs\churn_env\lib\site-packages\sklearn\metrics\_classification.py:1396: UserWarning: Note that pos_label (set to 'Yes') is ignored when average != 'binary' (got 'weighted'). You may use labels=[pos_label] to specify a single positive class.
  warnings.warn(

2025-12-06 12:41:31,704:WARNING:C:\Users\dell\anaconda3\envs\churn_env\lib\site-packages\sklearn\metrics\_classification.py:1396: UserWarning: Note that pos_label (set to 'Yes') is ignored when average != 'binary' (got 'weighted'). You may use labels=[pos_label] to specify a single positive class.
  warnings.warn(

2025-12-06 12:41:31,705:WARNING:C:\Users\dell\anaconda3\envs\churn_env\lib\site-packages\sklearn\metrics\_classification.py:1344: UndefinedMetricWarning: Precision is ill-defined and being set to 0.0 in labels with no predicted samples. Use `zero_division` parameter to control this behavior.
  _warn_prf(average, modifier, msg_start, len(result))

2025-12-06 12:41:31,707:WARNING:C:\Users\dell\anaconda3\envs\churn_env\lib\site-packages\sklearn\metrics\_classification.py:1344: UndefinedMetricWarning: Precision is ill-defined and being set to 0.0 in labels with no predicted samples. Use `zero_division` parameter to control this behavior.
  _warn_prf(average, modifier, msg_start, len(result))

2025-12-06 12:41:31,709:WARNING:C:\Users\dell\anaconda3\envs\churn_env\lib\site-packages\sklearn\metrics\_classification.py:1396: UserWarning: Note that pos_label (set to 'Yes') is ignored when average != 'binary' (got 'weighted'). You may use labels=[pos_label] to specify a single positive class.
  warnings.warn(

2025-12-06 12:41:31,711:WARNING:C:\Users\dell\anaconda3\envs\churn_env\lib\site-packages\sklearn\metrics\_classification.py:1396: UserWarning: Note that pos_label (set to 'Yes') is ignored when average != 'binary' (got 'weighted'). You may use labels=[pos_label] to specify a single positive class.
  warnings.warn(

2025-12-06 12:41:32,489:WARNING:C:\Users\dell\anaconda3\envs\churn_env\lib\site-packages\sklearn\metrics\_classification.py:1396: UserWarning: Note that pos_label (set to 'Yes') is ignored when average != 'binary' (got 'weighted'). You may use labels=[pos_label] to specify a single positive class.
  warnings.warn(

2025-12-06 12:41:32,489:WARNING:C:\Users\dell\anaconda3\envs\churn_env\lib\site-packages\sklearn\metrics\_classification.py:1396: UserWarning: Note that pos_label (set to 'Yes') is ignored when average != 'binary' (got 'weighted'). You may use labels=[pos_label] to specify a single positive class.
  warnings.warn(

2025-12-06 12:41:32,532:WARNING:C:\Users\dell\anaconda3\envs\churn_env\lib\site-packages\sklearn\metrics\_classification.py:1344: UndefinedMetricWarning: Precision is ill-defined and being set to 0.0 in labels with no predicted samples. Use `zero_division` parameter to control this behavior.
  _warn_prf(average, modifier, msg_start, len(result))

2025-12-06 12:41:32,539:WARNING:C:\Users\dell\anaconda3\envs\churn_env\lib\site-packages\sklearn\metrics\_classification.py:1396: UserWarning: Note that pos_label (set to 'Yes') is ignored when average != 'binary' (got 'weighted'). You may use labels=[pos_label] to specify a single positive class.
  warnings.warn(

2025-12-06 12:41:32,571:WARNING:C:\Users\dell\anaconda3\envs\churn_env\lib\site-packages\sklearn\metrics\_classification.py:1396: UserWarning: Note that pos_label (set to 'Yes') is ignored when average != 'binary' (got 'weighted'). You may use labels=[pos_label] to specify a single positive class.
  warnings.warn(

2025-12-06 12:41:32,611:WARNING:C:\Users\dell\anaconda3\envs\churn_env\lib\site-packages\sklearn\metrics\_classification.py:1396: UserWarning: Note that pos_label (set to 'Yes') is ignored when average != 'binary' (got 'weighted'). You may use labels=[pos_label] to specify a single positive class.
  warnings.warn(

2025-12-06 12:41:32,721:WARNING:C:\Users\dell\anaconda3\envs\churn_env\lib\site-packages\sklearn\metrics\_classification.py:1344: UndefinedMetricWarning: Precision is ill-defined and being set to 0.0 in labels with no predicted samples. Use `zero_division` parameter to control this behavior.
  _warn_prf(average, modifier, msg_start, len(result))

2025-12-06 12:41:32,779:WARNING:C:\Users\dell\anaconda3\envs\churn_env\lib\site-packages\sklearn\metrics\_classification.py:1396: UserWarning: Note that pos_label (set to 'Yes') is ignored when average != 'binary' (got 'weighted'). You may use labels=[pos_label] to specify a single positive class.
  warnings.warn(

2025-12-06 12:41:32,868:INFO:Calculating mean and std
2025-12-06 12:41:32,918:INFO:Creating metrics dataframe
2025-12-06 12:41:32,986:INFO:Uploading results into container
2025-12-06 12:41:33,001:INFO:Uploading model into container now
2025-12-06 12:41:33,003:INFO:_master_model_container: 11
2025-12-06 12:41:33,003:INFO:_display_container: 2
2025-12-06 12:41:33,008:INFO:LinearDiscriminantAnalysis(covariance_estimator=None, n_components=None,
                           priors=None, shrinkage=None, solver='svd',
                           store_covariance=False, tol=0.0001)
2025-12-06 12:41:33,008:INFO:create_model() successfully completed......................................
2025-12-06 12:41:33,283:INFO:SubProcess create_model() end ==================================
2025-12-06 12:41:33,283:INFO:Creating metrics dataframe
2025-12-06 12:41:33,322:INFO:Initializing Extra Trees Classifier
2025-12-06 12:41:33,326:INFO:Total runtime is 0.777749486764272 minutes
2025-12-06 12:41:33,328:INFO:SubProcess create_model() called ==================================
2025-12-06 12:41:33,330:INFO:Initializing create_model()
2025-12-06 12:41:33,330:INFO:create_model(self=<pycaret.classification.oop.ClassificationExperiment object at 0x0000012B4EC96850>, estimator=et, fold=StratifiedKFold(n_splits=10, random_state=None, shuffle=False), round=4, cross_validation=True, predict=True, fit_kwargs={}, groups=None, refit=False, probability_threshold=None, experiment_custom_tags=None, verbose=False, system=False, add_to_model_list=True, metrics=None, display=<pycaret.internal.display.display.CommonDisplay object at 0x0000012B7665C5E0>, model_only=True, return_train_score=False, error_score=0.0, kwargs={})
2025-12-06 12:41:33,330:INFO:Checking exceptions
2025-12-06 12:41:33,330:INFO:Importing libraries
2025-12-06 12:41:33,332:INFO:Copying training dataset
2025-12-06 12:41:33,369:INFO:Defining folds
2025-12-06 12:41:33,373:INFO:Declaring metric variables
2025-12-06 12:41:33,375:INFO:Importing untrained model
2025-12-06 12:41:33,389:INFO:Extra Trees Classifier Imported successfully
2025-12-06 12:41:33,395:INFO:Starting cross validation
2025-12-06 12:41:33,414:INFO:Cross validating with StratifiedKFold(n_splits=10, random_state=None, shuffle=False), n_jobs=-1
2025-12-06 12:41:37,558:WARNING:C:\Users\dell\anaconda3\envs\churn_env\lib\site-packages\sklearn\metrics\_classification.py:1396: UserWarning: Note that pos_label (set to 'Yes') is ignored when average != 'binary' (got 'weighted'). You may use labels=[pos_label] to specify a single positive class.
  warnings.warn(

2025-12-06 12:41:37,593:WARNING:C:\Users\dell\anaconda3\envs\churn_env\lib\site-packages\sklearn\metrics\_classification.py:1396: UserWarning: Note that pos_label (set to 'Yes') is ignored when average != 'binary' (got 'weighted'). You may use labels=[pos_label] to specify a single positive class.
  warnings.warn(

2025-12-06 12:41:37,595:WARNING:C:\Users\dell\anaconda3\envs\churn_env\lib\site-packages\sklearn\metrics\_classification.py:1396: UserWarning: Note that pos_label (set to 'Yes') is ignored when average != 'binary' (got 'weighted'). You may use labels=[pos_label] to specify a single positive class.
  warnings.warn(

2025-12-06 12:41:37,603:WARNING:C:\Users\dell\anaconda3\envs\churn_env\lib\site-packages\sklearn\metrics\_classification.py:1396: UserWarning: Note that pos_label (set to 'Yes') is ignored when average != 'binary' (got 'weighted'). You may use labels=[pos_label] to specify a single positive class.
  warnings.warn(

2025-12-06 12:41:37,621:WARNING:C:\Users\dell\anaconda3\envs\churn_env\lib\site-packages\sklearn\metrics\_classification.py:1396: UserWarning: Note that pos_label (set to 'Yes') is ignored when average != 'binary' (got 'weighted'). You may use labels=[pos_label] to specify a single positive class.
  warnings.warn(

2025-12-06 12:41:37,621:WARNING:C:\Users\dell\anaconda3\envs\churn_env\lib\site-packages\sklearn\metrics\_classification.py:1396: UserWarning: Note that pos_label (set to 'Yes') is ignored when average != 'binary' (got 'weighted'). You may use labels=[pos_label] to specify a single positive class.
  warnings.warn(

2025-12-06 12:41:37,633:WARNING:C:\Users\dell\anaconda3\envs\churn_env\lib\site-packages\sklearn\metrics\_classification.py:1396: UserWarning: Note that pos_label (set to 'Yes') is ignored when average != 'binary' (got 'weighted'). You may use labels=[pos_label] to specify a single positive class.
  warnings.warn(

2025-12-06 12:41:37,639:WARNING:C:\Users\dell\anaconda3\envs\churn_env\lib\site-packages\sklearn\metrics\_classification.py:1396: UserWarning: Note that pos_label (set to 'Yes') is ignored when average != 'binary' (got 'weighted'). You may use labels=[pos_label] to specify a single positive class.
  warnings.warn(

2025-12-06 12:41:37,647:WARNING:C:\Users\dell\anaconda3\envs\churn_env\lib\site-packages\sklearn\metrics\_classification.py:1396: UserWarning: Note that pos_label (set to 'Yes') is ignored when average != 'binary' (got 'weighted'). You may use labels=[pos_label] to specify a single positive class.
  warnings.warn(

2025-12-06 12:41:37,665:WARNING:C:\Users\dell\anaconda3\envs\churn_env\lib\site-packages\sklearn\metrics\_classification.py:1396: UserWarning: Note that pos_label (set to 'Yes') is ignored when average != 'binary' (got 'weighted'). You may use labels=[pos_label] to specify a single positive class.
  warnings.warn(

2025-12-06 12:41:37,667:WARNING:C:\Users\dell\anaconda3\envs\churn_env\lib\site-packages\sklearn\metrics\_classification.py:1396: UserWarning: Note that pos_label (set to 'Yes') is ignored when average != 'binary' (got 'weighted'). You may use labels=[pos_label] to specify a single positive class.
  warnings.warn(

2025-12-06 12:41:37,673:WARNING:C:\Users\dell\anaconda3\envs\churn_env\lib\site-packages\sklearn\metrics\_classification.py:1396: UserWarning: Note that pos_label (set to 'Yes') is ignored when average != 'binary' (got 'weighted'). You may use labels=[pos_label] to specify a single positive class.
  warnings.warn(

2025-12-06 12:41:37,891:WARNING:C:\Users\dell\anaconda3\envs\churn_env\lib\site-packages\sklearn\metrics\_classification.py:1396: UserWarning: Note that pos_label (set to 'Yes') is ignored when average != 'binary' (got 'weighted'). You may use labels=[pos_label] to specify a single positive class.
  warnings.warn(

2025-12-06 12:41:37,931:WARNING:C:\Users\dell\anaconda3\envs\churn_env\lib\site-packages\sklearn\metrics\_classification.py:1396: UserWarning: Note that pos_label (set to 'Yes') is ignored when average != 'binary' (got 'weighted'). You may use labels=[pos_label] to specify a single positive class.
  warnings.warn(

2025-12-06 12:41:37,963:WARNING:C:\Users\dell\anaconda3\envs\churn_env\lib\site-packages\sklearn\metrics\_classification.py:1396: UserWarning: Note that pos_label (set to 'Yes') is ignored when average != 'binary' (got 'weighted'). You may use labels=[pos_label] to specify a single positive class.
  warnings.warn(

2025-12-06 12:41:38,022:WARNING:C:\Users\dell\anaconda3\envs\churn_env\lib\site-packages\sklearn\metrics\_classification.py:1396: UserWarning: Note that pos_label (set to 'Yes') is ignored when average != 'binary' (got 'weighted'). You may use labels=[pos_label] to specify a single positive class.
  warnings.warn(

2025-12-06 12:41:38,054:WARNING:C:\Users\dell\anaconda3\envs\churn_env\lib\site-packages\sklearn\metrics\_classification.py:1396: UserWarning: Note that pos_label (set to 'Yes') is ignored when average != 'binary' (got 'weighted'). You may use labels=[pos_label] to specify a single positive class.
  warnings.warn(

2025-12-06 12:41:38,074:WARNING:C:\Users\dell\anaconda3\envs\churn_env\lib\site-packages\sklearn\metrics\_classification.py:1396: UserWarning: Note that pos_label (set to 'Yes') is ignored when average != 'binary' (got 'weighted'). You may use labels=[pos_label] to specify a single positive class.
  warnings.warn(

2025-12-06 12:41:38,078:WARNING:C:\Users\dell\anaconda3\envs\churn_env\lib\site-packages\sklearn\metrics\_classification.py:1396: UserWarning: Note that pos_label (set to 'Yes') is ignored when average != 'binary' (got 'weighted'). You may use labels=[pos_label] to specify a single positive class.
  warnings.warn(

2025-12-06 12:41:38,086:WARNING:C:\Users\dell\anaconda3\envs\churn_env\lib\site-packages\sklearn\metrics\_classification.py:1396: UserWarning: Note that pos_label (set to 'Yes') is ignored when average != 'binary' (got 'weighted'). You may use labels=[pos_label] to specify a single positive class.
  warnings.warn(

2025-12-06 12:41:38,095:WARNING:C:\Users\dell\anaconda3\envs\churn_env\lib\site-packages\sklearn\metrics\_classification.py:1396: UserWarning: Note that pos_label (set to 'Yes') is ignored when average != 'binary' (got 'weighted'). You may use labels=[pos_label] to specify a single positive class.
  warnings.warn(

2025-12-06 12:41:38,108:WARNING:C:\Users\dell\anaconda3\envs\churn_env\lib\site-packages\sklearn\metrics\_classification.py:1396: UserWarning: Note that pos_label (set to 'Yes') is ignored when average != 'binary' (got 'weighted'). You may use labels=[pos_label] to specify a single positive class.
  warnings.warn(

ier, msg_start, len(result))

2025-12-06 12:41:38,114:WARNING:C:\Users\dell\anaconda3\envs\churn_env\lib\site-packages\sklearn\metrics\_classification.py:1396: UserWarning: Note that pos_label (set to 'Yes') is ignored when average != 'binary' (got 'weighted'). You may use labels=[pos_label] to specify a single positive class.
  warnings.warn(

2025-12-06 12:41:38,130:WARNING:C:\Users\dell\anaconda3\envs\churn_env\lib\site-packages\sklearn\metrics\_classification.py:1396: UserWarning: Note that pos_label (set to 'Yes') is ignored when average != 'binary' (got 'weighted'). You may use labels=[pos_label] to specify a single positive class.
  warnings.warn(

2025-12-06 12:41:39,982:WARNING:C:\Users\dell\anaconda3\envs\churn_env\lib\site-packages\sklearn\metrics\_classification.py:1396: UserWarning: Note that pos_label (set to 'Yes') is ignored when average != 'binary' (got 'weighted'). You may use labels=[pos_label] to specify a single positive class.
  warnings.warn(

2025-12-06 12:41:39,998:WARNING:C:\Users\dell\anaconda3\envs\churn_env\lib\site-packages\sklearn\metrics\_classification.py:1396: UserWarning: Note that pos_label (set to 'Yes') is ignored when average != 'binary' (got 'weighted'). You may use labels=[pos_label] to specify a single positive class.
  warnings.warn(

2025-12-06 12:41:40,010:WARNING:C:\Users\dell\anaconda3\envs\churn_env\lib\site-packages\sklearn\metrics\_classification.py:1396: UserWarning: Note that pos_label (set to 'Yes') is ignored when average != 'binary' (got 'weighted'). You may use labels=[pos_label] to specify a single positive class.
  warnings.warn(

2025-12-06 12:41:40,039:WARNING:C:\Users\dell\anaconda3\envs\churn_env\lib\site-packages\sklearn\metrics\_classification.py:1396: UserWarning: Note that pos_label (set to 'Yes') is ignored when average != 'binary' (got 'weighted'). You may use labels=[pos_label] to specify a single positive class.
  warnings.warn(

2025-12-06 12:41:40,047:WARNING:C:\Users\dell\anaconda3\envs\churn_env\lib\site-packages\sklearn\metrics\_classification.py:1396: UserWarning: Note that pos_label (set to 'Yes') is ignored when average != 'binary' (got 'weighted'). You may use labels=[pos_label] to specify a single positive class.
  warnings.warn(

2025-12-06 12:41:40,064:WARNING:C:\Users\dell\anaconda3\envs\churn_env\lib\site-packages\sklearn\metrics\_classification.py:1396: UserWarning: Note that pos_label (set to 'Yes') is ignored when average != 'binary' (got 'weighted'). You may use labels=[pos_label] to specify a single positive class.
  warnings.warn(

2025-12-06 12:41:40,088:INFO:Calculating mean and std
2025-12-06 12:41:40,088:INFO:Creating metrics dataframe
2025-12-06 12:41:40,101:INFO:Uploading results into container
2025-12-06 12:41:40,101:INFO:Uploading model into container now
2025-12-06 12:41:40,105:INFO:_master_model_container: 12
2025-12-06 12:41:40,105:INFO:_display_container: 2
2025-12-06 12:41:40,105:INFO:ExtraTreesClassifier(bootstrap=False, ccp_alpha=0.0, class_weight=None,
                     criterion='gini', max_depth=None, max_features='sqrt',
                     max_leaf_nodes=None, max_samples=None,
                     min_impurity_decrease=0.0, min_samples_leaf=1,
                     min_samples_split=2, min_weight_fraction_leaf=0.0,
                     n_estimators=100, n_jobs=-1, oob_score=False,
                     random_state=123, verbose=0, warm_start=False)
2025-12-06 12:41:40,105:INFO:create_model() successfully completed......................................
2025-12-06 12:41:40,225:INFO:SubProcess create_model() end ==================================
2025-12-06 12:41:40,225:INFO:Creating metrics dataframe
2025-12-06 12:41:40,241:INFO:Initializing Light Gradient Boosting Machine
2025-12-06 12:41:40,241:INFO:Total runtime is 0.8930007298787435 minutes
2025-12-06 12:41:40,241:INFO:SubProcess create_model() called ==================================
2025-12-06 12:41:40,241:INFO:Initializing create_model()
2025-12-06 12:41:40,241:INFO:create_model(self=<pycaret.classification.oop.ClassificationExperiment object at 0x0000012B4EC96850>, estimator=lightgbm, fold=StratifiedKFold(n_splits=10, random_state=None, shuffle=False), round=4, cross_validation=True, predict=True, fit_kwargs={}, groups=None, refit=False, probability_threshold=None, experiment_custom_tags=None, verbose=False, system=False, add_to_model_list=True, metrics=None, display=<pycaret.internal.display.display.CommonDisplay object at 0x0000012B7665C5E0>, model_only=True, return_train_score=False, error_score=0.0, kwargs={})
2025-12-06 12:41:40,241:INFO:Checking exceptions
2025-12-06 12:41:40,241:INFO:Importing libraries
2025-12-06 12:41:40,241:INFO:Copying training dataset
2025-12-06 12:41:40,257:INFO:Defining folds
2025-12-06 12:41:40,257:INFO:Declaring metric variables
2025-12-06 12:41:40,257:INFO:Importing untrained model
2025-12-06 12:41:40,257:INFO:Light Gradient Boosting Machine Imported successfully
2025-12-06 12:41:40,257:INFO:Starting cross validation
2025-12-06 12:41:40,281:INFO:Cross validating with StratifiedKFold(n_splits=10, random_state=None, shuffle=False), n_jobs=-1
2025-12-06 12:41:44,986:WARNING:C:\Users\dell\anaconda3\envs\churn_env\lib\site-packages\sklearn\metrics\_classification.py:1396: UserWarning: Note that pos_label (set to 'Yes') is ignored when average != 'binary' (got 'weighted'). You may use labels=[pos_label] to specify a single positive class.
  warnings.warn(

2025-12-06 12:41:45,045:WARNING:C:\Users\dell\anaconda3\envs\churn_env\lib\site-packages\sklearn\metrics\_classification.py:1396: UserWarning: Note that pos_label (set to 'Yes') is ignored when average != 'binary' (got 'weighted'). You may use labels=[pos_label] to specify a single positive class.
  warnings.warn(

2025-12-06 12:41:45,043:WARNING:C:\Users\dell\anaconda3\envs\churn_env\lib\site-packages\sklearn\metrics\_classification.py:1396: UserWarning: Note that pos_label (set to 'Yes') is ignored when average != 'binary' (got 'weighted'). You may use labels=[pos_label] to specify a single positive class.
  warnings.warn(

2025-12-06 12:41:45,078:WARNING:C:\Users\dell\anaconda3\envs\churn_env\lib\site-packages\sklearn\metrics\_classification.py:1344: UndefinedMetricWarning: Precision is ill-defined and being set to 0.0 in labels with no predicted samples. Use `zero_division` parameter to control this behavior.
  _warn_prf(average, modifier, msg_start, len(result))

2025-12-06 12:41:45,111:WARNING:C:\Users\dell\anaconda3\envs\churn_env\lib\site-packages\sklearn\metrics\_classification.py:1396: UserWarning: Note that pos_label (set to 'Yes') is ignored when average != 'binary' (got 'weighted'). You may use labels=[pos_label] to specify a single positive class.
  warnings.warn(

2025-12-06 12:41:45,117:WARNING:C:\Users\dell\anaconda3\envs\churn_env\lib\site-packages\sklearn\metrics\_classification.py:1396: UserWarning: Note that pos_label (set to 'Yes') is ignored when average != 'binary' (got 'weighted'). You may use labels=[pos_label] to specify a single positive class.
  warnings.warn(

2025-12-06 12:41:45,140:WARNING:C:\Users\dell\anaconda3\envs\churn_env\lib\site-packages\sklearn\metrics\_classification.py:1396: UserWarning: Note that pos_label (set to 'Yes') is ignored when average != 'binary' (got 'weighted'). You may use labels=[pos_label] to specify a single positive class.
  warnings.warn(

2025-12-06 12:41:45,141:WARNING:C:\Users\dell\anaconda3\envs\churn_env\lib\site-packages\sklearn\metrics\_classification.py:1344: UndefinedMetricWarning: Precision is ill-defined and being set to 0.0 in labels with no predicted samples. Use `zero_division` parameter to control this behavior.
  _warn_prf(average, modifier, msg_start, len(result))

2025-12-06 12:41:45,164:WARNING:C:\Users\dell\anaconda3\envs\churn_env\lib\site-packages\sklearn\metrics\_classification.py:1396: UserWarning: Note that pos_label (set to 'Yes') is ignored when average != 'binary' (got 'weighted'). You may use labels=[pos_label] to specify a single positive class.
  warnings.warn(

2025-12-06 12:41:45,165:WARNING:C:\Users\dell\anaconda3\envs\churn_env\lib\site-packages\sklearn\metrics\_classification.py:1396: UserWarning: Note that pos_label (set to 'Yes') is ignored when average != 'binary' (got 'weighted'). You may use labels=[pos_label] to specify a single positive class.
  warnings.warn(

2025-12-06 12:41:45,173:WARNING:C:\Users\dell\anaconda3\envs\churn_env\lib\site-packages\sklearn\metrics\_classification.py:1396: UserWarning: Note that pos_label (set to 'Yes') is ignored when average != 'binary' (got 'weighted'). You may use labels=[pos_label] to specify a single positive class.
  warnings.warn(

2025-12-06 12:41:45,200:WARNING:C:\Users\dell\anaconda3\envs\churn_env\lib\site-packages\sklearn\metrics\_classification.py:1396: UserWarning: Note that pos_label (set to 'Yes') is ignored when average != 'binary' (got 'weighted'). You may use labels=[pos_label] to specify a single positive class.
  warnings.warn(

2025-12-06 12:41:45,225:WARNING:C:\Users\dell\anaconda3\envs\churn_env\lib\site-packages\sklearn\metrics\_classification.py:1396: UserWarning: Note that pos_label (set to 'Yes') is ignored when average != 'binary' (got 'weighted'). You may use labels=[pos_label] to specify a single positive class.
  warnings.warn(

2025-12-06 12:41:45,230:WARNING:C:\Users\dell\anaconda3\envs\churn_env\lib\site-packages\sklearn\metrics\_classification.py:1396: UserWarning: Note that pos_label (set to 'Yes') is ignored when average != 'binary' (got 'weighted'). You may use labels=[pos_label] to specify a single positive class.
  warnings.warn(

2025-12-06 12:41:45,232:WARNING:C:\Users\dell\anaconda3\envs\churn_env\lib\site-packages\sklearn\metrics\_classification.py:1344: UndefinedMetricWarning: Precision is ill-defined and being set to 0.0 in labels with no predicted samples. Use `zero_division` parameter to control this behavior.
  _warn_prf(average, modifier, msg_start, len(result))

2025-12-06 12:41:45,260:WARNING:C:\Users\dell\anaconda3\envs\churn_env\lib\site-packages\sklearn\metrics\_classification.py:1396: UserWarning: Note that pos_label (set to 'Yes') is ignored when average != 'binary' (got 'weighted'). You may use labels=[pos_label] to specify a single positive class.
  warnings.warn(

2025-12-06 12:41:45,264:WARNING:C:\Users\dell\anaconda3\envs\churn_env\lib\site-packages\sklearn\metrics\_classification.py:1396: UserWarning: Note that pos_label (set to 'Yes') is ignored when average != 'binary' (got 'weighted'). You may use labels=[pos_label] to specify a single positive class.
  warnings.warn(

2025-12-06 12:41:45,268:WARNING:C:\Users\dell\anaconda3\envs\churn_env\lib\site-packages\sklearn\metrics\_classification.py:1344: UndefinedMetricWarning: Precision is ill-defined and being set to 0.0 in labels with no predicted samples. Use `zero_division` parameter to control this behavior.
  _warn_prf(average, modifier, msg_start, len(result))

2025-12-06 12:41:45,276:WARNING:C:\Users\dell\anaconda3\envs\churn_env\lib\site-packages\sklearn\metrics\_classification.py:1344: UndefinedMetricWarning: Precision is ill-defined and being set to 0.0 in labels with no predicted samples. Use `zero_division` parameter to control this behavior.
  _warn_prf(average, modifier, msg_start, len(result))

2025-12-06 12:41:45,309:WARNING:C:\Users\dell\anaconda3\envs\churn_env\lib\site-packages\sklearn\metrics\_classification.py:1396: UserWarning: Note that pos_label (set to 'Yes') is ignored when average != 'binary' (got 'weighted'). You may use labels=[pos_label] to specify a single positive class.
  warnings.warn(

2025-12-06 12:41:45,313:WARNING:C:\Users\dell\anaconda3\envs\churn_env\lib\site-packages\sklearn\metrics\_classification.py:1396: UserWarning: Note that pos_label (set to 'Yes') is ignored when average != 'binary' (got 'weighted'). You may use labels=[pos_label] to specify a single positive class.
  warnings.warn(

2025-12-06 12:41:45,335:WARNING:C:\Users\dell\anaconda3\envs\churn_env\lib\site-packages\sklearn\metrics\_classification.py:1396: UserWarning: Note that pos_label (set to 'Yes') is ignored when average != 'binary' (got 'weighted'). You may use labels=[pos_label] to specify a single positive class.
  warnings.warn(

2025-12-06 12:41:45,360:WARNING:C:\Users\dell\anaconda3\envs\churn_env\lib\site-packages\sklearn\metrics\_classification.py:1344: UndefinedMetricWarning: Precision is ill-defined and being set to 0.0 in labels with no predicted samples. Use `zero_division` parameter to control this behavior.
  _warn_prf(average, modifier, msg_start, len(result))

2025-12-06 12:41:45,382:WARNING:C:\Users\dell\anaconda3\envs\churn_env\lib\site-packages\sklearn\metrics\_classification.py:1396: UserWarning: Note that pos_label (set to 'Yes') is ignored when average != 'binary' (got 'weighted'). You may use labels=[pos_label] to specify a single positive class.
  warnings.warn(

2025-12-06 12:41:45,577:WARNING:C:\Users\dell\anaconda3\envs\churn_env\lib\site-packages\sklearn\metrics\_classification.py:1396: UserWarning: Note that pos_label (set to 'Yes') is ignored when average != 'binary' (got 'weighted'). You may use labels=[pos_label] to specify a single positive class.
  warnings.warn(

2025-12-06 12:41:45,601:WARNING:C:\Users\dell\anaconda3\envs\churn_env\lib\site-packages\sklearn\metrics\_classification.py:1396: UserWarning: Note that pos_label (set to 'Yes') is ignored when average != 'binary' (got 'weighted'). You may use labels=[pos_label] to specify a single positive class.
  warnings.warn(

2025-12-06 12:41:45,601:WARNING:C:\Users\dell\anaconda3\envs\churn_env\lib\site-packages\sklearn\metrics\_classification.py:1396: UserWarning: Note that pos_label (set to 'Yes') is ignored when average != 'binary' (got 'weighted'). You may use labels=[pos_label] to specify a single positive class.
  warnings.warn(

2025-12-06 12:41:45,614:WARNING:C:\Users\dell\anaconda3\envs\churn_env\lib\site-packages\sklearn\metrics\_classification.py:1344: UndefinedMetricWarning: Precision is ill-defined and being set to 0.0 in labels with no predicted samples. Use `zero_division` parameter to control this behavior.
  _warn_prf(average, modifier, msg_start, len(result))

2025-12-06 12:41:45,624:WARNING:C:\Users\dell\anaconda3\envs\churn_env\lib\site-packages\sklearn\metrics\_classification.py:1396: UserWarning: Note that pos_label (set to 'Yes') is ignored when average != 'binary' (got 'weighted'). You may use labels=[pos_label] to specify a single positive class.
  warnings.warn(

2025-12-06 12:41:45,624:WARNING:C:\Users\dell\anaconda3\envs\churn_env\lib\site-packages\sklearn\metrics\_classification.py:1396: UserWarning: Note that pos_label (set to 'Yes') is ignored when average != 'binary' (got 'weighted'). You may use labels=[pos_label] to specify a single positive class.
  warnings.warn(

2025-12-06 12:41:45,632:WARNING:C:\Users\dell\anaconda3\envs\churn_env\lib\site-packages\sklearn\metrics\_classification.py:1344: UndefinedMetricWarning: Precision is ill-defined and being set to 0.0 in labels with no predicted samples. Use `zero_division` parameter to control this behavior.
  _warn_prf(average, modifier, msg_start, len(result))

2025-12-06 12:41:45,644:WARNING:C:\Users\dell\anaconda3\envs\churn_env\lib\site-packages\sklearn\metrics\_classification.py:1396: UserWarning: Note that pos_label (set to 'Yes') is ignored when average != 'binary' (got 'weighted'). You may use labels=[pos_label] to specify a single positive class.
  warnings.warn(

2025-12-06 12:41:47,163:WARNING:C:\Users\dell\anaconda3\envs\churn_env\lib\site-packages\sklearn\metrics\_classification.py:1396: UserWarning: Note that pos_label (set to 'Yes') is ignored when average != 'binary' (got 'weighted'). You may use labels=[pos_label] to specify a single positive class.
  warnings.warn(

2025-12-06 12:41:47,180:WARNING:C:\Users\dell\anaconda3\envs\churn_env\lib\site-packages\sklearn\metrics\_classification.py:1396: UserWarning: Note that pos_label (set to 'Yes') is ignored when average != 'binary' (got 'weighted'). You may use labels=[pos_label] to specify a single positive class.
  warnings.warn(

2025-12-06 12:41:47,189:WARNING:C:\Users\dell\anaconda3\envs\churn_env\lib\site-packages\sklearn\metrics\_classification.py:1344: UndefinedMetricWarning: Precision is ill-defined and being set to 0.0 in labels with no predicted samples. Use `zero_division` parameter to control this behavior.
  _warn_prf(average, modifier, msg_start, len(result))

2025-12-06 12:41:47,196:WARNING:C:\Users\dell\anaconda3\envs\churn_env\lib\site-packages\sklearn\metrics\_classification.py:1396: UserWarning: Note that pos_label (set to 'Yes') is ignored when average != 'binary' (got 'weighted'). You may use labels=[pos_label] to specify a single positive class.
  warnings.warn(

2025-12-06 12:41:47,240:WARNING:C:\Users\dell\anaconda3\envs\churn_env\lib\site-packages\sklearn\metrics\_classification.py:1396: UserWarning: Note that pos_label (set to 'Yes') is ignored when average != 'binary' (got 'weighted'). You may use labels=[pos_label] to specify a single positive class.
  warnings.warn(

2025-12-06 12:41:47,256:WARNING:C:\Users\dell\anaconda3\envs\churn_env\lib\site-packages\sklearn\metrics\_classification.py:1396: UserWarning: Note that pos_label (set to 'Yes') is ignored when average != 'binary' (got 'weighted'). You may use labels=[pos_label] to specify a single positive class.
  warnings.warn(

2025-12-06 12:41:47,269:WARNING:C:\Users\dell\anaconda3\envs\churn_env\lib\site-packages\sklearn\metrics\_classification.py:1344: UndefinedMetricWarning: Precision is ill-defined and being set to 0.0 in labels with no predicted samples. Use `zero_division` parameter to control this behavior.
  _warn_prf(average, modifier, msg_start, len(result))

2025-12-06 12:41:47,277:WARNING:C:\Users\dell\anaconda3\envs\churn_env\lib\site-packages\sklearn\metrics\_classification.py:1396: UserWarning: Note that pos_label (set to 'Yes') is ignored when average != 'binary' (got 'weighted'). You may use labels=[pos_label] to specify a single positive class.
  warnings.warn(

2025-12-06 12:41:47,304:INFO:Calculating mean and std
2025-12-06 12:41:47,306:INFO:Creating metrics dataframe
2025-12-06 12:41:47,314:INFO:Uploading results into container
2025-12-06 12:41:47,316:INFO:Uploading model into container now
2025-12-06 12:41:47,317:INFO:_master_model_container: 13
2025-12-06 12:41:47,317:INFO:_display_container: 2
2025-12-06 12:41:47,321:INFO:LGBMClassifier(boosting_type='gbdt', class_weight=None, colsample_bytree=1.0,
               importance_type='split', learning_rate=0.1, max_depth=-1,
               min_child_samples=20, min_child_weight=0.001, min_split_gain=0.0,
               n_estimators=100, n_jobs=-1, num_leaves=31, objective=None,
               random_state=123, reg_alpha=0.0, reg_lambda=0.0, subsample=1.0,
               subsample_for_bin=200000, subsample_freq=0)
2025-12-06 12:41:47,321:INFO:create_model() successfully completed......................................
2025-12-06 12:41:47,469:INFO:SubProcess create_model() end ==================================
2025-12-06 12:41:47,469:INFO:Creating metrics dataframe
2025-12-06 12:41:47,492:INFO:Initializing Dummy Classifier
2025-12-06 12:41:47,492:INFO:Total runtime is 1.013840142885844 minutes
2025-12-06 12:41:47,492:INFO:SubProcess create_model() called ==================================
2025-12-06 12:41:47,492:INFO:Initializing create_model()
2025-12-06 12:41:47,492:INFO:create_model(self=<pycaret.classification.oop.ClassificationExperiment object at 0x0000012B4EC96850>, estimator=dummy, fold=StratifiedKFold(n_splits=10, random_state=None, shuffle=False), round=4, cross_validation=True, predict=True, fit_kwargs={}, groups=None, refit=False, probability_threshold=None, experiment_custom_tags=None, verbose=False, system=False, add_to_model_list=True, metrics=None, display=<pycaret.internal.display.display.CommonDisplay object at 0x0000012B7665C5E0>, model_only=True, return_train_score=False, error_score=0.0, kwargs={})
2025-12-06 12:41:47,492:INFO:Checking exceptions
2025-12-06 12:41:47,492:INFO:Importing libraries
2025-12-06 12:41:47,492:INFO:Copying training dataset
2025-12-06 12:41:47,517:INFO:Defining folds
2025-12-06 12:41:47,517:INFO:Declaring metric variables
2025-12-06 12:41:47,517:INFO:Importing untrained model
2025-12-06 12:41:47,520:INFO:Dummy Classifier Imported successfully
2025-12-06 12:41:47,521:INFO:Starting cross validation
2025-12-06 12:41:47,525:INFO:Cross validating with StratifiedKFold(n_splits=10, random_state=None, shuffle=False), n_jobs=-1
2025-12-06 12:41:49,463:WARNING:C:\Users\dell\anaconda3\envs\churn_env\lib\site-packages\sklearn\metrics\_classification.py:1396: UserWarning: Note that pos_label (set to 'Yes') is ignored when average != 'binary' (got 'weighted'). You may use labels=[pos_label] to specify a single positive class.
  warnings.warn(

2025-12-06 12:41:49,465:WARNING:C:\Users\dell\anaconda3\envs\churn_env\lib\site-packages\sklearn\metrics\_classification.py:1396: UserWarning: Note that pos_label (set to 'Yes') is ignored when average != 'binary' (got 'weighted'). You may use labels=[pos_label] to specify a single positive class.
  warnings.warn(

2025-12-06 12:41:49,465:WARNING:C:\Users\dell\anaconda3\envs\churn_env\lib\site-packages\sklearn\metrics\_classification.py:1396: UserWarning: Note that pos_label (set to 'Yes') is ignored when average != 'binary' (got 'weighted'). You may use labels=[pos_label] to specify a single positive class.
  warnings.warn(

2025-12-06 12:41:49,489:WARNING:C:\Users\dell\anaconda3\envs\churn_env\lib\site-packages\sklearn\metrics\_classification.py:1396: UserWarning: Note that pos_label (set to 'Yes') is ignored when average != 'binary' (got 'weighted'). You may use labels=[pos_label] to specify a single positive class.
  warnings.warn(

2025-12-06 12:41:49,491:WARNING:C:\Users\dell\anaconda3\envs\churn_env\lib\site-packages\sklearn\metrics\_classification.py:1396: UserWarning: Note that pos_label (set to 'Yes') is ignored when average != 'binary' (got 'weighted'). You may use labels=[pos_label] to specify a single positive class.
  warnings.warn(

2025-12-06 12:41:49,503:WARNING:C:\Users\dell\anaconda3\envs\churn_env\lib\site-packages\sklearn\metrics\_classification.py:1344: UndefinedMetricWarning: Precision is ill-defined and being set to 0.0 in labels with no predicted samples. Use `zero_division` parameter to control this behavior.
  _warn_prf(average, modifier, msg_start, len(result))

2025-12-06 12:41:49,506:WARNING:C:\Users\dell\anaconda3\envs\churn_env\lib\site-packages\sklearn\metrics\_classification.py:1344: UndefinedMetricWarning: Precision is ill-defined and being set to 0.0 in labels with no predicted samples. Use `zero_division` parameter to control this behavior.
  _warn_prf(average, modifier, msg_start, len(result))

2025-12-06 12:41:49,506:WARNING:C:\Users\dell\anaconda3\envs\churn_env\lib\site-packages\sklearn\metrics\_classification.py:1344: UndefinedMetricWarning: Precision is ill-defined and being set to 0.0 in labels with no predicted samples. Use `zero_division` parameter to control this behavior.
  _warn_prf(average, modifier, msg_start, len(result))

2025-12-06 12:41:49,513:WARNING:C:\Users\dell\anaconda3\envs\churn_env\lib\site-packages\sklearn\metrics\_classification.py:1396: UserWarning: Note that pos_label (set to 'Yes') is ignored when average != 'binary' (got 'weighted'). You may use labels=[pos_label] to specify a single positive class.
  warnings.warn(

2025-12-06 12:41:49,517:WARNING:C:\Users\dell\anaconda3\envs\churn_env\lib\site-packages\sklearn\metrics\_classification.py:1396: UserWarning: Note that pos_label (set to 'Yes') is ignored when average != 'binary' (got 'weighted'). You may use labels=[pos_label] to specify a single positive class.
  warnings.warn(

2025-12-06 12:41:49,517:WARNING:C:\Users\dell\anaconda3\envs\churn_env\lib\site-packages\sklearn\metrics\_classification.py:1396: UserWarning: Note that pos_label (set to 'Yes') is ignored when average != 'binary' (got 'weighted'). You may use labels=[pos_label] to specify a single positive class.
  warnings.warn(

2025-12-06 12:41:49,519:WARNING:C:\Users\dell\anaconda3\envs\churn_env\lib\site-packages\sklearn\metrics\_classification.py:1396: UserWarning: Note that pos_label (set to 'Yes') is ignored when average != 'binary' (got 'weighted'). You may use labels=[pos_label] to specify a single positive class.
  warnings.warn(

2025-12-06 12:41:49,546:WARNING:C:\Users\dell\anaconda3\envs\churn_env\lib\site-packages\sklearn\metrics\_classification.py:1396: UserWarning: Note that pos_label (set to 'Yes') is ignored when average != 'binary' (got 'weighted'). You may use labels=[pos_label] to specify a single positive class.
  warnings.warn(

2025-12-06 12:41:49,561:WARNING:C:\Users\dell\anaconda3\envs\churn_env\lib\site-packages\sklearn\metrics\_classification.py:1344: UndefinedMetricWarning: Precision is ill-defined and being set to 0.0 in labels with no predicted samples. Use `zero_division` parameter to control this behavior.
  _warn_prf(average, modifier, msg_start, len(result))

2025-12-06 12:41:49,566:WARNING:C:\Users\dell\anaconda3\envs\churn_env\lib\site-packages\sklearn\metrics\_classification.py:1396: UserWarning: Note that pos_label (set to 'Yes') is ignored when average != 'binary' (got 'weighted'). You may use labels=[pos_label] to specify a single positive class.
  warnings.warn(

2025-12-06 12:41:49,572:WARNING:C:\Users\dell\anaconda3\envs\churn_env\lib\site-packages\sklearn\metrics\_classification.py:1396: UserWarning: Note that pos_label (set to 'Yes') is ignored when average != 'binary' (got 'weighted'). You may use labels=[pos_label] to specify a single positive class.
  warnings.warn(

2025-12-06 12:41:49,582:WARNING:C:\Users\dell\anaconda3\envs\churn_env\lib\site-packages\sklearn\metrics\_classification.py:1396: UserWarning: Note that pos_label (set to 'Yes') is ignored when average != 'binary' (got 'weighted'). You may use labels=[pos_label] to specify a single positive class.
  warnings.warn(

2025-12-06 12:41:49,592:WARNING:C:\Users\dell\anaconda3\envs\churn_env\lib\site-packages\sklearn\metrics\_classification.py:1396: UserWarning: Note that pos_label (set to 'Yes') is ignored when average != 'binary' (got 'weighted'). You may use labels=[pos_label] to specify a single positive class.
  warnings.warn(

2025-12-06 12:41:49,600:WARNING:C:\Users\dell\anaconda3\envs\churn_env\lib\site-packages\sklearn\metrics\_classification.py:1396: UserWarning: Note that pos_label (set to 'Yes') is ignored when average != 'binary' (got 'weighted'). You may use labels=[pos_label] to specify a single positive class.
  warnings.warn(

2025-12-06 12:41:49,606:WARNING:C:\Users\dell\anaconda3\envs\churn_env\lib\site-packages\sklearn\metrics\_classification.py:1344: UndefinedMetricWarning: Precision is ill-defined and being set to 0.0 in labels with no predicted samples. Use `zero_division` parameter to control this behavior.
  _warn_prf(average, modifier, msg_start, len(result))

2025-12-06 12:41:49,608:WARNING:C:\Users\dell\anaconda3\envs\churn_env\lib\site-packages\sklearn\metrics\_classification.py:1396: UserWarning: Note that pos_label (set to 'Yes') is ignored when average != 'binary' (got 'weighted'). You may use labels=[pos_label] to specify a single positive class.
  warnings.warn(

2025-12-06 12:41:49,608:WARNING:C:\Users\dell\anaconda3\envs\churn_env\lib\site-packages\sklearn\metrics\_classification.py:1396: UserWarning: Note that pos_label (set to 'Yes') is ignored when average != 'binary' (got 'weighted'). You may use labels=[pos_label] to specify a single positive class.
  warnings.warn(

2025-12-06 12:41:49,617:WARNING:C:\Users\dell\anaconda3\envs\churn_env\lib\site-packages\sklearn\metrics\_classification.py:1396: UserWarning: Note that pos_label (set to 'Yes') is ignored when average != 'binary' (got 'weighted'). You may use labels=[pos_label] to specify a single positive class.
  warnings.warn(

2025-12-06 12:41:49,622:WARNING:C:\Users\dell\anaconda3\envs\churn_env\lib\site-packages\sklearn\metrics\_classification.py:1344: UndefinedMetricWarning: Precision is ill-defined and being set to 0.0 in labels with no predicted samples. Use `zero_division` parameter to control this behavior.
  _warn_prf(average, modifier, msg_start, len(result))

2025-12-06 12:41:49,624:WARNING:C:\Users\dell\anaconda3\envs\churn_env\lib\site-packages\sklearn\metrics\_classification.py:1396: UserWarning: Note that pos_label (set to 'Yes') is ignored when average != 'binary' (got 'weighted'). You may use labels=[pos_label] to specify a single positive class.
  warnings.warn(

2025-12-06 12:41:49,631:WARNING:C:\Users\dell\anaconda3\envs\churn_env\lib\site-packages\sklearn\metrics\_classification.py:1396: UserWarning: Note that pos_label (set to 'Yes') is ignored when average != 'binary' (got 'weighted'). You may use labels=[pos_label] to specify a single positive class.
  warnings.warn(

2025-12-06 12:41:49,631:WARNING:C:\Users\dell\anaconda3\envs\churn_env\lib\site-packages\sklearn\metrics\_classification.py:1396: UserWarning: Note that pos_label (set to 'Yes') is ignored when average != 'binary' (got 'weighted'). You may use labels=[pos_label] to specify a single positive class.
  warnings.warn(

2025-12-06 12:41:49,639:WARNING:C:\Users\dell\anaconda3\envs\churn_env\lib\site-packages\sklearn\metrics\_classification.py:1344: UndefinedMetricWarning: Precision is ill-defined and being set to 0.0 in labels with no predicted samples. Use `zero_division` parameter to control this behavior.
  _warn_prf(average, modifier, msg_start, len(result))

2025-12-06 12:41:49,648:WARNING:C:\Users\dell\anaconda3\envs\churn_env\lib\site-packages\sklearn\metrics\_classification.py:1344: UndefinedMetricWarning: Precision is ill-defined and being set to 0.0 in labels with no predicted samples. Use `zero_division` parameter to control this behavior.
  _warn_prf(average, modifier, msg_start, len(result))

2025-12-06 12:41:49,648:WARNING:C:\Users\dell\anaconda3\envs\churn_env\lib\site-packages\sklearn\metrics\_classification.py:1396: UserWarning: Note that pos_label (set to 'Yes') is ignored when average != 'binary' (got 'weighted'). You may use labels=[pos_label] to specify a single positive class.
  warnings.warn(

2025-12-06 12:41:49,658:WARNING:C:\Users\dell\anaconda3\envs\churn_env\lib\site-packages\sklearn\metrics\_classification.py:1396: UserWarning: Note that pos_label (set to 'Yes') is ignored when average != 'binary' (got 'weighted'). You may use labels=[pos_label] to specify a single positive class.
  warnings.warn(

2025-12-06 12:41:51,107:WARNING:C:\Users\dell\anaconda3\envs\churn_env\lib\site-packages\sklearn\metrics\_classification.py:1396: UserWarning: Note that pos_label (set to 'Yes') is ignored when average != 'binary' (got 'weighted'). You may use labels=[pos_label] to specify a single positive class.
  warnings.warn(

2025-12-06 12:41:51,121:WARNING:C:\Users\dell\anaconda3\envs\churn_env\lib\site-packages\sklearn\metrics\_classification.py:1396: UserWarning: Note that pos_label (set to 'Yes') is ignored when average != 'binary' (got 'weighted'). You may use labels=[pos_label] to specify a single positive class.
  warnings.warn(

2025-12-06 12:41:51,121:WARNING:C:\Users\dell\anaconda3\envs\churn_env\lib\site-packages\sklearn\metrics\_classification.py:1396: UserWarning: Note that pos_label (set to 'Yes') is ignored when average != 'binary' (got 'weighted'). You may use labels=[pos_label] to specify a single positive class.
  warnings.warn(

2025-12-06 12:41:51,129:WARNING:C:\Users\dell\anaconda3\envs\churn_env\lib\site-packages\sklearn\metrics\_classification.py:1344: UndefinedMetricWarning: Precision is ill-defined and being set to 0.0 in labels with no predicted samples. Use `zero_division` parameter to control this behavior.
  _warn_prf(average, modifier, msg_start, len(result))

2025-12-06 12:41:51,143:WARNING:C:\Users\dell\anaconda3\envs\churn_env\lib\site-packages\sklearn\metrics\_classification.py:1396: UserWarning: Note that pos_label (set to 'Yes') is ignored when average != 'binary' (got 'weighted'). You may use labels=[pos_label] to specify a single positive class.
  warnings.warn(

2025-12-06 12:41:51,145:WARNING:C:\Users\dell\anaconda3\envs\churn_env\lib\site-packages\sklearn\metrics\_classification.py:1396: UserWarning: Note that pos_label (set to 'Yes') is ignored when average != 'binary' (got 'weighted'). You may use labels=[pos_label] to specify a single positive class.
  warnings.warn(

2025-12-06 12:41:51,161:WARNING:C:\Users\dell\anaconda3\envs\churn_env\lib\site-packages\sklearn\metrics\_classification.py:1344: UndefinedMetricWarning: Precision is ill-defined and being set to 0.0 in labels with no predicted samples. Use `zero_division` parameter to control this behavior.
  _warn_prf(average, modifier, msg_start, len(result))

2025-12-06 12:41:51,172:WARNING:C:\Users\dell\anaconda3\envs\churn_env\lib\site-packages\sklearn\metrics\_classification.py:1396: UserWarning: Note that pos_label (set to 'Yes') is ignored when average != 'binary' (got 'weighted'). You may use labels=[pos_label] to specify a single positive class.
  warnings.warn(

2025-12-06 12:41:51,204:INFO:Calculating mean and std
2025-12-06 12:41:51,208:INFO:Creating metrics dataframe
2025-12-06 12:41:51,224:INFO:Uploading results into container
2025-12-06 12:41:51,228:INFO:Uploading model into container now
2025-12-06 12:41:51,228:INFO:_master_model_container: 14
2025-12-06 12:41:51,230:INFO:_display_container: 2
2025-12-06 12:41:51,230:INFO:DummyClassifier(constant=None, random_state=123, strategy='prior')
2025-12-06 12:41:51,230:INFO:create_model() successfully completed......................................
2025-12-06 12:41:51,369:INFO:SubProcess create_model() end ==================================
2025-12-06 12:41:51,369:INFO:Creating metrics dataframe
2025-12-06 12:41:51,410:INFO:Initializing create_model()
2025-12-06 12:41:51,410:INFO:create_model(self=<pycaret.classification.oop.ClassificationExperiment object at 0x0000012B4EC96850>, estimator=KNeighborsClassifier(algorithm='auto', leaf_size=30, metric='minkowski',
                     metric_params=None, n_jobs=-1, n_neighbors=5, p=2,
                     weights='uniform'), fold=StratifiedKFold(n_splits=10, random_state=None, shuffle=False), round=4, cross_validation=False, predict=False, fit_kwargs={}, groups=None, refit=True, probability_threshold=None, experiment_custom_tags=None, verbose=False, system=False, add_to_model_list=True, metrics=None, display=None, model_only=True, return_train_score=False, error_score=0.0, kwargs={})
2025-12-06 12:41:51,410:INFO:Checking exceptions
2025-12-06 12:41:51,414:INFO:Importing libraries
2025-12-06 12:41:51,414:INFO:Copying training dataset
2025-12-06 12:41:51,438:INFO:Defining folds
2025-12-06 12:41:51,438:INFO:Declaring metric variables
2025-12-06 12:41:51,438:INFO:Importing untrained model
2025-12-06 12:41:51,438:INFO:Declaring custom model
2025-12-06 12:41:51,438:INFO:K Neighbors Classifier Imported successfully
2025-12-06 12:41:51,452:INFO:Cross validation set to False
2025-12-06 12:41:51,452:INFO:Fitting Model
2025-12-06 12:41:52,351:INFO:KNeighborsClassifier(algorithm='auto', leaf_size=30, metric='minkowski',
                     metric_params=None, n_jobs=-1, n_neighbors=5, p=2,
                     weights='uniform')
2025-12-06 12:41:52,351:INFO:create_model() successfully completed......................................
2025-12-06 12:41:52,453:INFO:_master_model_container: 14
2025-12-06 12:41:52,453:INFO:_display_container: 2
2025-12-06 12:41:52,457:INFO:KNeighborsClassifier(algorithm='auto', leaf_size=30, metric='minkowski',
                     metric_params=None, n_jobs=-1, n_neighbors=5, p=2,
                     weights='uniform')
2025-12-06 12:41:52,457:INFO:compare_models() successfully completed......................................
2025-12-06 12:41:52,458:INFO:Initializing finalize_model()
2025-12-06 12:41:52,458:INFO:finalize_model(self=<pycaret.classification.oop.ClassificationExperiment object at 0x0000012B4EC96850>, estimator=KNeighborsClassifier(algorithm='auto', leaf_size=30, metric='minkowski',
                     metric_params=None, n_jobs=-1, n_neighbors=5, p=2,
                     weights='uniform'), fit_kwargs=None, groups=None, model_only=False, experiment_custom_tags=None)
2025-12-06 12:41:52,458:INFO:Finalizing KNeighborsClassifier(algorithm='auto', leaf_size=30, metric='minkowski',
                     metric_params=None, n_jobs=-1, n_neighbors=5, p=2,
                     weights='uniform')
2025-12-06 12:41:52,458:INFO:Initializing create_model()
2025-12-06 12:41:52,458:INFO:create_model(self=<pycaret.classification.oop.ClassificationExperiment object at 0x0000012B4EC96850>, estimator=KNeighborsClassifier(algorithm='auto', leaf_size=30, metric='minkowski',
                     metric_params=None, n_jobs=-1, n_neighbors=5, p=2,
                     weights='uniform'), fold=None, round=4, cross_validation=False, predict=False, fit_kwargs={}, groups=None, refit=True, probability_threshold=None, experiment_custom_tags=None, verbose=False, system=False, add_to_model_list=False, metrics=None, display=None, model_only=False, return_train_score=False, error_score=0.0, kwargs={})
2025-12-06 12:41:52,458:INFO:Checking exceptions
2025-12-06 12:41:52,458:INFO:Importing libraries
2025-12-06 12:41:52,458:INFO:Copying training dataset
2025-12-06 12:41:52,458:INFO:Defining folds
2025-12-06 12:41:52,458:INFO:Declaring metric variables
2025-12-06 12:41:52,458:INFO:Importing untrained model
2025-12-06 12:41:52,458:INFO:Declaring custom model
2025-12-06 12:41:52,466:INFO:K Neighbors Classifier Imported successfully
2025-12-06 12:41:52,469:INFO:Cross validation set to False
2025-12-06 12:41:52,469:INFO:Fitting Model
2025-12-06 12:41:52,975:INFO:Pipeline(memory=Memory(location=None),
         steps=[('label_encoding',
                 TransformerWrapperWithInverse(exclude=None, include=None,
                                               transformer=LabelEncoder())),
                ('numerical_imputer',
                 TransformerWrapper(exclude=None,
                                    include=['SeniorCitizen', 'tenure',
                                             'MonthlyCharges'],
                                    transformer=SimpleImputer(add_indicator=False,
                                                              copy=True,
                                                              fill_value=None,
                                                              keep_empty_features=False...
                                    transformer=TargetEncoder(cols=['customerID',
                                                                    'TotalCharges'],
                                                              drop_invariant=False,
                                                              handle_missing='return_nan',
                                                              handle_unknown='value',
                                                              hierarchy=None,
                                                              min_samples_leaf=20,
                                                              return_df=True,
                                                              smoothing=10,
                                                              verbose=0))),
                ('actual_estimator',
                 KNeighborsClassifier(algorithm='auto', leaf_size=30,
                                      metric='minkowski', metric_params=None,
                                      n_jobs=-1, n_neighbors=5, p=2,
                                      weights='uniform'))],
         verbose=False)
2025-12-06 12:41:52,975:INFO:create_model() successfully completed......................................
2025-12-06 12:41:53,054:INFO:_master_model_container: 14
2025-12-06 12:41:53,054:INFO:_display_container: 2
2025-12-06 12:41:53,142:INFO:Pipeline(memory=Memory(location=None),
         steps=[('label_encoding',
                 TransformerWrapperWithInverse(exclude=None, include=None,
                                               transformer=LabelEncoder())),
                ('numerical_imputer',
                 TransformerWrapper(exclude=None,
                                    include=['SeniorCitizen', 'tenure',
                                             'MonthlyCharges'],
                                    transformer=SimpleImputer(add_indicator=False,
                                                              copy=True,
                                                              fill_value=None,
                                                              keep_empty_features=False...
                                    transformer=TargetEncoder(cols=['customerID',
                                                                    'TotalCharges'],
                                                              drop_invariant=False,
                                                              handle_missing='return_nan',
                                                              handle_unknown='value',
                                                              hierarchy=None,
                                                              min_samples_leaf=20,
                                                              return_df=True,
                                                              smoothing=10,
                                                              verbose=0))),
                ('actual_estimator',
                 KNeighborsClassifier(algorithm='auto', leaf_size=30,
                                      metric='minkowski', metric_params=None,
                                      n_jobs=-1, n_neighbors=5, p=2,
                                      weights='uniform'))],
         verbose=False)
2025-12-06 12:41:53,142:INFO:finalize_model() successfully completed......................................
2025-12-06 12:41:53,446:INFO:Initializing save_model()
2025-12-06 12:41:53,446:INFO:save_model(model=Pipeline(memory=Memory(location=None),
         steps=[('label_encoding',
                 TransformerWrapperWithInverse(exclude=None, include=None,
                                               transformer=LabelEncoder())),
                ('numerical_imputer',
                 TransformerWrapper(exclude=None,
                                    include=['SeniorCitizen', 'tenure',
                                             'MonthlyCharges'],
                                    transformer=SimpleImputer(add_indicator=False,
                                                              copy=True,
                                                              fill_value=None,
                                                              keep_empty_features=False...
                                    transformer=TargetEncoder(cols=['customerID',
                                                                    'TotalCharges'],
                                                              drop_invariant=False,
                                                              handle_missing='return_nan',
                                                              handle_unknown='value',
                                                              hierarchy=None,
                                                              min_samples_leaf=20,
                                                              return_df=True,
                                                              smoothing=10,
                                                              verbose=0))),
                ('actual_estimator',
                 KNeighborsClassifier(algorithm='auto', leaf_size=30,
                                      metric='minkowski', metric_params=None,
                                      n_jobs=-1, n_neighbors=5, p=2,
                                      weights='uniform'))],
         verbose=False), model_name=customer_churn_model, prep_pipe_=Pipeline(memory=FastMemory(location=C:\Users\dell\AppData\Local\Temp\joblib),
         steps=[('label_encoding',
                 TransformerWrapperWithInverse(exclude=None, include=None,
                                               transformer=LabelEncoder())),
                ('numerical_imputer',
                 TransformerWrapper(exclude=None,
                                    include=['SeniorCitizen', 'tenure',
                                             'MonthlyCharges'],
                                    transformer=SimpleImputer(add_indicator=False,
                                                              copy=True,
                                                              fi...
                                                              return_df=True,
                                                              use_cat_names=True,
                                                              verbose=0))),
                ('rest_encoding',
                 TransformerWrapper(exclude=None,
                                    include=['customerID', 'TotalCharges'],
                                    transformer=TargetEncoder(cols=['customerID',
                                                                    'TotalCharges'],
                                                              drop_invariant=False,
                                                              handle_missing='return_nan',
                                                              handle_unknown='value',
                                                              hierarchy=None,
                                                              min_samples_leaf=20,
                                                              return_df=True,
                                                              smoothing=10,
                                                              verbose=0)))],
         verbose=False), verbose=True, use_case=MLUsecase.CLASSIFICATION, kwargs={})
2025-12-06 12:41:53,446:INFO:Adding model into prep_pipe
2025-12-06 12:41:53,446:WARNING:Only Model saved as it was a pipeline.
2025-12-06 12:41:53,482:INFO:customer_churn_model.pkl saved in current working directory
2025-12-06 12:41:53,585:INFO:Pipeline(memory=Memory(location=None),
         steps=[('label_encoding',
                 TransformerWrapperWithInverse(exclude=None, include=None,
                                               transformer=LabelEncoder())),
                ('numerical_imputer',
                 TransformerWrapper(exclude=None,
                                    include=['SeniorCitizen', 'tenure',
                                             'MonthlyCharges'],
                                    transformer=SimpleImputer(add_indicator=False,
                                                              copy=True,
                                                              fill_value=None,
                                                              keep_empty_features=False...
                                    transformer=TargetEncoder(cols=['customerID',
                                                                    'TotalCharges'],
                                                              drop_invariant=False,
                                                              handle_missing='return_nan',
                                                              handle_unknown='value',
                                                              hierarchy=None,
                                                              min_samples_leaf=20,
                                                              return_df=True,
                                                              smoothing=10,
                                                              verbose=0))),
                ('actual_estimator',
                 KNeighborsClassifier(algorithm='auto', leaf_size=30,
                                      metric='minkowski', metric_params=None,
                                      n_jobs=-1, n_neighbors=5, p=2,
                                      weights='uniform'))],
         verbose=False)
2025-12-06 12:41:53,585:INFO:save_model() successfully completed......................................
2025-12-06 12:48:05,394:WARNING:
'cuml' is a soft dependency and not included in the pycaret installation. Please run: `pip install cuml` to install.
2025-12-06 12:48:05,394:WARNING:
'cuml' is a soft dependency and not included in the pycaret installation. Please run: `pip install cuml` to install.
2025-12-06 12:48:05,394:WARNING:
'cuml' is a soft dependency and not included in the pycaret installation. Please run: `pip install cuml` to install.
2025-12-06 12:48:05,394:WARNING:
'cuml' is a soft dependency and not included in the pycaret installation. Please run: `pip install cuml` to install.
2025-12-06 12:48:07,212:INFO:Initializing load_model()
2025-12-06 12:48:07,212:INFO:load_model(model_name=customer_churn_model, platform=None, authentication=None, verbose=True)
2025-12-06 12:48:07,422:INFO:Initializing predict_model()
2025-12-06 12:48:07,424:INFO:predict_model(self=<pycaret.classification.oop.ClassificationExperiment object at 0x00000228CE219940>, estimator=Pipeline(memory=Memory(location=None),
         steps=[('label_encoding',
                 TransformerWrapperWithInverse(transformer=LabelEncoder())),
                ('numerical_imputer',
                 TransformerWrapper(include=['SeniorCitizen', 'tenure',
                                             'MonthlyCharges'],
                                    transformer=SimpleImputer())),
                ('categorical_imputer',
                 TransformerWrapper(include=['customerID', 'gender', 'Partner',
                                             'Dependents', 'PhoneServ...
                                                                    'DeviceProtection',
                                                                    'TechSupport',
                                                                    'StreamingTV',
                                                                    'StreamingMovies',
                                                                    'Contract',
                                                                    'PaymentMethod'],
                                                              handle_missing='return_nan',
                                                              use_cat_names=True))),
                ('rest_encoding',
                 TransformerWrapper(include=['customerID', 'TotalCharges'],
                                    transformer=TargetEncoder(cols=['customerID',
                                                                    'TotalCharges'],
                                                              handle_missing='return_nan'))),
                ('actual_estimator', KNeighborsClassifier(n_jobs=-1))]), probability_threshold=None, encoded_labels=False, raw_score=False, round=4, verbose=True, ml_usecase=None, preprocess=True, encode_labels=<function _SupervisedExperiment.predict_model.<locals>.encode_labels at 0x00000228CE42F9D0>)
2025-12-06 12:48:07,424:INFO:Checking exceptions
2025-12-06 12:48:07,424:INFO:Preloading libraries
2025-12-06 12:48:07,425:INFO:Set up data.
2025-12-06 12:48:07,440:INFO:Set up index.
2025-12-06 12:52:17,651:WARNING:
'cuml' is a soft dependency and not included in the pycaret installation. Please run: `pip install cuml` to install.
2025-12-06 12:52:17,653:WARNING:
'cuml' is a soft dependency and not included in the pycaret installation. Please run: `pip install cuml` to install.
2025-12-06 12:52:17,653:WARNING:
'cuml' is a soft dependency and not included in the pycaret installation. Please run: `pip install cuml` to install.
2025-12-06 12:52:17,653:WARNING:
'cuml' is a soft dependency and not included in the pycaret installation. Please run: `pip install cuml` to install.
2025-12-06 12:52:19,405:INFO:Initializing load_model()
2025-12-06 12:52:19,405:INFO:load_model(model_name=customer_churn_model, platform=None, authentication=None, verbose=True)
2025-12-06 12:53:00,896:WARNING:
'cuml' is a soft dependency and not included in the pycaret installation. Please run: `pip install cuml` to install.
2025-12-06 12:53:00,896:WARNING:
'cuml' is a soft dependency and not included in the pycaret installation. Please run: `pip install cuml` to install.
2025-12-06 12:53:00,896:WARNING:
'cuml' is a soft dependency and not included in the pycaret installation. Please run: `pip install cuml` to install.
2025-12-06 12:53:00,896:WARNING:
'cuml' is a soft dependency and not included in the pycaret installation. Please run: `pip install cuml` to install.
2025-12-06 12:53:02,020:INFO:Initializing load_model()
2025-12-06 12:53:02,020:INFO:load_model(model_name=customer_churn_model, platform=None, authentication=None, verbose=True)
2025-12-06 12:53:02,274:INFO:Initializing predict_model()
2025-12-06 12:53:02,274:INFO:predict_model(self=<pycaret.classification.oop.ClassificationExperiment object at 0x0000022549C76850>, estimator=Pipeline(memory=Memory(location=None),
         steps=[('label_encoding',
                 TransformerWrapperWithInverse(transformer=LabelEncoder())),
                ('numerical_imputer',
                 TransformerWrapper(include=['SeniorCitizen', 'tenure',
                                             'MonthlyCharges'],
                                    transformer=SimpleImputer())),
                ('categorical_imputer',
                 TransformerWrapper(include=['customerID', 'gender', 'Partner',
                                             'Dependents', 'PhoneServ...
                                                                    'DeviceProtection',
                                                                    'TechSupport',
                                                                    'StreamingTV',
                                                                    'StreamingMovies',
                                                                    'Contract',
                                                                    'PaymentMethod'],
                                                              handle_missing='return_nan',
                                                              use_cat_names=True))),
                ('rest_encoding',
                 TransformerWrapper(include=['customerID', 'TotalCharges'],
                                    transformer=TargetEncoder(cols=['customerID',
                                                                    'TotalCharges'],
                                                              handle_missing='return_nan'))),
                ('actual_estimator', KNeighborsClassifier(n_jobs=-1))]), probability_threshold=None, encoded_labels=False, raw_score=False, round=4, verbose=True, ml_usecase=None, preprocess=True, encode_labels=<function _SupervisedExperiment.predict_model.<locals>.encode_labels at 0x0000022571966CA0>)
2025-12-06 12:53:02,274:INFO:Checking exceptions
2025-12-06 12:53:02,274:INFO:Preloading libraries
2025-12-06 12:53:02,276:INFO:Set up data.
2025-12-06 12:53:02,292:INFO:Set up index.
2025-12-06 13:08:09,649:WARNING:
'cuml' is a soft dependency and not included in the pycaret installation. Please run: `pip install cuml` to install.
2025-12-06 13:08:09,649:WARNING:
'cuml' is a soft dependency and not included in the pycaret installation. Please run: `pip install cuml` to install.
2025-12-06 13:08:09,650:WARNING:
'cuml' is a soft dependency and not included in the pycaret installation. Please run: `pip install cuml` to install.
2025-12-06 13:08:09,650:WARNING:
'cuml' is a soft dependency and not included in the pycaret installation. Please run: `pip install cuml` to install.
2025-12-06 13:08:11,498:INFO:Initializing load_model()
2025-12-06 13:08:11,500:INFO:load_model(model_name=customer_churn_model, platform=None, authentication=None, verbose=True)
2025-12-06 13:08:11,705:INFO:Initializing predict_model()
2025-12-06 13:08:11,705:INFO:predict_model(self=<pycaret.classification.oop.ClassificationExperiment object at 0x000001E243FB9940>, estimator=Pipeline(memory=Memory(location=None),
         steps=[('label_encoding',
                 TransformerWrapperWithInverse(transformer=LabelEncoder())),
                ('numerical_imputer',
                 TransformerWrapper(include=['SeniorCitizen', 'tenure',
                                             'MonthlyCharges'],
                                    transformer=SimpleImputer())),
                ('categorical_imputer',
                 TransformerWrapper(include=['customerID', 'gender', 'Partner',
                                             'Dependents', 'PhoneServ...
                                                                    'DeviceProtection',
                                                                    'TechSupport',
                                                                    'StreamingTV',
                                                                    'StreamingMovies',
                                                                    'Contract',
                                                                    'PaymentMethod'],
                                                              handle_missing='return_nan',
                                                              use_cat_names=True))),
                ('rest_encoding',
                 TransformerWrapper(include=['customerID', 'TotalCharges'],
                                    transformer=TargetEncoder(cols=['customerID',
                                                                    'TotalCharges'],
                                                              handle_missing='return_nan'))),
                ('actual_estimator', KNeighborsClassifier(n_jobs=-1))]), probability_threshold=None, encoded_labels=False, raw_score=False, round=4, verbose=True, ml_usecase=None, preprocess=True, encode_labels=<function _SupervisedExperiment.predict_model.<locals>.encode_labels at 0x000001E24469F9D0>)
2025-12-06 13:08:11,705:INFO:Checking exceptions
2025-12-06 13:08:11,705:INFO:Preloading libraries
2025-12-06 13:08:11,705:INFO:Set up data.
2025-12-06 13:08:11,721:INFO:Set up index.
2025-12-06 13:08:45,807:WARNING:
'cuml' is a soft dependency and not included in the pycaret installation. Please run: `pip install cuml` to install.
2025-12-06 13:08:45,807:WARNING:
'cuml' is a soft dependency and not included in the pycaret installation. Please run: `pip install cuml` to install.
2025-12-06 13:08:45,807:WARNING:
'cuml' is a soft dependency and not included in the pycaret installation. Please run: `pip install cuml` to install.
2025-12-06 13:08:45,807:WARNING:
'cuml' is a soft dependency and not included in the pycaret installation. Please run: `pip install cuml` to install.
2025-12-06 13:08:46,960:INFO:PyCaret ClassificationExperiment
2025-12-06 13:08:46,962:INFO:Logging name: clf-default-name
2025-12-06 13:08:46,962:INFO:ML Usecase: MLUsecase.CLASSIFICATION
2025-12-06 13:08:46,962:INFO:version 3.2.0
2025-12-06 13:08:46,962:INFO:Initializing setup()
2025-12-06 13:08:46,962:INFO:self.USI: 8297
2025-12-06 13:08:46,962:INFO:self._variable_keys: {'_ml_usecase', 'gpu_n_jobs_param', 'log_plots_param', 'idx', 'USI', 'target_param', 'y_train', 'fix_imbalance', 'gpu_param', 'fold_shuffle_param', 'data', 'memory', 'exp_id', 'X_train', 'is_multiclass', 'X_test', 'fold_generator', 'html_param', '_available_plots', 'pipeline', 'logging_param', 'fold_groups_param', 'y', 'exp_name_log', 'seed', 'X', 'y_test', 'n_jobs_param'}
2025-12-06 13:08:46,962:INFO:Checking environment
2025-12-06 13:08:46,962:INFO:python_version: 3.8.20
2025-12-06 13:08:46,962:INFO:python_build: ('default', 'Oct  3 2024 15:19:54')
2025-12-06 13:08:46,962:INFO:machine: AMD64
2025-12-06 13:08:46,975:INFO:platform: Windows-10-10.0.26200-SP0
2025-12-06 13:08:46,975:INFO:Memory: svmem(total=8299257856, available=1110880256, percent=86.6, used=7188377600, free=1110880256)
2025-12-06 13:08:46,975:INFO:Physical Core: 4
2025-12-06 13:08:46,975:INFO:Logical Core: 8
2025-12-06 13:08:46,975:INFO:Checking libraries
2025-12-06 13:08:46,975:INFO:System:
2025-12-06 13:08:46,975:INFO:    python: 3.8.20 (default, Oct  3 2024, 15:19:54) [MSC v.1929 64 bit (AMD64)]
2025-12-06 13:08:46,975:INFO:executable: C:\Users\dell\anaconda3\envs\churn_env\python.exe
2025-12-06 13:08:46,975:INFO:   machine: Windows-10-10.0.26200-SP0
2025-12-06 13:08:46,975:INFO:PyCaret required dependencies:
2025-12-06 13:08:47,007:INFO:                 pip: 24.2
2025-12-06 13:08:47,008:INFO:          setuptools: 75.1.0
2025-12-06 13:08:47,008:INFO:             pycaret: 3.2.0
2025-12-06 13:08:47,008:INFO:             IPython: 8.12.3
2025-12-06 13:08:47,008:INFO:          ipywidgets: 8.1.8
2025-12-06 13:08:47,008:INFO:                tqdm: 4.67.1
2025-12-06 13:08:47,008:INFO:               numpy: 1.23.5
2025-12-06 13:08:47,008:INFO:              pandas: 1.5.3
2025-12-06 13:08:47,009:INFO:              jinja2: 3.1.6
2025-12-06 13:08:47,009:INFO:               scipy: 1.10.1
2025-12-06 13:08:47,009:INFO:              joblib: 1.2.0
2025-12-06 13:08:47,009:INFO:             sklearn: 1.2.2
2025-12-06 13:08:47,009:INFO:                pyod: 2.0.6
2025-12-06 13:08:47,009:INFO:            imblearn: 0.12.4
2025-12-06 13:08:47,009:INFO:   category_encoders: 2.6.4
2025-12-06 13:08:47,009:INFO:            lightgbm: 4.6.0
2025-12-06 13:08:47,009:INFO:               numba: 0.58.1
2025-12-06 13:08:47,009:INFO:            requests: 2.32.4
2025-12-06 13:08:47,009:INFO:          matplotlib: 3.6.0
2025-12-06 13:08:47,009:INFO:          scikitplot: 0.3.7
2025-12-06 13:08:47,009:INFO:         yellowbrick: 1.5
2025-12-06 13:08:47,009:INFO:              plotly: 6.5.0
2025-12-06 13:08:47,009:INFO:    plotly-resampler: Not installed
2025-12-06 13:08:47,009:INFO:             kaleido: 1.2.0
2025-12-06 13:08:47,009:INFO:           schemdraw: 0.15
2025-12-06 13:08:47,009:INFO:         statsmodels: 0.14.1
2025-12-06 13:08:47,009:INFO:              sktime: 0.21.1
2025-12-06 13:08:47,009:INFO:               tbats: 1.1.3
2025-12-06 13:08:47,009:INFO:            pmdarima: 2.0.4
2025-12-06 13:08:47,009:INFO:              psutil: 7.1.3
2025-12-06 13:08:47,009:INFO:          markupsafe: 2.1.5
2025-12-06 13:08:47,009:INFO:             pickle5: Not installed
2025-12-06 13:08:47,009:INFO:         cloudpickle: 3.1.2
2025-12-06 13:08:47,009:INFO:         deprecation: 2.1.0
2025-12-06 13:08:47,009:INFO:              xxhash: 3.6.0
2025-12-06 13:08:47,009:INFO:           wurlitzer: Not installed
2025-12-06 13:08:47,009:INFO:PyCaret optional dependencies:
2025-12-06 13:08:47,019:INFO:                shap: Not installed
2025-12-06 13:08:47,019:INFO:           interpret: Not installed
2025-12-06 13:08:47,019:INFO:                umap: Not installed
2025-12-06 13:08:47,019:INFO:     ydata_profiling: Not installed
2025-12-06 13:08:47,019:INFO:  explainerdashboard: Not installed
2025-12-06 13:08:47,019:INFO:             autoviz: Not installed
2025-12-06 13:08:47,019:INFO:           fairlearn: Not installed
2025-12-06 13:08:47,019:INFO:          deepchecks: Not installed
2025-12-06 13:08:47,019:INFO:             xgboost: Not installed
2025-12-06 13:08:47,019:INFO:            catboost: Not installed
2025-12-06 13:08:47,019:INFO:              kmodes: Not installed
2025-12-06 13:08:47,019:INFO:             mlxtend: Not installed
2025-12-06 13:08:47,019:INFO:       statsforecast: Not installed
2025-12-06 13:08:47,019:INFO:        tune_sklearn: Not installed
2025-12-06 13:08:47,019:INFO:                 ray: Not installed
2025-12-06 13:08:47,019:INFO:            hyperopt: Not installed
2025-12-06 13:08:47,019:INFO:              optuna: Not installed
2025-12-06 13:08:47,019:INFO:               skopt: Not installed
2025-12-06 13:08:47,019:INFO:              mlflow: Not installed
2025-12-06 13:08:47,019:INFO:              gradio: Not installed
2025-12-06 13:08:47,019:INFO:             fastapi: Not installed
2025-12-06 13:08:47,019:INFO:             uvicorn: Not installed
2025-12-06 13:08:47,019:INFO:              m2cgen: Not installed
2025-12-06 13:08:47,019:INFO:           evidently: Not installed
2025-12-06 13:08:47,019:INFO:               fugue: Not installed
2025-12-06 13:08:47,019:INFO:           streamlit: Not installed
2025-12-06 13:08:47,019:INFO:             prophet: Not installed
2025-12-06 13:08:47,019:INFO:None
2025-12-06 13:08:47,019:INFO:Set up data.
2025-12-06 13:08:47,048:INFO:Set up folding strategy.
2025-12-06 13:08:47,048:INFO:Set up train/test split.
2025-12-06 13:08:47,067:INFO:Set up index.
2025-12-06 13:08:47,067:INFO:Assigning column types.
2025-12-06 13:08:47,069:INFO:Engine successfully changes for model 'lr' to 'sklearn'.
2025-12-06 13:08:47,101:INFO:Engine for model 'knn' has not been set explicitly, hence returning None.
2025-12-06 13:08:47,101:INFO:Engine for model 'rbfsvm' has not been set explicitly, hence returning None.
2025-12-06 13:08:47,138:WARNING:
'xgboost' is a soft dependency and not included in the pycaret installation. Please run: `pip install xgboost` to install.
Alternately, you can install this by running `pip install pycaret[models]`
2025-12-06 13:08:47,138:WARNING:
'catboost' is a soft dependency and not included in the pycaret installation. Please run: `pip install catboost` to install.
Alternately, you can install this by running `pip install pycaret[models]`
2025-12-06 13:08:47,165:INFO:Engine for model 'knn' has not been set explicitly, hence returning None.
2025-12-06 13:08:47,165:INFO:Engine for model 'rbfsvm' has not been set explicitly, hence returning None.
2025-12-06 13:08:47,181:WARNING:
'xgboost' is a soft dependency and not included in the pycaret installation. Please run: `pip install xgboost` to install.
Alternately, you can install this by running `pip install pycaret[models]`
2025-12-06 13:08:47,181:WARNING:
'catboost' is a soft dependency and not included in the pycaret installation. Please run: `pip install catboost` to install.
Alternately, you can install this by running `pip install pycaret[models]`
2025-12-06 13:08:47,197:INFO:Engine successfully changes for model 'knn' to 'sklearn'.
2025-12-06 13:08:47,229:INFO:Engine for model 'rbfsvm' has not been set explicitly, hence returning None.
2025-12-06 13:08:47,257:WARNING:
'xgboost' is a soft dependency and not included in the pycaret installation. Please run: `pip install xgboost` to install.
Alternately, you can install this by running `pip install pycaret[models]`
2025-12-06 13:08:47,258:WARNING:
'catboost' is a soft dependency and not included in the pycaret installation. Please run: `pip install catboost` to install.
Alternately, you can install this by running `pip install pycaret[models]`
2025-12-06 13:08:47,284:INFO:Engine for model 'rbfsvm' has not been set explicitly, hence returning None.
2025-12-06 13:08:47,316:WARNING:
'xgboost' is a soft dependency and not included in the pycaret installation. Please run: `pip install xgboost` to install.
Alternately, you can install this by running `pip install pycaret[models]`
2025-12-06 13:08:47,316:WARNING:
'catboost' is a soft dependency and not included in the pycaret installation. Please run: `pip install catboost` to install.
Alternately, you can install this by running `pip install pycaret[models]`
2025-12-06 13:08:47,316:INFO:Engine successfully changes for model 'rbfsvm' to 'sklearn'.
2025-12-06 13:08:47,364:WARNING:
'xgboost' is a soft dependency and not included in the pycaret installation. Please run: `pip install xgboost` to install.
Alternately, you can install this by running `pip install pycaret[models]`
2025-12-06 13:08:47,364:WARNING:
'catboost' is a soft dependency and not included in the pycaret installation. Please run: `pip install catboost` to install.
Alternately, you can install this by running `pip install pycaret[models]`
2025-12-06 13:08:47,427:WARNING:
'xgboost' is a soft dependency and not included in the pycaret installation. Please run: `pip install xgboost` to install.
Alternately, you can install this by running `pip install pycaret[models]`
2025-12-06 13:08:47,427:WARNING:
'catboost' is a soft dependency and not included in the pycaret installation. Please run: `pip install catboost` to install.
Alternately, you can install this by running `pip install pycaret[models]`
2025-12-06 13:08:47,427:INFO:Preparing preprocessing pipeline...
2025-12-06 13:08:47,427:INFO:Set up label encoding.
2025-12-06 13:08:47,427:INFO:Set up simple imputation.
2025-12-06 13:08:47,443:INFO:Set up encoding of ordinal features.
2025-12-06 13:08:47,443:INFO:Set up encoding of categorical features.
2025-12-06 13:08:47,818:INFO:Finished creating preprocessing pipeline.
2025-12-06 13:08:47,881:INFO:Pipeline: Pipeline(memory=FastMemory(location=C:\Users\dell\AppData\Local\Temp\joblib),
         steps=[('label_encoding',
                 TransformerWrapperWithInverse(exclude=None, include=None,
                                               transformer=LabelEncoder())),
                ('numerical_imputer',
                 TransformerWrapper(exclude=None,
                                    include=['SeniorCitizen', 'tenure',
                                             'MonthlyCharges'],
                                    transformer=SimpleImputer(add_indicator=False,
                                                              copy=True,
                                                              fi...
                                                              return_df=True,
                                                              use_cat_names=True,
                                                              verbose=0))),
                ('rest_encoding',
                 TransformerWrapper(exclude=None,
                                    include=['customerID', 'TotalCharges'],
                                    transformer=TargetEncoder(cols=['customerID',
                                                                    'TotalCharges'],
                                                              drop_invariant=False,
                                                              handle_missing='return_nan',
                                                              handle_unknown='value',
                                                              hierarchy=None,
                                                              min_samples_leaf=20,
                                                              return_df=True,
                                                              smoothing=10,
                                                              verbose=0)))],
         verbose=False)
2025-12-06 13:08:47,881:INFO:Creating final display dataframe.
2025-12-06 13:08:48,686:INFO:Setup _display_container:                     Description             Value
0                    Session id               123
1                        Target             Churn
2                   Target type            Binary
3                Target mapping     No: 0, Yes: 1
4           Original data shape        (7043, 21)
5        Transformed data shape        (7043, 42)
6   Transformed train set shape        (4930, 42)
7    Transformed test set shape        (2113, 42)
8              Ordinal features                 5
9              Numeric features                 3
10         Categorical features                17
11                   Preprocess              True
12              Imputation type            simple
13           Numeric imputation              mean
14       Categorical imputation              mode
15     Maximum one-hot encoding                25
16              Encoding method              None
17               Fold Generator   StratifiedKFold
18                  Fold Number                10
19                     CPU Jobs                -1
20                      Use GPU             False
21               Log Experiment             False
22              Experiment Name  clf-default-name
23                          USI              8297
2025-12-06 13:08:48,755:WARNING:
'xgboost' is a soft dependency and not included in the pycaret installation. Please run: `pip install xgboost` to install.
Alternately, you can install this by running `pip install pycaret[models]`
2025-12-06 13:08:48,756:WARNING:
'catboost' is a soft dependency and not included in the pycaret installation. Please run: `pip install catboost` to install.
Alternately, you can install this by running `pip install pycaret[models]`
2025-12-06 13:08:48,802:WARNING:
'xgboost' is a soft dependency and not included in the pycaret installation. Please run: `pip install xgboost` to install.
Alternately, you can install this by running `pip install pycaret[models]`
2025-12-06 13:08:48,802:WARNING:
'catboost' is a soft dependency and not included in the pycaret installation. Please run: `pip install catboost` to install.
Alternately, you can install this by running `pip install pycaret[models]`
2025-12-06 13:08:48,802:INFO:setup() successfully completed in 1.85s...............
2025-12-06 13:08:48,802:INFO:Initializing compare_models()
2025-12-06 13:08:48,802:INFO:compare_models(self=<pycaret.classification.oop.ClassificationExperiment object at 0x0000029114C86850>, include=None, fold=None, round=4, cross_validation=True, sort=Accuracy, n_select=1, budget_time=None, turbo=True, errors=ignore, fit_kwargs=None, groups=None, experiment_custom_tags=None, probability_threshold=None, verbose=True, parallel=None, caller_params={'self': <pycaret.classification.oop.ClassificationExperiment object at 0x0000029114C86850>, 'include': None, 'exclude': None, 'fold': None, 'round': 4, 'cross_validation': True, 'sort': 'Accuracy', 'n_select': 1, 'budget_time': None, 'turbo': True, 'errors': 'ignore', 'fit_kwargs': None, 'groups': None, 'experiment_custom_tags': None, 'probability_threshold': None, 'engine': None, 'verbose': True, 'parallel': None, '__class__': <class 'pycaret.classification.oop.ClassificationExperiment'>}, exclude=None)
2025-12-06 13:08:48,802:INFO:Checking exceptions
2025-12-06 13:08:48,820:INFO:Preparing display monitor
2025-12-06 13:08:48,823:INFO:Initializing Logistic Regression
2025-12-06 13:08:48,823:INFO:Total runtime is 0.0 minutes
2025-12-06 13:08:48,823:INFO:SubProcess create_model() called ==================================
2025-12-06 13:08:48,823:INFO:Initializing create_model()
2025-12-06 13:08:48,823:INFO:create_model(self=<pycaret.classification.oop.ClassificationExperiment object at 0x0000029114C86850>, estimator=lr, fold=StratifiedKFold(n_splits=10, random_state=None, shuffle=False), round=4, cross_validation=True, predict=True, fit_kwargs={}, groups=None, refit=False, probability_threshold=None, experiment_custom_tags=None, verbose=False, system=False, add_to_model_list=True, metrics=None, display=<pycaret.internal.display.display.CommonDisplay object at 0x000002913CB58910>, model_only=True, return_train_score=False, error_score=0.0, kwargs={})
2025-12-06 13:08:48,823:INFO:Checking exceptions
2025-12-06 13:08:48,823:INFO:Importing libraries
2025-12-06 13:08:48,823:INFO:Copying training dataset
2025-12-06 13:08:48,823:INFO:Defining folds
2025-12-06 13:08:48,823:INFO:Declaring metric variables
2025-12-06 13:08:48,823:INFO:Importing untrained model
2025-12-06 13:08:48,823:INFO:Logistic Regression Imported successfully
2025-12-06 13:08:48,823:INFO:Starting cross validation
2025-12-06 13:08:48,823:INFO:Cross validating with StratifiedKFold(n_splits=10, random_state=None, shuffle=False), n_jobs=-1
2025-12-06 13:08:56,820:WARNING:C:\Users\dell\anaconda3\envs\churn_env\lib\site-packages\sklearn\metrics\_classification.py:1396: UserWarning: Note that pos_label (set to 'Yes') is ignored when average != 'binary' (got 'weighted'). You may use labels=[pos_label] to specify a single positive class.
  warnings.warn(

2025-12-06 13:08:56,833:WARNING:C:\Users\dell\anaconda3\envs\churn_env\lib\site-packages\sklearn\metrics\_classification.py:1396: UserWarning: Note that pos_label (set to 'Yes') is ignored when average != 'binary' (got 'weighted'). You may use labels=[pos_label] to specify a single positive class.
  warnings.warn(

2025-12-06 13:08:56,842:WARNING:C:\Users\dell\anaconda3\envs\churn_env\lib\site-packages\sklearn\metrics\_classification.py:1396: UserWarning: Note that pos_label (set to 'Yes') is ignored when average != 'binary' (got 'weighted'). You may use labels=[pos_label] to specify a single positive class.
  warnings.warn(

2025-12-06 13:08:57,021:WARNING:C:\Users\dell\anaconda3\envs\churn_env\lib\site-packages\sklearn\linear_model\_logistic.py:458: ConvergenceWarning: lbfgs failed to converge (status=1):
STOP: TOTAL NO. of ITERATIONS REACHED LIMIT.

Increase the number of iterations (max_iter) or scale the data as shown in:
    https://scikit-learn.org/stable/modules/preprocessing.html
Please also refer to the documentation for alternative solver options:
    https://scikit-learn.org/stable/modules/linear_model.html#logistic-regression
  n_iter_i = _check_optimize_result(

2025-12-06 13:08:57,075:WARNING:C:\Users\dell\anaconda3\envs\churn_env\lib\site-packages\sklearn\metrics\_classification.py:1396: UserWarning: Note that pos_label (set to 'Yes') is ignored when average != 'binary' (got 'weighted'). You may use labels=[pos_label] to specify a single positive class.
  warnings.warn(

2025-12-06 13:08:57,086:WARNING:C:\Users\dell\anaconda3\envs\churn_env\lib\site-packages\sklearn\metrics\_classification.py:1396: UserWarning: Note that pos_label (set to 'Yes') is ignored when average != 'binary' (got 'weighted'). You may use labels=[pos_label] to specify a single positive class.
  warnings.warn(

2025-12-06 13:08:57,097:WARNING:C:\Users\dell\anaconda3\envs\churn_env\lib\site-packages\sklearn\metrics\_classification.py:1396: UserWarning: Note that pos_label (set to 'Yes') is ignored when average != 'binary' (got 'weighted'). You may use labels=[pos_label] to specify a single positive class.
  warnings.warn(

2025-12-06 13:08:57,150:WARNING:C:\Users\dell\anaconda3\envs\churn_env\lib\site-packages\sklearn\linear_model\_logistic.py:458: ConvergenceWarning: lbfgs failed to converge (status=1):
STOP: TOTAL NO. of ITERATIONS REACHED LIMIT.

Increase the number of iterations (max_iter) or scale the data as shown in:
    https://scikit-learn.org/stable/modules/preprocessing.html
Please also refer to the documentation for alternative solver options:
    https://scikit-learn.org/stable/modules/linear_model.html#logistic-regression
  n_iter_i = _check_optimize_result(

2025-12-06 13:08:57,251:WARNING:C:\Users\dell\anaconda3\envs\churn_env\lib\site-packages\sklearn\metrics\_classification.py:1396: UserWarning: Note that pos_label (set to 'Yes') is ignored when average != 'binary' (got 'weighted'). You may use labels=[pos_label] to specify a single positive class.
  warnings.warn(

2025-12-06 13:08:57,253:WARNING:C:\Users\dell\anaconda3\envs\churn_env\lib\site-packages\sklearn\metrics\_classification.py:1396: UserWarning: Note that pos_label (set to 'Yes') is ignored when average != 'binary' (got 'weighted'). You may use labels=[pos_label] to specify a single positive class.
  warnings.warn(

2025-12-06 13:08:57,259:WARNING:C:\Users\dell\anaconda3\envs\churn_env\lib\site-packages\sklearn\metrics\_classification.py:1396: UserWarning: Note that pos_label (set to 'Yes') is ignored when average != 'binary' (got 'weighted'). You may use labels=[pos_label] to specify a single positive class.
  warnings.warn(

2025-12-06 13:08:57,263:WARNING:C:\Users\dell\anaconda3\envs\churn_env\lib\site-packages\sklearn\metrics\_classification.py:1396: UserWarning: Note that pos_label (set to 'Yes') is ignored when average != 'binary' (got 'weighted'). You may use labels=[pos_label] to specify a single positive class.
  warnings.warn(

2025-12-06 13:08:57,267:WARNING:C:\Users\dell\anaconda3\envs\churn_env\lib\site-packages\sklearn\metrics\_classification.py:1396: UserWarning: Note that pos_label (set to 'Yes') is ignored when average != 'binary' (got 'weighted'). You may use labels=[pos_label] to specify a single positive class.
  warnings.warn(

2025-12-06 13:08:57,271:WARNING:C:\Users\dell\anaconda3\envs\churn_env\lib\site-packages\sklearn\metrics\_classification.py:1396: UserWarning: Note that pos_label (set to 'Yes') is ignored when average != 'binary' (got 'weighted'). You may use labels=[pos_label] to specify a single positive class.
  warnings.warn(

2025-12-06 13:08:57,347:WARNING:C:\Users\dell\anaconda3\envs\churn_env\lib\site-packages\sklearn\metrics\_classification.py:1396: UserWarning: Note that pos_label (set to 'Yes') is ignored when average != 'binary' (got 'weighted'). You may use labels=[pos_label] to specify a single positive class.
  warnings.warn(

2025-12-06 13:08:57,366:WARNING:C:\Users\dell\anaconda3\envs\churn_env\lib\site-packages\sklearn\metrics\_classification.py:1396: UserWarning: Note that pos_label (set to 'Yes') is ignored when average != 'binary' (got 'weighted'). You may use labels=[pos_label] to specify a single positive class.
  warnings.warn(

2025-12-06 13:08:57,377:WARNING:C:\Users\dell\anaconda3\envs\churn_env\lib\site-packages\sklearn\metrics\_classification.py:1396: UserWarning: Note that pos_label (set to 'Yes') is ignored when average != 'binary' (got 'weighted'). You may use labels=[pos_label] to specify a single positive class.
  warnings.warn(

2025-12-06 13:08:57,410:WARNING:C:\Users\dell\anaconda3\envs\churn_env\lib\site-packages\sklearn\metrics\_classification.py:1396: UserWarning: Note that pos_label (set to 'Yes') is ignored when average != 'binary' (got 'weighted'). You may use labels=[pos_label] to specify a single positive class.
  warnings.warn(

2025-12-06 13:08:57,419:WARNING:C:\Users\dell\anaconda3\envs\churn_env\lib\site-packages\sklearn\metrics\_classification.py:1396: UserWarning: Note that pos_label (set to 'Yes') is ignored when average != 'binary' (got 'weighted'). You may use labels=[pos_label] to specify a single positive class.
  warnings.warn(

2025-12-06 13:08:57,433:WARNING:C:\Users\dell\anaconda3\envs\churn_env\lib\site-packages\sklearn\metrics\_classification.py:1396: UserWarning: Note that pos_label (set to 'Yes') is ignored when average != 'binary' (got 'weighted'). You may use labels=[pos_label] to specify a single positive class.
  warnings.warn(

2025-12-06 13:08:57,554:WARNING:C:\Users\dell\anaconda3\envs\churn_env\lib\site-packages\sklearn\metrics\_classification.py:1396: UserWarning: Note that pos_label (set to 'Yes') is ignored when average != 'binary' (got 'weighted'). You may use labels=[pos_label] to specify a single positive class.
  warnings.warn(

2025-12-06 13:08:57,569:WARNING:C:\Users\dell\anaconda3\envs\churn_env\lib\site-packages\sklearn\metrics\_classification.py:1396: UserWarning: Note that pos_label (set to 'Yes') is ignored when average != 'binary' (got 'weighted'). You may use labels=[pos_label] to specify a single positive class.
  warnings.warn(

2025-12-06 13:08:57,579:WARNING:C:\Users\dell\anaconda3\envs\churn_env\lib\site-packages\sklearn\metrics\_classification.py:1396: UserWarning: Note that pos_label (set to 'Yes') is ignored when average != 'binary' (got 'weighted'). You may use labels=[pos_label] to specify a single positive class.
  warnings.warn(

2025-12-06 13:08:57,903:WARNING:C:\Users\dell\anaconda3\envs\churn_env\lib\site-packages\sklearn\metrics\_classification.py:1396: UserWarning: Note that pos_label (set to 'Yes') is ignored when average != 'binary' (got 'weighted'). You may use labels=[pos_label] to specify a single positive class.
  warnings.warn(

2025-12-06 13:08:57,907:WARNING:C:\Users\dell\anaconda3\envs\churn_env\lib\site-packages\sklearn\metrics\_classification.py:1396: UserWarning: Note that pos_label (set to 'Yes') is ignored when average != 'binary' (got 'weighted'). You may use labels=[pos_label] to specify a single positive class.
  warnings.warn(

2025-12-06 13:08:57,907:WARNING:C:\Users\dell\anaconda3\envs\churn_env\lib\site-packages\sklearn\metrics\_classification.py:1396: UserWarning: Note that pos_label (set to 'Yes') is ignored when average != 'binary' (got 'weighted'). You may use labels=[pos_label] to specify a single positive class.
  warnings.warn(

2025-12-06 13:08:58,266:WARNING:C:\Users\dell\anaconda3\envs\churn_env\lib\site-packages\sklearn\linear_model\_logistic.py:458: ConvergenceWarning: lbfgs failed to converge (status=1):
STOP: TOTAL NO. of ITERATIONS REACHED LIMIT.

Increase the number of iterations (max_iter) or scale the data as shown in:
    https://scikit-learn.org/stable/modules/preprocessing.html
Please also refer to the documentation for alternative solver options:
    https://scikit-learn.org/stable/modules/linear_model.html#logistic-regression
  n_iter_i = _check_optimize_result(

2025-12-06 13:08:58,407:WARNING:C:\Users\dell\anaconda3\envs\churn_env\lib\site-packages\sklearn\metrics\_classification.py:1396: UserWarning: Note that pos_label (set to 'Yes') is ignored when average != 'binary' (got 'weighted'). You may use labels=[pos_label] to specify a single positive class.
  warnings.warn(

2025-12-06 13:08:58,407:WARNING:C:\Users\dell\anaconda3\envs\churn_env\lib\site-packages\sklearn\metrics\_classification.py:1396: UserWarning: Note that pos_label (set to 'Yes') is ignored when average != 'binary' (got 'weighted'). You may use labels=[pos_label] to specify a single positive class.
  warnings.warn(

2025-12-06 13:08:58,418:WARNING:C:\Users\dell\anaconda3\envs\churn_env\lib\site-packages\sklearn\metrics\_classification.py:1396: UserWarning: Note that pos_label (set to 'Yes') is ignored when average != 'binary' (got 'weighted'). You may use labels=[pos_label] to specify a single positive class.
  warnings.warn(

2025-12-06 13:08:58,462:WARNING:C:\Users\dell\anaconda3\envs\churn_env\lib\site-packages\sklearn\metrics\_classification.py:1396: UserWarning: Note that pos_label (set to 'Yes') is ignored when average != 'binary' (got 'weighted'). You may use labels=[pos_label] to specify a single positive class.
  warnings.warn(

2025-12-06 13:08:58,468:WARNING:C:\Users\dell\anaconda3\envs\churn_env\lib\site-packages\sklearn\metrics\_classification.py:1396: UserWarning: Note that pos_label (set to 'Yes') is ignored when average != 'binary' (got 'weighted'). You may use labels=[pos_label] to specify a single positive class.
  warnings.warn(

2025-12-06 13:08:58,474:WARNING:C:\Users\dell\anaconda3\envs\churn_env\lib\site-packages\sklearn\metrics\_classification.py:1396: UserWarning: Note that pos_label (set to 'Yes') is ignored when average != 'binary' (got 'weighted'). You may use labels=[pos_label] to specify a single positive class.
  warnings.warn(

2025-12-06 13:08:58,485:INFO:Calculating mean and std
2025-12-06 13:08:58,487:INFO:Creating metrics dataframe
2025-12-06 13:08:58,495:INFO:Uploading results into container
2025-12-06 13:08:58,495:INFO:Uploading model into container now
2025-12-06 13:08:58,495:INFO:_master_model_container: 1
2025-12-06 13:08:58,495:INFO:_display_container: 2
2025-12-06 13:08:58,495:INFO:LogisticRegression(C=1.0, class_weight=None, dual=False, fit_intercept=True,
                   intercept_scaling=1, l1_ratio=None, max_iter=1000,
                   multi_class='auto', n_jobs=None, penalty='l2',
                   random_state=123, solver='lbfgs', tol=0.0001, verbose=0,
                   warm_start=False)
2025-12-06 13:08:58,495:INFO:create_model() successfully completed......................................
2025-12-06 13:08:58,636:INFO:SubProcess create_model() end ==================================
2025-12-06 13:08:58,638:INFO:Creating metrics dataframe
2025-12-06 13:08:58,644:INFO:Initializing K Neighbors Classifier
2025-12-06 13:08:58,644:INFO:Total runtime is 0.16368507146835326 minutes
2025-12-06 13:08:58,644:INFO:SubProcess create_model() called ==================================
2025-12-06 13:08:58,644:INFO:Initializing create_model()
2025-12-06 13:08:58,644:INFO:create_model(self=<pycaret.classification.oop.ClassificationExperiment object at 0x0000029114C86850>, estimator=knn, fold=StratifiedKFold(n_splits=10, random_state=None, shuffle=False), round=4, cross_validation=True, predict=True, fit_kwargs={}, groups=None, refit=False, probability_threshold=None, experiment_custom_tags=None, verbose=False, system=False, add_to_model_list=True, metrics=None, display=<pycaret.internal.display.display.CommonDisplay object at 0x000002913CB58910>, model_only=True, return_train_score=False, error_score=0.0, kwargs={})
2025-12-06 13:08:58,646:INFO:Checking exceptions
2025-12-06 13:08:58,646:INFO:Importing libraries
2025-12-06 13:08:58,646:INFO:Copying training dataset
2025-12-06 13:08:58,652:INFO:Defining folds
2025-12-06 13:08:58,652:INFO:Declaring metric variables
2025-12-06 13:08:58,652:INFO:Importing untrained model
2025-12-06 13:08:58,652:INFO:K Neighbors Classifier Imported successfully
2025-12-06 13:08:58,652:INFO:Starting cross validation
2025-12-06 13:08:58,658:INFO:Cross validating with StratifiedKFold(n_splits=10, random_state=None, shuffle=False), n_jobs=-1
2025-12-06 13:08:59,867:WARNING:C:\Users\dell\anaconda3\envs\churn_env\lib\site-packages\sklearn\metrics\_classification.py:1396: UserWarning: Note that pos_label (set to 'Yes') is ignored when average != 'binary' (got 'weighted'). You may use labels=[pos_label] to specify a single positive class.
  warnings.warn(

2025-12-06 13:08:59,875:WARNING:C:\Users\dell\anaconda3\envs\churn_env\lib\site-packages\sklearn\metrics\_classification.py:1396: UserWarning: Note that pos_label (set to 'Yes') is ignored when average != 'binary' (got 'weighted'). You may use labels=[pos_label] to specify a single positive class.
  warnings.warn(

2025-12-06 13:08:59,883:WARNING:C:\Users\dell\anaconda3\envs\churn_env\lib\site-packages\sklearn\metrics\_classification.py:1396: UserWarning: Note that pos_label (set to 'Yes') is ignored when average != 'binary' (got 'weighted'). You may use labels=[pos_label] to specify a single positive class.
  warnings.warn(

2025-12-06 13:08:59,889:WARNING:C:\Users\dell\anaconda3\envs\churn_env\lib\site-packages\sklearn\metrics\_classification.py:1396: UserWarning: Note that pos_label (set to 'Yes') is ignored when average != 'binary' (got 'weighted'). You may use labels=[pos_label] to specify a single positive class.
  warnings.warn(

2025-12-06 13:08:59,899:WARNING:C:\Users\dell\anaconda3\envs\churn_env\lib\site-packages\sklearn\metrics\_classification.py:1396: UserWarning: Note that pos_label (set to 'Yes') is ignored when average != 'binary' (got 'weighted'). You may use labels=[pos_label] to specify a single positive class.
  warnings.warn(

2025-12-06 13:08:59,909:WARNING:C:\Users\dell\anaconda3\envs\churn_env\lib\site-packages\sklearn\metrics\_classification.py:1396: UserWarning: Note that pos_label (set to 'Yes') is ignored when average != 'binary' (got 'weighted'). You may use labels=[pos_label] to specify a single positive class.
  warnings.warn(

2025-12-06 13:08:59,963:WARNING:C:\Users\dell\anaconda3\envs\churn_env\lib\site-packages\sklearn\metrics\_classification.py:1396: UserWarning: Note that pos_label (set to 'Yes') is ignored when average != 'binary' (got 'weighted'). You may use labels=[pos_label] to specify a single positive class.
  warnings.warn(

2025-12-06 13:08:59,976:WARNING:C:\Users\dell\anaconda3\envs\churn_env\lib\site-packages\sklearn\metrics\_classification.py:1396: UserWarning: Note that pos_label (set to 'Yes') is ignored when average != 'binary' (got 'weighted'). You may use labels=[pos_label] to specify a single positive class.
  warnings.warn(

2025-12-06 13:08:59,989:WARNING:C:\Users\dell\anaconda3\envs\churn_env\lib\site-packages\sklearn\metrics\_classification.py:1396: UserWarning: Note that pos_label (set to 'Yes') is ignored when average != 'binary' (got 'weighted'). You may use labels=[pos_label] to specify a single positive class.
  warnings.warn(

2025-12-06 13:08:59,996:WARNING:C:\Users\dell\anaconda3\envs\churn_env\lib\site-packages\sklearn\metrics\_classification.py:1396: UserWarning: Note that pos_label (set to 'Yes') is ignored when average != 'binary' (got 'weighted'). You may use labels=[pos_label] to specify a single positive class.
  warnings.warn(

2025-12-06 13:09:00,000:WARNING:C:\Users\dell\anaconda3\envs\churn_env\lib\site-packages\sklearn\metrics\_classification.py:1396: UserWarning: Note that pos_label (set to 'Yes') is ignored when average != 'binary' (got 'weighted'). You may use labels=[pos_label] to specify a single positive class.
  warnings.warn(

2025-12-06 13:09:00,007:WARNING:C:\Users\dell\anaconda3\envs\churn_env\lib\site-packages\sklearn\metrics\_classification.py:1396: UserWarning: Note that pos_label (set to 'Yes') is ignored when average != 'binary' (got 'weighted'). You may use labels=[pos_label] to specify a single positive class.
  warnings.warn(

2025-12-06 13:09:00,011:WARNING:C:\Users\dell\anaconda3\envs\churn_env\lib\site-packages\sklearn\metrics\_classification.py:1396: UserWarning: Note that pos_label (set to 'Yes') is ignored when average != 'binary' (got 'weighted'). You may use labels=[pos_label] to specify a single positive class.
  warnings.warn(

2025-12-06 13:09:00,017:WARNING:C:\Users\dell\anaconda3\envs\churn_env\lib\site-packages\sklearn\metrics\_classification.py:1396: UserWarning: Note that pos_label (set to 'Yes') is ignored when average != 'binary' (got 'weighted'). You may use labels=[pos_label] to specify a single positive class.
  warnings.warn(

2025-12-06 13:09:00,019:WARNING:C:\Users\dell\anaconda3\envs\churn_env\lib\site-packages\sklearn\metrics\_classification.py:1396: UserWarning: Note that pos_label (set to 'Yes') is ignored when average != 'binary' (got 'weighted'). You may use labels=[pos_label] to specify a single positive class.
  warnings.warn(

2025-12-06 13:09:00,022:WARNING:C:\Users\dell\anaconda3\envs\churn_env\lib\site-packages\sklearn\metrics\_classification.py:1396: UserWarning: Note that pos_label (set to 'Yes') is ignored when average != 'binary' (got 'weighted'). You may use labels=[pos_label] to specify a single positive class.
  warnings.warn(

2025-12-06 13:09:00,029:WARNING:C:\Users\dell\anaconda3\envs\churn_env\lib\site-packages\sklearn\metrics\_classification.py:1396: UserWarning: Note that pos_label (set to 'Yes') is ignored when average != 'binary' (got 'weighted'). You may use labels=[pos_label] to specify a single positive class.
  warnings.warn(

2025-12-06 13:09:00,035:WARNING:C:\Users\dell\anaconda3\envs\churn_env\lib\site-packages\sklearn\metrics\_classification.py:1396: UserWarning: Note that pos_label (set to 'Yes') is ignored when average != 'binary' (got 'weighted'). You may use labels=[pos_label] to specify a single positive class.
  warnings.warn(

2025-12-06 13:09:00,038:WARNING:C:\Users\dell\anaconda3\envs\churn_env\lib\site-packages\sklearn\metrics\_classification.py:1396: UserWarning: Note that pos_label (set to 'Yes') is ignored when average != 'binary' (got 'weighted'). You may use labels=[pos_label] to specify a single positive class.
  warnings.warn(

2025-12-06 13:09:00,050:WARNING:C:\Users\dell\anaconda3\envs\churn_env\lib\site-packages\sklearn\metrics\_classification.py:1396: UserWarning: Note that pos_label (set to 'Yes') is ignored when average != 'binary' (got 'weighted'). You may use labels=[pos_label] to specify a single positive class.
  warnings.warn(

2025-12-06 13:09:00,061:WARNING:C:\Users\dell\anaconda3\envs\churn_env\lib\site-packages\sklearn\metrics\_classification.py:1396: UserWarning: Note that pos_label (set to 'Yes') is ignored when average != 'binary' (got 'weighted'). You may use labels=[pos_label] to specify a single positive class.
  warnings.warn(

2025-12-06 13:09:00,061:WARNING:C:\Users\dell\anaconda3\envs\churn_env\lib\site-packages\sklearn\metrics\_classification.py:1396: UserWarning: Note that pos_label (set to 'Yes') is ignored when average != 'binary' (got 'weighted'). You may use labels=[pos_label] to specify a single positive class.
  warnings.warn(

2025-12-06 13:09:00,070:WARNING:C:\Users\dell\anaconda3\envs\churn_env\lib\site-packages\sklearn\metrics\_classification.py:1396: UserWarning: Note that pos_label (set to 'Yes') is ignored when average != 'binary' (got 'weighted'). You may use labels=[pos_label] to specify a single positive class.
  warnings.warn(

2025-12-06 13:09:00,079:WARNING:C:\Users\dell\anaconda3\envs\churn_env\lib\site-packages\sklearn\metrics\_classification.py:1396: UserWarning: Note that pos_label (set to 'Yes') is ignored when average != 'binary' (got 'weighted'). You may use labels=[pos_label] to specify a single positive class.
  warnings.warn(

2025-12-06 13:09:00,490:WARNING:C:\Users\dell\anaconda3\envs\churn_env\lib\site-packages\sklearn\metrics\_classification.py:1396: UserWarning: Note that pos_label (set to 'Yes') is ignored when average != 'binary' (got 'weighted'). You may use labels=[pos_label] to specify a single positive class.
  warnings.warn(

2025-12-06 13:09:00,501:WARNING:C:\Users\dell\anaconda3\envs\churn_env\lib\site-packages\sklearn\metrics\_classification.py:1396: UserWarning: Note that pos_label (set to 'Yes') is ignored when average != 'binary' (got 'weighted'). You may use labels=[pos_label] to specify a single positive class.
  warnings.warn(

2025-12-06 13:09:00,508:WARNING:C:\Users\dell\anaconda3\envs\churn_env\lib\site-packages\sklearn\metrics\_classification.py:1396: UserWarning: Note that pos_label (set to 'Yes') is ignored when average != 'binary' (got 'weighted'). You may use labels=[pos_label] to specify a single positive class.
  warnings.warn(

2025-12-06 13:09:00,518:WARNING:C:\Users\dell\anaconda3\envs\churn_env\lib\site-packages\sklearn\metrics\_classification.py:1396: UserWarning: Note that pos_label (set to 'Yes') is ignored when average != 'binary' (got 'weighted'). You may use labels=[pos_label] to specify a single positive class.
  warnings.warn(

2025-12-06 13:09:00,524:WARNING:C:\Users\dell\anaconda3\envs\churn_env\lib\site-packages\sklearn\metrics\_classification.py:1396: UserWarning: Note that pos_label (set to 'Yes') is ignored when average != 'binary' (got 'weighted'). You may use labels=[pos_label] to specify a single positive class.
  warnings.warn(

2025-12-06 13:09:00,524:WARNING:C:\Users\dell\anaconda3\envs\churn_env\lib\site-packages\sklearn\metrics\_classification.py:1396: UserWarning: Note that pos_label (set to 'Yes') is ignored when average != 'binary' (got 'weighted'). You may use labels=[pos_label] to specify a single positive class.
  warnings.warn(

2025-12-06 13:09:00,524:INFO:Calculating mean and std
2025-12-06 13:09:00,524:INFO:Creating metrics dataframe
2025-12-06 13:09:00,541:INFO:Uploading results into container
2025-12-06 13:09:00,541:INFO:Uploading model into container now
2025-12-06 13:09:00,541:INFO:_master_model_container: 2
2025-12-06 13:09:00,541:INFO:_display_container: 2
2025-12-06 13:09:00,541:INFO:KNeighborsClassifier(algorithm='auto', leaf_size=30, metric='minkowski',
                     metric_params=None, n_jobs=-1, n_neighbors=5, p=2,
                     weights='uniform')
2025-12-06 13:09:00,541:INFO:create_model() successfully completed......................................
2025-12-06 13:09:00,619:INFO:SubProcess create_model() end ==================================
2025-12-06 13:09:00,619:INFO:Creating metrics dataframe
2025-12-06 13:09:00,635:INFO:Initializing Naive Bayes
2025-12-06 13:09:00,635:INFO:Total runtime is 0.1968744953473409 minutes
2025-12-06 13:09:00,636:INFO:SubProcess create_model() called ==================================
2025-12-06 13:09:00,636:INFO:Initializing create_model()
2025-12-06 13:09:00,636:INFO:create_model(self=<pycaret.classification.oop.ClassificationExperiment object at 0x0000029114C86850>, estimator=nb, fold=StratifiedKFold(n_splits=10, random_state=None, shuffle=False), round=4, cross_validation=True, predict=True, fit_kwargs={}, groups=None, refit=False, probability_threshold=None, experiment_custom_tags=None, verbose=False, system=False, add_to_model_list=True, metrics=None, display=<pycaret.internal.display.display.CommonDisplay object at 0x000002913CB58910>, model_only=True, return_train_score=False, error_score=0.0, kwargs={})
2025-12-06 13:09:00,636:INFO:Checking exceptions
2025-12-06 13:09:00,636:INFO:Importing libraries
2025-12-06 13:09:00,636:INFO:Copying training dataset
2025-12-06 13:09:00,641:INFO:Defining folds
2025-12-06 13:09:00,641:INFO:Declaring metric variables
2025-12-06 13:09:00,641:INFO:Importing untrained model
2025-12-06 13:09:00,641:INFO:Naive Bayes Imported successfully
2025-12-06 13:09:00,641:INFO:Starting cross validation
2025-12-06 13:09:00,647:INFO:Cross validating with StratifiedKFold(n_splits=10, random_state=None, shuffle=False), n_jobs=-1
2025-12-06 13:09:01,512:WARNING:C:\Users\dell\anaconda3\envs\churn_env\lib\site-packages\sklearn\metrics\_classification.py:1396: UserWarning: Note that pos_label (set to 'Yes') is ignored when average != 'binary' (got 'weighted'). You may use labels=[pos_label] to specify a single positive class.
  warnings.warn(

2025-12-06 13:09:01,516:WARNING:C:\Users\dell\anaconda3\envs\churn_env\lib\site-packages\sklearn\metrics\_classification.py:1396: UserWarning: Note that pos_label (set to 'Yes') is ignored when average != 'binary' (got 'weighted'). You may use labels=[pos_label] to specify a single positive class.
  warnings.warn(

2025-12-06 13:09:01,522:WARNING:C:\Users\dell\anaconda3\envs\churn_env\lib\site-packages\sklearn\metrics\_classification.py:1396: UserWarning: Note that pos_label (set to 'Yes') is ignored when average != 'binary' (got 'weighted'). You may use labels=[pos_label] to specify a single positive class.
  warnings.warn(

2025-12-06 13:09:01,524:WARNING:C:\Users\dell\anaconda3\envs\churn_env\lib\site-packages\sklearn\metrics\_classification.py:1396: UserWarning: Note that pos_label (set to 'Yes') is ignored when average != 'binary' (got 'weighted'). You may use labels=[pos_label] to specify a single positive class.
  warnings.warn(

2025-12-06 13:09:01,526:WARNING:C:\Users\dell\anaconda3\envs\churn_env\lib\site-packages\sklearn\metrics\_classification.py:1396: UserWarning: Note that pos_label (set to 'Yes') is ignored when average != 'binary' (got 'weighted'). You may use labels=[pos_label] to specify a single positive class.
  warnings.warn(

2025-12-06 13:09:01,526:WARNING:C:\Users\dell\anaconda3\envs\churn_env\lib\site-packages\sklearn\metrics\_classification.py:1344: UndefinedMetricWarning: Precision is ill-defined and being set to 0.0 in labels with no predicted samples. Use `zero_division` parameter to control this behavior.
  _warn_prf(average, modifier, msg_start, len(result))

2025-12-06 13:09:01,530:WARNING:C:\Users\dell\anaconda3\envs\churn_env\lib\site-packages\sklearn\metrics\_classification.py:1344: UndefinedMetricWarning: Precision is ill-defined and being set to 0.0 in labels with no predicted samples. Use `zero_division` parameter to control this behavior.
  _warn_prf(average, modifier, msg_start, len(result))

2025-12-06 13:09:01,530:WARNING:C:\Users\dell\anaconda3\envs\churn_env\lib\site-packages\sklearn\metrics\_classification.py:1396: UserWarning: Note that pos_label (set to 'Yes') is ignored when average != 'binary' (got 'weighted'). You may use labels=[pos_label] to specify a single positive class.
  warnings.warn(

2025-12-06 13:09:01,532:WARNING:C:\Users\dell\anaconda3\envs\churn_env\lib\site-packages\sklearn\metrics\_classification.py:1396: UserWarning: Note that pos_label (set to 'Yes') is ignored when average != 'binary' (got 'weighted'). You may use labels=[pos_label] to specify a single positive class.
  warnings.warn(

2025-12-06 13:09:01,534:WARNING:C:\Users\dell\anaconda3\envs\churn_env\lib\site-packages\sklearn\metrics\_classification.py:1396: UserWarning: Note that pos_label (set to 'Yes') is ignored when average != 'binary' (got 'weighted'). You may use labels=[pos_label] to specify a single positive class.
  warnings.warn(

2025-12-06 13:09:01,534:WARNING:C:\Users\dell\anaconda3\envs\churn_env\lib\site-packages\sklearn\metrics\_classification.py:1396: UserWarning: Note that pos_label (set to 'Yes') is ignored when average != 'binary' (got 'weighted'). You may use labels=[pos_label] to specify a single positive class.
  warnings.warn(

2025-12-06 13:09:01,536:WARNING:C:\Users\dell\anaconda3\envs\churn_env\lib\site-packages\sklearn\metrics\_classification.py:1344: UndefinedMetricWarning: Precision is ill-defined and being set to 0.0 in labels with no predicted samples. Use `zero_division` parameter to control this behavior.
  _warn_prf(average, modifier, msg_start, len(result))

2025-12-06 13:09:01,540:WARNING:C:\Users\dell\anaconda3\envs\churn_env\lib\site-packages\sklearn\metrics\_classification.py:1396: UserWarning: Note that pos_label (set to 'Yes') is ignored when average != 'binary' (got 'weighted'). You may use labels=[pos_label] to specify a single positive class.
  warnings.warn(

2025-12-06 13:09:01,542:WARNING:C:\Users\dell\anaconda3\envs\churn_env\lib\site-packages\sklearn\metrics\_classification.py:1396: UserWarning: Note that pos_label (set to 'Yes') is ignored when average != 'binary' (got 'weighted'). You may use labels=[pos_label] to specify a single positive class.
  warnings.warn(

2025-12-06 13:09:01,544:WARNING:C:\Users\dell\anaconda3\envs\churn_env\lib\site-packages\sklearn\metrics\_classification.py:1396: UserWarning: Note that pos_label (set to 'Yes') is ignored when average != 'binary' (got 'weighted'). You may use labels=[pos_label] to specify a single positive class.
  warnings.warn(

2025-12-06 13:09:01,544:WARNING:C:\Users\dell\anaconda3\envs\churn_env\lib\site-packages\sklearn\metrics\_classification.py:1396: UserWarning: Note that pos_label (set to 'Yes') is ignored when average != 'binary' (got 'weighted'). You may use labels=[pos_label] to specify a single positive class.
  warnings.warn(

2025-12-06 13:09:01,546:WARNING:C:\Users\dell\anaconda3\envs\churn_env\lib\site-packages\sklearn\metrics\_classification.py:1344: UndefinedMetricWarning: Precision is ill-defined and being set to 0.0 in labels with no predicted samples. Use `zero_division` parameter to control this behavior.
  _warn_prf(average, modifier, msg_start, len(result))

2025-12-06 13:09:01,550:WARNING:C:\Users\dell\anaconda3\envs\churn_env\lib\site-packages\sklearn\metrics\_classification.py:1396: UserWarning: Note that pos_label (set to 'Yes') is ignored when average != 'binary' (got 'weighted'). You may use labels=[pos_label] to specify a single positive class.
  warnings.warn(

2025-12-06 13:09:01,552:WARNING:C:\Users\dell\anaconda3\envs\churn_env\lib\site-packages\sklearn\metrics\_classification.py:1396: UserWarning: Note that pos_label (set to 'Yes') is ignored when average != 'binary' (got 'weighted'). You may use labels=[pos_label] to specify a single positive class.
  warnings.warn(

2025-12-06 13:09:01,552:WARNING:C:\Users\dell\anaconda3\envs\churn_env\lib\site-packages\sklearn\metrics\_classification.py:1396: UserWarning: Note that pos_label (set to 'Yes') is ignored when average != 'binary' (got 'weighted'). You may use labels=[pos_label] to specify a single positive class.
  warnings.warn(

2025-12-06 13:09:01,554:WARNING:C:\Users\dell\anaconda3\envs\churn_env\lib\site-packages\sklearn\metrics\_classification.py:1396: UserWarning: Note that pos_label (set to 'Yes') is ignored when average != 'binary' (got 'weighted'). You may use labels=[pos_label] to specify a single positive class.
  warnings.warn(

2025-12-06 13:09:01,558:WARNING:C:\Users\dell\anaconda3\envs\churn_env\lib\site-packages\sklearn\metrics\_classification.py:1344: UndefinedMetricWarning: Precision is ill-defined and being set to 0.0 in labels with no predicted samples. Use `zero_division` parameter to control this behavior.
  _warn_prf(average, modifier, msg_start, len(result))

2025-12-06 13:09:01,560:WARNING:C:\Users\dell\anaconda3\envs\churn_env\lib\site-packages\sklearn\metrics\_classification.py:1396: UserWarning: Note that pos_label (set to 'Yes') is ignored when average != 'binary' (got 'weighted'). You may use labels=[pos_label] to specify a single positive class.
  warnings.warn(

2025-12-06 13:09:01,562:WARNING:C:\Users\dell\anaconda3\envs\churn_env\lib\site-packages\sklearn\metrics\_classification.py:1396: UserWarning: Note that pos_label (set to 'Yes') is ignored when average != 'binary' (got 'weighted'). You may use labels=[pos_label] to specify a single positive class.
  warnings.warn(

2025-12-06 13:09:01,562:WARNING:C:\Users\dell\anaconda3\envs\churn_env\lib\site-packages\sklearn\metrics\_classification.py:1344: UndefinedMetricWarning: Precision is ill-defined and being set to 0.0 in labels with no predicted samples. Use `zero_division` parameter to control this behavior.
  _warn_prf(average, modifier, msg_start, len(result))

2025-12-06 13:09:01,564:WARNING:C:\Users\dell\anaconda3\envs\churn_env\lib\site-packages\sklearn\metrics\_classification.py:1344: UndefinedMetricWarning: Precision is ill-defined and being set to 0.0 in labels with no predicted samples. Use `zero_division` parameter to control this behavior.
  _warn_prf(average, modifier, msg_start, len(result))

2025-12-06 13:09:01,566:WARNING:C:\Users\dell\anaconda3\envs\churn_env\lib\site-packages\sklearn\metrics\_classification.py:1396: UserWarning: Note that pos_label (set to 'Yes') is ignored when average != 'binary' (got 'weighted'). You may use labels=[pos_label] to specify a single positive class.
  warnings.warn(

2025-12-06 13:09:01,569:WARNING:C:\Users\dell\anaconda3\envs\churn_env\lib\site-packages\sklearn\metrics\_classification.py:1396: UserWarning: Note that pos_label (set to 'Yes') is ignored when average != 'binary' (got 'weighted'). You may use labels=[pos_label] to specify a single positive class.
  warnings.warn(

2025-12-06 13:09:01,586:WARNING:C:\Users\dell\anaconda3\envs\churn_env\lib\site-packages\sklearn\metrics\_classification.py:1396: UserWarning: Note that pos_label (set to 'Yes') is ignored when average != 'binary' (got 'weighted'). You may use labels=[pos_label] to specify a single positive class.
  warnings.warn(

2025-12-06 13:09:01,590:WARNING:C:\Users\dell\anaconda3\envs\churn_env\lib\site-packages\sklearn\metrics\_classification.py:1396: UserWarning: Note that pos_label (set to 'Yes') is ignored when average != 'binary' (got 'weighted'). You may use labels=[pos_label] to specify a single positive class.
  warnings.warn(

2025-12-06 13:09:01,594:WARNING:C:\Users\dell\anaconda3\envs\churn_env\lib\site-packages\sklearn\metrics\_classification.py:1344: UndefinedMetricWarning: Precision is ill-defined and being set to 0.0 in labels with no predicted samples. Use `zero_division` parameter to control this behavior.
  _warn_prf(average, modifier, msg_start, len(result))

2025-12-06 13:09:01,596:WARNING:C:\Users\dell\anaconda3\envs\churn_env\lib\site-packages\sklearn\metrics\_classification.py:1396: UserWarning: Note that pos_label (set to 'Yes') is ignored when average != 'binary' (got 'weighted'). You may use labels=[pos_label] to specify a single positive class.
  warnings.warn(

2025-12-06 13:09:02,116:WARNING:C:\Users\dell\anaconda3\envs\churn_env\lib\site-packages\sklearn\metrics\_classification.py:1396: UserWarning: Note that pos_label (set to 'Yes') is ignored when average != 'binary' (got 'weighted'). You may use labels=[pos_label] to specify a single positive class.
  warnings.warn(

2025-12-06 13:09:02,129:WARNING:C:\Users\dell\anaconda3\envs\churn_env\lib\site-packages\sklearn\metrics\_classification.py:1396: UserWarning: Note that pos_label (set to 'Yes') is ignored when average != 'binary' (got 'weighted'). You may use labels=[pos_label] to specify a single positive class.
  warnings.warn(

2025-12-06 13:09:02,132:WARNING:C:\Users\dell\anaconda3\envs\churn_env\lib\site-packages\sklearn\metrics\_classification.py:1396: UserWarning: Note that pos_label (set to 'Yes') is ignored when average != 'binary' (got 'weighted'). You may use labels=[pos_label] to specify a single positive class.
  warnings.warn(

2025-12-06 13:09:02,134:WARNING:C:\Users\dell\anaconda3\envs\churn_env\lib\site-packages\sklearn\metrics\_classification.py:1396: UserWarning: Note that pos_label (set to 'Yes') is ignored when average != 'binary' (got 'weighted'). You may use labels=[pos_label] to specify a single positive class.
  warnings.warn(

2025-12-06 13:09:02,134:WARNING:C:\Users\dell\anaconda3\envs\churn_env\lib\site-packages\sklearn\metrics\_classification.py:1344: UndefinedMetricWarning: Precision is ill-defined and being set to 0.0 in labels with no predicted samples. Use `zero_division` parameter to control this behavior.
  _warn_prf(average, modifier, msg_start, len(result))

2025-12-06 13:09:02,134:WARNING:C:\Users\dell\anaconda3\envs\churn_env\lib\site-packages\sklearn\metrics\_classification.py:1344: UndefinedMetricWarning: Precision is ill-defined and being set to 0.0 in labels with no predicted samples. Use `zero_division` parameter to control this behavior.
  _warn_prf(average, modifier, msg_start, len(result))

2025-12-06 13:09:02,134:WARNING:C:\Users\dell\anaconda3\envs\churn_env\lib\site-packages\sklearn\metrics\_classification.py:1396: UserWarning: Note that pos_label (set to 'Yes') is ignored when average != 'binary' (got 'weighted'). You may use labels=[pos_label] to specify a single positive class.
  warnings.warn(

2025-12-06 13:09:02,134:WARNING:C:\Users\dell\anaconda3\envs\churn_env\lib\site-packages\sklearn\metrics\_classification.py:1396: UserWarning: Note that pos_label (set to 'Yes') is ignored when average != 'binary' (got 'weighted'). You may use labels=[pos_label] to specify a single positive class.
  warnings.warn(

2025-12-06 13:09:02,148:INFO:Calculating mean and std
2025-12-06 13:09:02,148:INFO:Creating metrics dataframe
2025-12-06 13:09:02,148:INFO:Uploading results into container
2025-12-06 13:09:02,148:INFO:Uploading model into container now
2025-12-06 13:09:02,161:INFO:_master_model_container: 3
2025-12-06 13:09:02,161:INFO:_display_container: 2
2025-12-06 13:09:02,161:INFO:GaussianNB(priors=None, var_smoothing=1e-09)
2025-12-06 13:09:02,161:INFO:create_model() successfully completed......................................
2025-12-06 13:09:02,288:INFO:SubProcess create_model() end ==================================
2025-12-06 13:09:02,288:INFO:Creating metrics dataframe
2025-12-06 13:09:02,297:INFO:Initializing Decision Tree Classifier
2025-12-06 13:09:02,297:INFO:Total runtime is 0.22457045316696167 minutes
2025-12-06 13:09:02,297:INFO:SubProcess create_model() called ==================================
2025-12-06 13:09:02,297:INFO:Initializing create_model()
2025-12-06 13:09:02,297:INFO:create_model(self=<pycaret.classification.oop.ClassificationExperiment object at 0x0000029114C86850>, estimator=dt, fold=StratifiedKFold(n_splits=10, random_state=None, shuffle=False), round=4, cross_validation=True, predict=True, fit_kwargs={}, groups=None, refit=False, probability_threshold=None, experiment_custom_tags=None, verbose=False, system=False, add_to_model_list=True, metrics=None, display=<pycaret.internal.display.display.CommonDisplay object at 0x000002913CB58910>, model_only=True, return_train_score=False, error_score=0.0, kwargs={})
2025-12-06 13:09:02,297:INFO:Checking exceptions
2025-12-06 13:09:02,297:INFO:Importing libraries
2025-12-06 13:09:02,297:INFO:Copying training dataset
2025-12-06 13:09:02,304:INFO:Defining folds
2025-12-06 13:09:02,304:INFO:Declaring metric variables
2025-12-06 13:09:02,304:INFO:Importing untrained model
2025-12-06 13:09:02,304:INFO:Decision Tree Classifier Imported successfully
2025-12-06 13:09:02,304:INFO:Starting cross validation
2025-12-06 13:09:02,312:INFO:Cross validating with StratifiedKFold(n_splits=10, random_state=None, shuffle=False), n_jobs=-1
2025-12-06 13:09:03,284:WARNING:C:\Users\dell\anaconda3\envs\churn_env\lib\site-packages\sklearn\metrics\_classification.py:1396: UserWarning: Note that pos_label (set to 'Yes') is ignored when average != 'binary' (got 'weighted'). You may use labels=[pos_label] to specify a single positive class.
  warnings.warn(

2025-12-06 13:09:03,286:WARNING:C:\Users\dell\anaconda3\envs\churn_env\lib\site-packages\sklearn\metrics\_classification.py:1396: UserWarning: Note that pos_label (set to 'Yes') is ignored when average != 'binary' (got 'weighted'). You may use labels=[pos_label] to specify a single positive class.
  warnings.warn(

2025-12-06 13:09:03,292:WARNING:C:\Users\dell\anaconda3\envs\churn_env\lib\site-packages\sklearn\metrics\_classification.py:1396: UserWarning: Note that pos_label (set to 'Yes') is ignored when average != 'binary' (got 'weighted'). You may use labels=[pos_label] to specify a single positive class.
  warnings.warn(

2025-12-06 13:09:03,294:WARNING:C:\Users\dell\anaconda3\envs\churn_env\lib\site-packages\sklearn\metrics\_classification.py:1396: UserWarning: Note that pos_label (set to 'Yes') is ignored when average != 'binary' (got 'weighted'). You may use labels=[pos_label] to specify a single positive class.
  warnings.warn(

2025-12-06 13:09:03,296:WARNING:C:\Users\dell\anaconda3\envs\churn_env\lib\site-packages\sklearn\metrics\_classification.py:1396: UserWarning: Note that pos_label (set to 'Yes') is ignored when average != 'binary' (got 'weighted'). You may use labels=[pos_label] to specify a single positive class.
  warnings.warn(

2025-12-06 13:09:03,297:WARNING:C:\Users\dell\anaconda3\envs\churn_env\lib\site-packages\sklearn\metrics\_classification.py:1344: UndefinedMetricWarning: Precision is ill-defined and being set to 0.0 in labels with no predicted samples. Use `zero_division` parameter to control this behavior.
  _warn_prf(average, modifier, msg_start, len(result))

2025-12-06 13:09:03,297:WARNING:C:\Users\dell\anaconda3\envs\churn_env\lib\site-packages\sklearn\metrics\_classification.py:1344: UndefinedMetricWarning: Precision is ill-defined and being set to 0.0 in labels with no predicted samples. Use `zero_division` parameter to control this behavior.
  _warn_prf(average, modifier, msg_start, len(result))

2025-12-06 13:09:03,301:WARNING:C:\Users\dell\anaconda3\envs\churn_env\lib\site-packages\sklearn\metrics\_classification.py:1396: UserWarning: Note that pos_label (set to 'Yes') is ignored when average != 'binary' (got 'weighted'). You may use labels=[pos_label] to specify a single positive class.
  warnings.warn(

2025-12-06 13:09:03,301:WARNING:C:\Users\dell\anaconda3\envs\churn_env\lib\site-packages\sklearn\metrics\_classification.py:1396: UserWarning: Note that pos_label (set to 'Yes') is ignored when average != 'binary' (got 'weighted'). You may use labels=[pos_label] to specify a single positive class.
  warnings.warn(

2025-12-06 13:09:03,304:WARNING:C:\Users\dell\anaconda3\envs\churn_env\lib\site-packages\sklearn\metrics\_classification.py:1396: UserWarning: Note that pos_label (set to 'Yes') is ignored when average != 'binary' (got 'weighted'). You may use labels=[pos_label] to specify a single positive class.
  warnings.warn(

2025-12-06 13:09:03,310:WARNING:C:\Users\dell\anaconda3\envs\churn_env\lib\site-packages\sklearn\metrics\_classification.py:1344: UndefinedMetricWarning: Precision is ill-defined and being set to 0.0 in labels with no predicted samples. Use `zero_division` parameter to control this behavior.
  _warn_prf(average, modifier, msg_start, len(result))

2025-12-06 13:09:03,313:WARNING:C:\Users\dell\anaconda3\envs\churn_env\lib\site-packages\sklearn\metrics\_classification.py:1396: UserWarning: Note that pos_label (set to 'Yes') is ignored when average != 'binary' (got 'weighted'). You may use labels=[pos_label] to specify a single positive class.
  warnings.warn(

2025-12-06 13:09:03,313:WARNING:C:\Users\dell\anaconda3\envs\churn_env\lib\site-packages\sklearn\metrics\_classification.py:1396: UserWarning: Note that pos_label (set to 'Yes') is ignored when average != 'binary' (got 'weighted'). You may use labels=[pos_label] to specify a single positive class.
  warnings.warn(

2025-12-06 13:09:03,327:WARNING:C:\Users\dell\anaconda3\envs\churn_env\lib\site-packages\sklearn\metrics\_classification.py:1396: UserWarning: Note that pos_label (set to 'Yes') is ignored when average != 'binary' (got 'weighted'). You may use labels=[pos_label] to specify a single positive class.
  warnings.warn(

2025-12-06 13:09:03,335:WARNING:C:\Users\dell\anaconda3\envs\churn_env\lib\site-packages\sklearn\metrics\_classification.py:1344: UndefinedMetricWarning: Precision is ill-defined and being set to 0.0 in labels with no predicted samples. Use `zero_division` parameter to control this behavior.
  _warn_prf(average, modifier, msg_start, len(result))

2025-12-06 13:09:03,339:WARNING:C:\Users\dell\anaconda3\envs\churn_env\lib\site-packages\sklearn\metrics\_classification.py:1396: UserWarning: Note that pos_label (set to 'Yes') is ignored when average != 'binary' (got 'weighted'). You may use labels=[pos_label] to specify a single positive class.
  warnings.warn(

2025-12-06 13:09:03,345:WARNING:C:\Users\dell\anaconda3\envs\churn_env\lib\site-packages\sklearn\metrics\_classification.py:1396: UserWarning: Note that pos_label (set to 'Yes') is ignored when average != 'binary' (got 'weighted'). You may use labels=[pos_label] to specify a single positive class.
  warnings.warn(

2025-12-06 13:09:03,349:WARNING:C:\Users\dell\anaconda3\envs\churn_env\lib\site-packages\sklearn\metrics\_classification.py:1396: UserWarning: Note that pos_label (set to 'Yes') is ignored when average != 'binary' (got 'weighted'). You may use labels=[pos_label] to specify a single positive class.
  warnings.warn(

2025-12-06 13:09:03,350:WARNING:C:\Users\dell\anaconda3\envs\churn_env\lib\site-packages\sklearn\metrics\_classification.py:1396: UserWarning: Note that pos_label (set to 'Yes') is ignored when average != 'binary' (got 'weighted'). You may use labels=[pos_label] to specify a single positive class.
  warnings.warn(

2025-12-06 13:09:03,356:WARNING:C:\Users\dell\anaconda3\envs\churn_env\lib\site-packages\sklearn\metrics\_classification.py:1396: UserWarning: Note that pos_label (set to 'Yes') is ignored when average != 'binary' (got 'weighted'). You may use labels=[pos_label] to specify a single positive class.
  warnings.warn(

2025-12-06 13:09:03,362:WARNING:C:\Users\dell\anaconda3\envs\churn_env\lib\site-packages\sklearn\metrics\_classification.py:1396: UserWarning: Note that pos_label (set to 'Yes') is ignored when average != 'binary' (got 'weighted'). You may use labels=[pos_label] to specify a single positive class.
  warnings.warn(

2025-12-06 13:09:03,362:WARNING:C:\Users\dell\anaconda3\envs\churn_env\lib\site-packages\sklearn\metrics\_classification.py:1344: UndefinedMetricWarning: Precision is ill-defined and being set to 0.0 in labels with no predicted samples. Use `zero_division` parameter to control this behavior.
  _warn_prf(average, modifier, msg_start, len(result))

2025-12-06 13:09:03,362:WARNING:C:\Users\dell\anaconda3\envs\churn_env\lib\site-packages\sklearn\metrics\_classification.py:1396: UserWarning: Note that pos_label (set to 'Yes') is ignored when average != 'binary' (got 'weighted'). You may use labels=[pos_label] to specify a single positive class.
  warnings.warn(

2025-12-06 13:09:03,366:WARNING:C:\Users\dell\anaconda3\envs\churn_env\lib\site-packages\sklearn\metrics\_classification.py:1344: UndefinedMetricWarning: Precision is ill-defined and being set to 0.0 in labels with no predicted samples. Use `zero_division` parameter to control this behavior.
  _warn_prf(average, modifier, msg_start, len(result))

2025-12-06 13:09:03,366:WARNING:C:\Users\dell\anaconda3\envs\churn_env\lib\site-packages\sklearn\metrics\_classification.py:1396: UserWarning: Note that pos_label (set to 'Yes') is ignored when average != 'binary' (got 'weighted'). You may use labels=[pos_label] to specify a single positive class.
  warnings.warn(

2025-12-06 13:09:03,368:WARNING:C:\Users\dell\anaconda3\envs\churn_env\lib\site-packages\sklearn\metrics\_classification.py:1344: UndefinedMetricWarning: Precision is ill-defined and being set to 0.0 in labels with no predicted samples. Use `zero_division` parameter to control this behavior.
  _warn_prf(average, modifier, msg_start, len(result))

2025-12-06 13:09:03,370:WARNING:C:\Users\dell\anaconda3\envs\churn_env\lib\site-packages\sklearn\metrics\_classification.py:1396: UserWarning: Note that pos_label (set to 'Yes') is ignored when average != 'binary' (got 'weighted'). You may use labels=[pos_label] to specify a single positive class.
  warnings.warn(

2025-12-06 13:09:03,372:WARNING:C:\Users\dell\anaconda3\envs\churn_env\lib\site-packages\sklearn\metrics\_classification.py:1396: UserWarning: Note that pos_label (set to 'Yes') is ignored when average != 'binary' (got 'weighted'). You may use labels=[pos_label] to specify a single positive class.
  warnings.warn(

2025-12-06 13:09:03,968:WARNING:C:\Users\dell\anaconda3\envs\churn_env\lib\site-packages\sklearn\metrics\_classification.py:1396: UserWarning: Note that pos_label (set to 'Yes') is ignored when average != 'binary' (got 'weighted'). You may use labels=[pos_label] to specify a single positive class.
  warnings.warn(

2025-12-06 13:09:03,976:WARNING:C:\Users\dell\anaconda3\envs\churn_env\lib\site-packages\sklearn\metrics\_classification.py:1396: UserWarning: Note that pos_label (set to 'Yes') is ignored when average != 'binary' (got 'weighted'). You may use labels=[pos_label] to specify a single positive class.
  warnings.warn(

2025-12-06 13:09:03,984:WARNING:C:\Users\dell\anaconda3\envs\churn_env\lib\site-packages\sklearn\metrics\_classification.py:1344: UndefinedMetricWarning: Precision is ill-defined and being set to 0.0 in labels with no predicted samples. Use `zero_division` parameter to control this behavior.
  _warn_prf(average, modifier, msg_start, len(result))

2025-12-06 13:09:03,991:WARNING:C:\Users\dell\anaconda3\envs\churn_env\lib\site-packages\sklearn\metrics\_classification.py:1396: UserWarning: Note that pos_label (set to 'Yes') is ignored when average != 'binary' (got 'weighted'). You may use labels=[pos_label] to specify a single positive class.
  warnings.warn(

2025-12-06 13:09:03,991:WARNING:C:\Users\dell\anaconda3\envs\churn_env\lib\site-packages\sklearn\metrics\_classification.py:1396: UserWarning: Note that pos_label (set to 'Yes') is ignored when average != 'binary' (got 'weighted'). You may use labels=[pos_label] to specify a single positive class.
  warnings.warn(

2025-12-06 13:09:04,012:WARNING:C:\Users\dell\anaconda3\envs\churn_env\lib\site-packages\sklearn\metrics\_classification.py:1396: UserWarning: Note that pos_label (set to 'Yes') is ignored when average != 'binary' (got 'weighted'). You may use labels=[pos_label] to specify a single positive class.
  warnings.warn(

2025-12-06 13:09:04,016:WARNING:C:\Users\dell\anaconda3\envs\churn_env\lib\site-packages\sklearn\metrics\_classification.py:1344: UndefinedMetricWarning: Precision is ill-defined and being set to 0.0 in labels with no predicted samples. Use `zero_division` parameter to control this behavior.
  _warn_prf(average, modifier, msg_start, len(result))

2025-12-06 13:09:04,018:WARNING:C:\Users\dell\anaconda3\envs\churn_env\lib\site-packages\sklearn\metrics\_classification.py:1396: UserWarning: Note that pos_label (set to 'Yes') is ignored when average != 'binary' (got 'weighted'). You may use labels=[pos_label] to specify a single positive class.
  warnings.warn(

2025-12-06 13:09:04,028:INFO:Calculating mean and std
2025-12-06 13:09:04,028:INFO:Creating metrics dataframe
2025-12-06 13:09:04,040:INFO:Uploading results into container
2025-12-06 13:09:04,040:INFO:Uploading model into container now
2025-12-06 13:09:04,040:INFO:_master_model_container: 4
2025-12-06 13:09:04,040:INFO:_display_container: 2
2025-12-06 13:09:04,040:INFO:DecisionTreeClassifier(ccp_alpha=0.0, class_weight=None, criterion='gini',
                       max_depth=None, max_features=None, max_leaf_nodes=None,
                       min_impurity_decrease=0.0, min_samples_leaf=1,
                       min_samples_split=2, min_weight_fraction_leaf=0.0,
                       random_state=123, splitter='best')
2025-12-06 13:09:04,040:INFO:create_model() successfully completed......................................
2025-12-06 13:09:04,153:INFO:SubProcess create_model() end ==================================
2025-12-06 13:09:04,153:INFO:Creating metrics dataframe
2025-12-06 13:09:04,158:INFO:Initializing SVM - Linear Kernel
2025-12-06 13:09:04,158:INFO:Total runtime is 0.255584188302358 minutes
2025-12-06 13:09:04,158:INFO:SubProcess create_model() called ==================================
2025-12-06 13:09:04,158:INFO:Initializing create_model()
2025-12-06 13:09:04,158:INFO:create_model(self=<pycaret.classification.oop.ClassificationExperiment object at 0x0000029114C86850>, estimator=svm, fold=StratifiedKFold(n_splits=10, random_state=None, shuffle=False), round=4, cross_validation=True, predict=True, fit_kwargs={}, groups=None, refit=False, probability_threshold=None, experiment_custom_tags=None, verbose=False, system=False, add_to_model_list=True, metrics=None, display=<pycaret.internal.display.display.CommonDisplay object at 0x000002913CB58910>, model_only=True, return_train_score=False, error_score=0.0, kwargs={})
2025-12-06 13:09:04,158:INFO:Checking exceptions
2025-12-06 13:09:04,160:INFO:Importing libraries
2025-12-06 13:09:04,160:INFO:Copying training dataset
2025-12-06 13:09:04,166:INFO:Defining folds
2025-12-06 13:09:04,166:INFO:Declaring metric variables
2025-12-06 13:09:04,166:INFO:Importing untrained model
2025-12-06 13:09:04,170:INFO:SVM - Linear Kernel Imported successfully
2025-12-06 13:09:04,170:INFO:Starting cross validation
2025-12-06 13:09:04,173:INFO:Cross validating with StratifiedKFold(n_splits=10, random_state=None, shuffle=False), n_jobs=-1
2025-12-06 13:09:05,444:WARNING:C:\Users\dell\anaconda3\envs\churn_env\lib\site-packages\pycaret\internal\metrics.py:190: FitFailedWarning: Metric 'make_scorer(roc_auc_score, needs_proba=True, error_score=0.0, average=weighted, multi_class=ovr)' failed and error score 0.0 has been returned instead. If this is a custom metric, this usually means that the error is in the metric code. Full exception below:
Traceback (most recent call last):
  File "C:\Users\dell\anaconda3\envs\churn_env\lib\site-packages\sklearn\metrics\_scorer.py", line 76, in _cached_call
    return cache[method]
KeyError: 'predict_proba'

During handling of the above exception, another exception occurred:

Traceback (most recent call last):
  File "C:\Users\dell\anaconda3\envs\churn_env\lib\site-packages\pycaret\internal\metrics.py", line 182, in _score
    return super()._score(
  File "C:\Users\dell\anaconda3\envs\churn_env\lib\site-packages\sklearn\metrics\_scorer.py", line 316, in _score
    y_pred = method_caller(clf, "predict_proba", X)
  File "C:\Users\dell\anaconda3\envs\churn_env\lib\site-packages\sklearn\metrics\_scorer.py", line 78, in _cached_call
    result = getattr(estimator, method)(*args, **kwargs)
  File "C:\Users\dell\anaconda3\envs\churn_env\lib\site-packages\pycaret\internal\pipeline.py", line 127, in __getattr__
    return getattr(self._final_estimator, name)
  File "C:\Users\dell\anaconda3\envs\churn_env\lib\site-packages\sklearn\utils\_available_if.py", line 32, in __get__
    if not self.check(obj):
  File "C:\Users\dell\anaconda3\envs\churn_env\lib\site-packages\sklearn\linear_model\_stochastic_gradient.py", line 1235, in _check_proba
    raise AttributeError(
AttributeError: probability estimates are not available for loss='hinge'

  warnings.warn(

2025-12-06 13:09:05,448:WARNING:C:\Users\dell\anaconda3\envs\churn_env\lib\site-packages\sklearn\metrics\_classification.py:1396: UserWarning: Note that pos_label (set to 'Yes') is ignored when average != 'binary' (got 'weighted'). You may use labels=[pos_label] to specify a single positive class.
  warnings.warn(

2025-12-06 13:09:05,456:WARNING:C:\Users\dell\anaconda3\envs\churn_env\lib\site-packages\sklearn\metrics\_classification.py:1396: UserWarning: Note that pos_label (set to 'Yes') is ignored when average != 'binary' (got 'weighted'). You may use labels=[pos_label] to specify a single positive class.
  warnings.warn(

2025-12-06 13:09:05,472:WARNING:C:\Users\dell\anaconda3\envs\churn_env\lib\site-packages\sklearn\metrics\_classification.py:1396: UserWarning: Note that pos_label (set to 'Yes') is ignored when average != 'binary' (got 'weighted'). You may use labels=[pos_label] to specify a single positive class.
  warnings.warn(

2025-12-06 13:09:05,531:WARNING:C:\Users\dell\anaconda3\envs\churn_env\lib\site-packages\pycaret\internal\metrics.py:190: FitFailedWarning: Metric 'make_scorer(roc_auc_score, needs_proba=True, error_score=0.0, average=weighted, multi_class=ovr)' failed and error score 0.0 has been returned instead. If this is a custom metric, this usually means that the error is in the metric code. Full exception below:
Traceback (most recent call last):
  File "C:\Users\dell\anaconda3\envs\churn_env\lib\site-packages\sklearn\metrics\_scorer.py", line 76, in _cached_call
    return cache[method]
KeyError: 'predict_proba'

During handling of the above exception, another exception occurred:

Traceback (most recent call last):
  File "C:\Users\dell\anaconda3\envs\churn_env\lib\site-packages\pycaret\internal\metrics.py", line 182, in _score
    return super()._score(
  File "C:\Users\dell\anaconda3\envs\churn_env\lib\site-packages\sklearn\metrics\_scorer.py", line 316, in _score
    y_pred = method_caller(clf, "predict_proba", X)
  File "C:\Users\dell\anaconda3\envs\churn_env\lib\site-packages\sklearn\metrics\_scorer.py", line 78, in _cached_call
    result = getattr(estimator, method)(*args, **kwargs)
  File "C:\Users\dell\anaconda3\envs\churn_env\lib\site-packages\pycaret\internal\pipeline.py", line 127, in __getattr__
    return getattr(self._final_estimator, name)
  File "C:\Users\dell\anaconda3\envs\churn_env\lib\site-packages\sklearn\utils\_available_if.py", line 32, in __get__
    if not self.check(obj):
  File "C:\Users\dell\anaconda3\envs\churn_env\lib\site-packages\sklearn\linear_model\_stochastic_gradient.py", line 1235, in _check_proba
    raise AttributeError(
AttributeError: probability estimates are not available for loss='hinge'

  warnings.warn(

2025-12-06 13:09:05,533:WARNING:C:\Users\dell\anaconda3\envs\churn_env\lib\site-packages\pycaret\internal\metrics.py:190: FitFailedWarning: Metric 'make_scorer(roc_auc_score, needs_proba=True, error_score=0.0, average=weighted, multi_class=ovr)' failed and error score 0.0 has been returned instead. If this is a custom metric, this usually means that the error is in the metric code. Full exception below:
Traceback (most recent call last):
  File "C:\Users\dell\anaconda3\envs\churn_env\lib\site-packages\sklearn\metrics\_scorer.py", line 76, in _cached_call
    return cache[method]
KeyError: 'predict_proba'

During handling of the above exception, another exception occurred:

Traceback (most recent call last):
  File "C:\Users\dell\anaconda3\envs\churn_env\lib\site-packages\pycaret\internal\metrics.py", line 182, in _score
    return super()._score(
  File "C:\Users\dell\anaconda3\envs\churn_env\lib\site-packages\sklearn\metrics\_scorer.py", line 316, in _score
    y_pred = method_caller(clf, "predict_proba", X)
  File "C:\Users\dell\anaconda3\envs\churn_env\lib\site-packages\sklearn\metrics\_scorer.py", line 78, in _cached_call
    result = getattr(estimator, method)(*args, **kwargs)
  File "C:\Users\dell\anaconda3\envs\churn_env\lib\site-packages\pycaret\internal\pipeline.py", line 127, in __getattr__
    return getattr(self._final_estimator, name)
  File "C:\Users\dell\anaconda3\envs\churn_env\lib\site-packages\sklearn\utils\_available_if.py", line 32, in __get__
    if not self.check(obj):
  File "C:\Users\dell\anaconda3\envs\churn_env\lib\site-packages\sklearn\linear_model\_stochastic_gradient.py", line 1235, in _check_proba
    raise AttributeError(
AttributeError: probability estimates are not available for loss='hinge'

  warnings.warn(

2025-12-06 13:09:05,539:WARNING:C:\Users\dell\anaconda3\envs\churn_env\lib\site-packages\sklearn\metrics\_classification.py:1396: UserWarning: Note that pos_label (set to 'Yes') is ignored when average != 'binary' (got 'weighted'). You may use labels=[pos_label] to specify a single positive class.
  warnings.warn(

2025-12-06 13:09:05,545:WARNING:C:\Users\dell\anaconda3\envs\churn_env\lib\site-packages\sklearn\metrics\_classification.py:1396: UserWarning: Note that pos_label (set to 'Yes') is ignored when average != 'binary' (got 'weighted'). You may use labels=[pos_label] to specify a single positive class.
  warnings.warn(

2025-12-06 13:09:05,555:WARNING:C:\Users\dell\anaconda3\envs\churn_env\lib\site-packages\sklearn\metrics\_classification.py:1396: UserWarning: Note that pos_label (set to 'Yes') is ignored when average != 'binary' (got 'weighted'). You may use labels=[pos_label] to specify a single positive class.
  warnings.warn(

2025-12-06 13:09:05,557:WARNING:C:\Users\dell\anaconda3\envs\churn_env\lib\site-packages\sklearn\metrics\_classification.py:1396: UserWarning: Note that pos_label (set to 'Yes') is ignored when average != 'binary' (got 'weighted'). You may use labels=[pos_label] to specify a single positive class.
  warnings.warn(

2025-12-06 13:09:05,565:WARNING:C:\Users\dell\anaconda3\envs\churn_env\lib\site-packages\sklearn\metrics\_classification.py:1344: UndefinedMetricWarning: Precision is ill-defined and being set to 0.0 in labels with no predicted samples. Use `zero_division` parameter to control this behavior.
  _warn_prf(average, modifier, msg_start, len(result))

2025-12-06 13:09:05,565:WARNING:C:\Users\dell\anaconda3\envs\churn_env\lib\site-packages\pycaret\internal\metrics.py:190: FitFailedWarning: Metric 'make_scorer(roc_auc_score, needs_proba=True, error_score=0.0, average=weighted, multi_class=ovr)' failed and error score 0.0 has been returned instead. If this is a custom metric, this usually means that the error is in the metric code. Full exception below:
Traceback (most recent call last):
  File "C:\Users\dell\anaconda3\envs\churn_env\lib\site-packages\sklearn\metrics\_scorer.py", line 76, in _cached_call
    return cache[method]
KeyError: 'predict_proba'

During handling of the above exception, another exception occurred:

Traceback (most recent call last):
  File "C:\Users\dell\anaconda3\envs\churn_env\lib\site-packages\pycaret\internal\metrics.py", line 182, in _score
    return super()._score(
  File "C:\Users\dell\anaconda3\envs\churn_env\lib\site-packages\sklearn\metrics\_scorer.py", line 316, in _score
    y_pred = method_caller(clf, "predict_proba", X)
  File "C:\Users\dell\anaconda3\envs\churn_env\lib\site-packages\sklearn\metrics\_scorer.py", line 78, in _cached_call
    result = getattr(estimator, method)(*args, **kwargs)
  File "C:\Users\dell\anaconda3\envs\churn_env\lib\site-packages\pycaret\internal\pipeline.py", line 127, in __getattr__
    return getattr(self._final_estimator, name)
  File "C:\Users\dell\anaconda3\envs\churn_env\lib\site-packages\sklearn\utils\_available_if.py", line 32, in __get__
    if not self.check(obj):
  File "C:\Users\dell\anaconda3\envs\churn_env\lib\site-packages\sklearn\linear_model\_stochastic_gradient.py", line 1235, in _check_proba
    raise AttributeError(
AttributeError: probability estimates are not available for loss='hinge'

  warnings.warn(

2025-12-06 13:09:05,569:WARNING:C:\Users\dell\anaconda3\envs\churn_env\lib\site-packages\sklearn\metrics\_classification.py:1396: UserWarning: Note that pos_label (set to 'Yes') is ignored when average != 'binary' (got 'weighted'). You may use labels=[pos_label] to specify a single positive class.
  warnings.warn(

2025-12-06 13:09:05,569:WARNING:C:\Users\dell\anaconda3\envs\churn_env\lib\site-packages\sklearn\metrics\_classification.py:1396: UserWarning: Note that pos_label (set to 'Yes') is ignored when average != 'binary' (got 'weighted'). You may use labels=[pos_label] to specify a single positive class.
  warnings.warn(

2025-12-06 13:09:05,573:WARNING:C:\Users\dell\anaconda3\envs\churn_env\lib\site-packages\sklearn\metrics\_classification.py:1396: UserWarning: Note that pos_label (set to 'Yes') is ignored when average != 'binary' (got 'weighted'). You may use labels=[pos_label] to specify a single positive class.
  warnings.warn(

2025-12-06 13:09:05,573:WARNING:C:\Users\dell\anaconda3\envs\churn_env\lib\site-packages\pycaret\internal\metrics.py:190: FitFailedWarning: Metric 'make_scorer(roc_auc_score, needs_proba=True, error_score=0.0, average=weighted, multi_class=ovr)' failed and error score 0.0 has been returned instead. If this is a custom metric, this usually means that the error is in the metric code. Full exception below:
Traceback (most recent call last):
  File "C:\Users\dell\anaconda3\envs\churn_env\lib\site-packages\sklearn\metrics\_scorer.py", line 76, in _cached_call
    return cache[method]
KeyError: 'predict_proba'

During handling of the above exception, another exception occurred:

Traceback (most recent call last):
  File "C:\Users\dell\anaconda3\envs\churn_env\lib\site-packages\pycaret\internal\metrics.py", line 182, in _score
    return super()._score(
  File "C:\Users\dell\anaconda3\envs\churn_env\lib\site-packages\sklearn\metrics\_scorer.py", line 316, in _score
    y_pred = method_caller(clf, "predict_proba", X)
  File "C:\Users\dell\anaconda3\envs\churn_env\lib\site-packages\sklearn\metrics\_scorer.py", line 78, in _cached_call
    result = getattr(estimator, method)(*args, **kwargs)
  File "C:\Users\dell\anaconda3\envs\churn_env\lib\site-packages\pycaret\internal\pipeline.py", line 127, in __getattr__
    return getattr(self._final_estimator, name)
  File "C:\Users\dell\anaconda3\envs\churn_env\lib\site-packages\sklearn\utils\_available_if.py", line 32, in __get__
    if not self.check(obj):
  File "C:\Users\dell\anaconda3\envs\churn_env\lib\site-packages\sklearn\linear_model\_stochastic_gradient.py", line 1235, in _check_proba
    raise AttributeError(
AttributeError: probability estimates are not available for loss='hinge'

  warnings.warn(

2025-12-06 13:09:05,577:WARNING:C:\Users\dell\anaconda3\envs\churn_env\lib\site-packages\sklearn\metrics\_classification.py:1396: UserWarning: Note that pos_label (set to 'Yes') is ignored when average != 'binary' (got 'weighted'). You may use labels=[pos_label] to specify a single positive class.
  warnings.warn(

2025-12-06 13:09:05,581:WARNING:C:\Users\dell\anaconda3\envs\churn_env\lib\site-packages\sklearn\metrics\_classification.py:1396: UserWarning: Note that pos_label (set to 'Yes') is ignored when average != 'binary' (got 'weighted'). You may use labels=[pos_label] to specify a single positive class.
  warnings.warn(

2025-12-06 13:09:05,589:WARNING:C:\Users\dell\anaconda3\envs\churn_env\lib\site-packages\sklearn\metrics\_classification.py:1396: UserWarning: Note that pos_label (set to 'Yes') is ignored when average != 'binary' (got 'weighted'). You may use labels=[pos_label] to specify a single positive class.
  warnings.warn(

2025-12-06 13:09:05,591:WARNING:C:\Users\dell\anaconda3\envs\churn_env\lib\site-packages\sklearn\metrics\_classification.py:1396: UserWarning: Note that pos_label (set to 'Yes') is ignored when average != 'binary' (got 'weighted'). You may use labels=[pos_label] to specify a single positive class.
  warnings.warn(

2025-12-06 13:09:05,602:WARNING:C:\Users\dell\anaconda3\envs\churn_env\lib\site-packages\sklearn\metrics\_classification.py:1396: UserWarning: Note that pos_label (set to 'Yes') is ignored when average != 'binary' (got 'weighted'). You may use labels=[pos_label] to specify a single positive class.
  warnings.warn(

2025-12-06 13:09:05,612:WARNING:C:\Users\dell\anaconda3\envs\churn_env\lib\site-packages\pycaret\internal\metrics.py:190: FitFailedWarning: Metric 'make_scorer(roc_auc_score, needs_proba=True, error_score=0.0, average=weighted, multi_class=ovr)' failed and error score 0.0 has been returned instead. If this is a custom metric, this usually means that the error is in the metric code. Full exception below:
Traceback (most recent call last):
  File "C:\Users\dell\anaconda3\envs\churn_env\lib\site-packages\sklearn\metrics\_scorer.py", line 76, in _cached_call
    return cache[method]
KeyError: 'predict_proba'

During handling of the above exception, another exception occurred:

Traceback (most recent call last):
  File "C:\Users\dell\anaconda3\envs\churn_env\lib\site-packages\pycaret\internal\metrics.py", line 182, in _score
    return super()._score(
  File "C:\Users\dell\anaconda3\envs\churn_env\lib\site-packages\sklearn\metrics\_scorer.py", line 316, in _score
    y_pred = method_caller(clf, "predict_proba", X)
  File "C:\Users\dell\anaconda3\envs\churn_env\lib\site-packages\sklearn\metrics\_scorer.py", line 78, in _cached_call
    result = getattr(estimator, method)(*args, **kwargs)
  File "C:\Users\dell\anaconda3\envs\churn_env\lib\site-packages\pycaret\internal\pipeline.py", line 127, in __getattr__
    return getattr(self._final_estimator, name)
  File "C:\Users\dell\anaconda3\envs\churn_env\lib\site-packages\sklearn\utils\_available_if.py", line 32, in __get__
    if not self.check(obj):
  File "C:\Users\dell\anaconda3\envs\churn_env\lib\site-packages\sklearn\linear_model\_stochastic_gradient.py", line 1235, in _check_proba
    raise AttributeError(
AttributeError: probability estimates are not available for loss='hinge'

  warnings.warn(

2025-12-06 13:09:05,618:WARNING:C:\Users\dell\anaconda3\envs\churn_env\lib\site-packages\sklearn\metrics\_classification.py:1396: UserWarning: Note that pos_label (set to 'Yes') is ignored when average != 'binary' (got 'weighted'). You may use labels=[pos_label] to specify a single positive class.
  warnings.warn(

2025-12-06 13:09:05,630:WARNING:C:\Users\dell\anaconda3\envs\churn_env\lib\site-packages\sklearn\metrics\_classification.py:1396: UserWarning: Note that pos_label (set to 'Yes') is ignored when average != 'binary' (got 'weighted'). You may use labels=[pos_label] to specify a single positive class.
  warnings.warn(

2025-12-06 13:09:05,640:WARNING:C:\Users\dell\anaconda3\envs\churn_env\lib\site-packages\sklearn\metrics\_classification.py:1396: UserWarning: Note that pos_label (set to 'Yes') is ignored when average != 'binary' (got 'weighted'). You may use labels=[pos_label] to specify a single positive class.
  warnings.warn(

2025-12-06 13:09:05,674:WARNING:C:\Users\dell\anaconda3\envs\churn_env\lib\site-packages\pycaret\internal\metrics.py:190: FitFailedWarning: Metric 'make_scorer(roc_auc_score, needs_proba=True, error_score=0.0, average=weighted, multi_class=ovr)' failed and error score 0.0 has been returned instead. If this is a custom metric, this usually means that the error is in the metric code. Full exception below:
Traceback (most recent call last):
  File "C:\Users\dell\anaconda3\envs\churn_env\lib\site-packages\sklearn\metrics\_scorer.py", line 76, in _cached_call
    return cache[method]
KeyError: 'predict_proba'

During handling of the above exception, another exception occurred:

Traceback (most recent call last):
  File "C:\Users\dell\anaconda3\envs\churn_env\lib\site-packages\pycaret\internal\metrics.py", line 182, in _score
    return super()._score(
  File "C:\Users\dell\anaconda3\envs\churn_env\lib\site-packages\sklearn\metrics\_scorer.py", line 316, in _score
    y_pred = method_caller(clf, "predict_proba", X)
  File "C:\Users\dell\anaconda3\envs\churn_env\lib\site-packages\sklearn\metrics\_scorer.py", line 78, in _cached_call
    result = getattr(estimator, method)(*args, **kwargs)
  File "C:\Users\dell\anaconda3\envs\churn_env\lib\site-packages\pycaret\internal\pipeline.py", line 127, in __getattr__
    return getattr(self._final_estimator, name)
  File "C:\Users\dell\anaconda3\envs\churn_env\lib\site-packages\sklearn\utils\_available_if.py", line 32, in __get__
    if not self.check(obj):
  File "C:\Users\dell\anaconda3\envs\churn_env\lib\site-packages\sklearn\linear_model\_stochastic_gradient.py", line 1235, in _check_proba
    raise AttributeError(
AttributeError: probability estimates are not available for loss='hinge'

  warnings.warn(

2025-12-06 13:09:05,680:WARNING:C:\Users\dell\anaconda3\envs\churn_env\lib\site-packages\sklearn\metrics\_classification.py:1396: UserWarning: Note that pos_label (set to 'Yes') is ignored when average != 'binary' (got 'weighted'). You may use labels=[pos_label] to specify a single positive class.
  warnings.warn(

2025-12-06 13:09:05,692:WARNING:C:\Users\dell\anaconda3\envs\churn_env\lib\site-packages\sklearn\metrics\_classification.py:1396: UserWarning: Note that pos_label (set to 'Yes') is ignored when average != 'binary' (got 'weighted'). You may use labels=[pos_label] to specify a single positive class.
  warnings.warn(

2025-12-06 13:09:05,701:WARNING:C:\Users\dell\anaconda3\envs\churn_env\lib\site-packages\sklearn\metrics\_classification.py:1396: UserWarning: Note that pos_label (set to 'Yes') is ignored when average != 'binary' (got 'weighted'). You may use labels=[pos_label] to specify a single positive class.
  warnings.warn(

2025-12-06 13:09:05,714:WARNING:C:\Users\dell\anaconda3\envs\churn_env\lib\site-packages\pycaret\internal\metrics.py:190: FitFailedWarning: Metric 'make_scorer(roc_auc_score, needs_proba=True, error_score=0.0, average=weighted, multi_class=ovr)' failed and error score 0.0 has been returned instead. If this is a custom metric, this usually means that the error is in the metric code. Full exception below:
Traceback (most recent call last):
  File "C:\Users\dell\anaconda3\envs\churn_env\lib\site-packages\sklearn\metrics\_scorer.py", line 76, in _cached_call
    return cache[method]
KeyError: 'predict_proba'

During handling of the above exception, another exception occurred:

Traceback (most recent call last):
  File "C:\Users\dell\anaconda3\envs\churn_env\lib\site-packages\pycaret\internal\metrics.py", line 182, in _score
    return super()._score(
  File "C:\Users\dell\anaconda3\envs\churn_env\lib\site-packages\sklearn\metrics\_scorer.py", line 316, in _score
    y_pred = method_caller(clf, "predict_proba", X)
  File "C:\Users\dell\anaconda3\envs\churn_env\lib\site-packages\sklearn\metrics\_scorer.py", line 78, in _cached_call
    result = getattr(estimator, method)(*args, **kwargs)
  File "C:\Users\dell\anaconda3\envs\churn_env\lib\site-packages\pycaret\internal\pipeline.py", line 127, in __getattr__
    return getattr(self._final_estimator, name)
  File "C:\Users\dell\anaconda3\envs\churn_env\lib\site-packages\sklearn\utils\_available_if.py", line 32, in __get__
    if not self.check(obj):
  File "C:\Users\dell\anaconda3\envs\churn_env\lib\site-packages\sklearn\linear_model\_stochastic_gradient.py", line 1235, in _check_proba
    raise AttributeError(
AttributeError: probability estimates are not available for loss='hinge'

  warnings.warn(

2025-12-06 13:09:05,720:WARNING:C:\Users\dell\anaconda3\envs\churn_env\lib\site-packages\sklearn\metrics\_classification.py:1396: UserWarning: Note that pos_label (set to 'Yes') is ignored when average != 'binary' (got 'weighted'). You may use labels=[pos_label] to specify a single positive class.
  warnings.warn(

2025-12-06 13:09:05,736:WARNING:C:\Users\dell\anaconda3\envs\churn_env\lib\site-packages\sklearn\metrics\_classification.py:1396: UserWarning: Note that pos_label (set to 'Yes') is ignored when average != 'binary' (got 'weighted'). You may use labels=[pos_label] to specify a single positive class.
  warnings.warn(

2025-12-06 13:09:05,752:WARNING:C:\Users\dell\anaconda3\envs\churn_env\lib\site-packages\sklearn\metrics\_classification.py:1396: UserWarning: Note that pos_label (set to 'Yes') is ignored when average != 'binary' (got 'weighted'). You may use labels=[pos_label] to specify a single positive class.
  warnings.warn(

2025-12-06 13:09:06,383:WARNING:C:\Users\dell\anaconda3\envs\churn_env\lib\site-packages\pycaret\internal\metrics.py:190: FitFailedWarning: Metric 'make_scorer(roc_auc_score, needs_proba=True, error_score=0.0, average=weighted, multi_class=ovr)' failed and error score 0.0 has been returned instead. If this is a custom metric, this usually means that the error is in the metric code. Full exception below:
Traceback (most recent call last):
  File "C:\Users\dell\anaconda3\envs\churn_env\lib\site-packages\sklearn\metrics\_scorer.py", line 76, in _cached_call
    return cache[method]
KeyError: 'predict_proba'

During handling of the above exception, another exception occurred:

Traceback (most recent call last):
  File "C:\Users\dell\anaconda3\envs\churn_env\lib\site-packages\pycaret\internal\metrics.py", line 182, in _score
    return super()._score(
  File "C:\Users\dell\anaconda3\envs\churn_env\lib\site-packages\sklearn\metrics\_scorer.py", line 316, in _score
    y_pred = method_caller(clf, "predict_proba", X)
  File "C:\Users\dell\anaconda3\envs\churn_env\lib\site-packages\sklearn\metrics\_scorer.py", line 78, in _cached_call
    result = getattr(estimator, method)(*args, **kwargs)
  File "C:\Users\dell\anaconda3\envs\churn_env\lib\site-packages\pycaret\internal\pipeline.py", line 127, in __getattr__
    return getattr(self._final_estimator, name)
  File "C:\Users\dell\anaconda3\envs\churn_env\lib\site-packages\sklearn\utils\_available_if.py", line 32, in __get__
    if not self.check(obj):
  File "C:\Users\dell\anaconda3\envs\churn_env\lib\site-packages\sklearn\linear_model\_stochastic_gradient.py", line 1235, in _check_proba
    raise AttributeError(
AttributeError: probability estimates are not available for loss='hinge'

  warnings.warn(

2025-12-06 13:09:06,387:WARNING:C:\Users\dell\anaconda3\envs\churn_env\lib\site-packages\sklearn\metrics\_classification.py:1396: UserWarning: Note that pos_label (set to 'Yes') is ignored when average != 'binary' (got 'weighted'). You may use labels=[pos_label] to specify a single positive class.
  warnings.warn(

2025-12-06 13:09:06,395:WARNING:C:\Users\dell\anaconda3\envs\churn_env\lib\site-packages\sklearn\metrics\_classification.py:1396: UserWarning: Note that pos_label (set to 'Yes') is ignored when average != 'binary' (got 'weighted'). You may use labels=[pos_label] to specify a single positive class.
  warnings.warn(

2025-12-06 13:09:06,403:WARNING:C:\Users\dell\anaconda3\envs\churn_env\lib\site-packages\sklearn\metrics\_classification.py:1396: UserWarning: Note that pos_label (set to 'Yes') is ignored when average != 'binary' (got 'weighted'). You may use labels=[pos_label] to specify a single positive class.
  warnings.warn(

2025-12-06 13:09:06,405:WARNING:C:\Users\dell\anaconda3\envs\churn_env\lib\site-packages\pycaret\internal\metrics.py:190: FitFailedWarning: Metric 'make_scorer(roc_auc_score, needs_proba=True, error_score=0.0, average=weighted, multi_class=ovr)' failed and error score 0.0 has been returned instead. If this is a custom metric, this usually means that the error is in the metric code. Full exception below:
Traceback (most recent call last):
  File "C:\Users\dell\anaconda3\envs\churn_env\lib\site-packages\sklearn\metrics\_scorer.py", line 76, in _cached_call
    return cache[method]
KeyError: 'predict_proba'

During handling of the above exception, another exception occurred:

Traceback (most recent call last):
  File "C:\Users\dell\anaconda3\envs\churn_env\lib\site-packages\pycaret\internal\metrics.py", line 182, in _score
    return super()._score(
  File "C:\Users\dell\anaconda3\envs\churn_env\lib\site-packages\sklearn\metrics\_scorer.py", line 316, in _score
    y_pred = method_caller(clf, "predict_proba", X)
  File "C:\Users\dell\anaconda3\envs\churn_env\lib\site-packages\sklearn\metrics\_scorer.py", line 78, in _cached_call
    result = getattr(estimator, method)(*args, **kwargs)
  File "C:\Users\dell\anaconda3\envs\churn_env\lib\site-packages\pycaret\internal\pipeline.py", line 127, in __getattr__
    return getattr(self._final_estimator, name)
  File "C:\Users\dell\anaconda3\envs\churn_env\lib\site-packages\sklearn\utils\_available_if.py", line 32, in __get__
    if not self.check(obj):
  File "C:\Users\dell\anaconda3\envs\churn_env\lib\site-packages\sklearn\linear_model\_stochastic_gradient.py", line 1235, in _check_proba
    raise AttributeError(
AttributeError: probability estimates are not available for loss='hinge'

  warnings.warn(

2025-12-06 13:09:06,409:WARNING:C:\Users\dell\anaconda3\envs\churn_env\lib\site-packages\sklearn\metrics\_classification.py:1396: UserWarning: Note that pos_label (set to 'Yes') is ignored when average != 'binary' (got 'weighted'). You may use labels=[pos_label] to specify a single positive class.
  warnings.warn(

2025-12-06 13:09:06,418:WARNING:C:\Users\dell\anaconda3\envs\churn_env\lib\site-packages\sklearn\metrics\_classification.py:1396: UserWarning: Note that pos_label (set to 'Yes') is ignored when average != 'binary' (got 'weighted'). You may use labels=[pos_label] to specify a single positive class.
  warnings.warn(

2025-12-06 13:09:06,426:WARNING:C:\Users\dell\anaconda3\envs\churn_env\lib\site-packages\sklearn\metrics\_classification.py:1396: UserWarning: Note that pos_label (set to 'Yes') is ignored when average != 'binary' (got 'weighted'). You may use labels=[pos_label] to specify a single positive class.
  warnings.warn(

2025-12-06 13:09:06,440:INFO:Calculating mean and std
2025-12-06 13:09:06,443:INFO:Creating metrics dataframe
2025-12-06 13:09:06,450:INFO:Uploading results into container
2025-12-06 13:09:06,452:INFO:Uploading model into container now
2025-12-06 13:09:06,453:INFO:_master_model_container: 5
2025-12-06 13:09:06,453:INFO:_display_container: 2
2025-12-06 13:09:06,454:INFO:SGDClassifier(alpha=0.0001, average=False, class_weight=None,
              early_stopping=False, epsilon=0.1, eta0=0.001, fit_intercept=True,
              l1_ratio=0.15, learning_rate='optimal', loss='hinge',
              max_iter=1000, n_iter_no_change=5, n_jobs=-1, penalty='l2',
              power_t=0.5, random_state=123, shuffle=True, tol=0.001,
              validation_fraction=0.1, verbose=0, warm_start=False)
2025-12-06 13:09:06,454:INFO:create_model() successfully completed......................................
2025-12-06 13:09:06,582:INFO:SubProcess create_model() end ==================================
2025-12-06 13:09:06,583:INFO:Creating metrics dataframe
2025-12-06 13:09:06,590:INFO:Initializing Ridge Classifier
2025-12-06 13:09:06,590:INFO:Total runtime is 0.2961184899012248 minutes
2025-12-06 13:09:06,590:INFO:SubProcess create_model() called ==================================
2025-12-06 13:09:06,590:INFO:Initializing create_model()
2025-12-06 13:09:06,590:INFO:create_model(self=<pycaret.classification.oop.ClassificationExperiment object at 0x0000029114C86850>, estimator=ridge, fold=StratifiedKFold(n_splits=10, random_state=None, shuffle=False), round=4, cross_validation=True, predict=True, fit_kwargs={}, groups=None, refit=False, probability_threshold=None, experiment_custom_tags=None, verbose=False, system=False, add_to_model_list=True, metrics=None, display=<pycaret.internal.display.display.CommonDisplay object at 0x000002913CB58910>, model_only=True, return_train_score=False, error_score=0.0, kwargs={})
2025-12-06 13:09:06,590:INFO:Checking exceptions
2025-12-06 13:09:06,590:INFO:Importing libraries
2025-12-06 13:09:06,591:INFO:Copying training dataset
2025-12-06 13:09:06,600:INFO:Defining folds
2025-12-06 13:09:06,600:INFO:Declaring metric variables
2025-12-06 13:09:06,600:INFO:Importing untrained model
2025-12-06 13:09:06,601:INFO:Ridge Classifier Imported successfully
2025-12-06 13:09:06,602:INFO:Starting cross validation
2025-12-06 13:09:06,605:INFO:Cross validating with StratifiedKFold(n_splits=10, random_state=None, shuffle=False), n_jobs=-1
2025-12-06 13:09:07,824:WARNING:C:\Users\dell\anaconda3\envs\churn_env\lib\site-packages\pycaret\internal\metrics.py:190: FitFailedWarning: Metric 'make_scorer(roc_auc_score, needs_proba=True, error_score=0.0, average=weighted, multi_class=ovr)' failed and error score 0.0 has been returned instead. If this is a custom metric, this usually means that the error is in the metric code. Full exception below:
Traceback (most recent call last):
  File "C:\Users\dell\anaconda3\envs\churn_env\lib\site-packages\sklearn\metrics\_scorer.py", line 76, in _cached_call
    return cache[method]
KeyError: 'predict_proba'

During handling of the above exception, another exception occurred:

Traceback (most recent call last):
  File "C:\Users\dell\anaconda3\envs\churn_env\lib\site-packages\pycaret\internal\metrics.py", line 182, in _score
    return super()._score(
  File "C:\Users\dell\anaconda3\envs\churn_env\lib\site-packages\sklearn\metrics\_scorer.py", line 316, in _score
    y_pred = method_caller(clf, "predict_proba", X)
  File "C:\Users\dell\anaconda3\envs\churn_env\lib\site-packages\sklearn\metrics\_scorer.py", line 78, in _cached_call
    result = getattr(estimator, method)(*args, **kwargs)
  File "C:\Users\dell\anaconda3\envs\churn_env\lib\site-packages\pycaret\internal\pipeline.py", line 127, in __getattr__
    return getattr(self._final_estimator, name)
AttributeError: 'RidgeClassifier' object has no attribute 'predict_proba'

  warnings.warn(

2025-12-06 13:09:07,829:WARNING:C:\Users\dell\anaconda3\envs\churn_env\lib\site-packages\sklearn\metrics\_classification.py:1396: UserWarning: Note that pos_label (set to 'Yes') is ignored when average != 'binary' (got 'weighted'). You may use labels=[pos_label] to specify a single positive class.
  warnings.warn(

2025-12-06 13:09:07,840:WARNING:C:\Users\dell\anaconda3\envs\churn_env\lib\site-packages\sklearn\metrics\_classification.py:1396: UserWarning: Note that pos_label (set to 'Yes') is ignored when average != 'binary' (got 'weighted'). You may use labels=[pos_label] to specify a single positive class.
  warnings.warn(

2025-12-06 13:09:07,843:WARNING:C:\Users\dell\anaconda3\envs\churn_env\lib\site-packages\pycaret\internal\metrics.py:190: FitFailedWarning: Metric 'make_scorer(roc_auc_score, needs_proba=True, error_score=0.0, average=weighted, multi_class=ovr)' failed and error score 0.0 has been returned instead. If this is a custom metric, this usually means that the error is in the metric code. Full exception below:
Traceback (most recent call last):
  File "C:\Users\dell\anaconda3\envs\churn_env\lib\site-packages\sklearn\metrics\_scorer.py", line 76, in _cached_call
    return cache[method]
KeyError: 'predict_proba'

During handling of the above exception, another exception occurred:

Traceback (most recent call last):
  File "C:\Users\dell\anaconda3\envs\churn_env\lib\site-packages\pycaret\internal\metrics.py", line 182, in _score
    return super()._score(
  File "C:\Users\dell\anaconda3\envs\churn_env\lib\site-packages\sklearn\metrics\_scorer.py", line 316, in _score
    y_pred = method_caller(clf, "predict_proba", X)
  File "C:\Users\dell\anaconda3\envs\churn_env\lib\site-packages\sklearn\metrics\_scorer.py", line 78, in _cached_call
    result = getattr(estimator, method)(*args, **kwargs)
  File "C:\Users\dell\anaconda3\envs\churn_env\lib\site-packages\pycaret\internal\pipeline.py", line 127, in __getattr__
    return getattr(self._final_estimator, name)
AttributeError: 'RidgeClassifier' object has no attribute 'predict_proba'

  warnings.warn(

2025-12-06 13:09:07,848:WARNING:C:\Users\dell\anaconda3\envs\churn_env\lib\site-packages\sklearn\metrics\_classification.py:1396: UserWarning: Note that pos_label (set to 'Yes') is ignored when average != 'binary' (got 'weighted'). You may use labels=[pos_label] to specify a single positive class.
  warnings.warn(

2025-12-06 13:09:07,849:WARNING:C:\Users\dell\anaconda3\envs\churn_env\lib\site-packages\sklearn\metrics\_classification.py:1396: UserWarning: Note that pos_label (set to 'Yes') is ignored when average != 'binary' (got 'weighted'). You may use labels=[pos_label] to specify a single positive class.
  warnings.warn(

2025-12-06 13:09:07,858:WARNING:C:\Users\dell\anaconda3\envs\churn_env\lib\site-packages\sklearn\metrics\_classification.py:1396: UserWarning: Note that pos_label (set to 'Yes') is ignored when average != 'binary' (got 'weighted'). You may use labels=[pos_label] to specify a single positive class.
  warnings.warn(

2025-12-06 13:09:07,889:WARNING:C:\Users\dell\anaconda3\envs\churn_env\lib\site-packages\pycaret\internal\metrics.py:190: FitFailedWarning: Metric 'make_scorer(roc_auc_score, needs_proba=True, error_score=0.0, average=weighted, multi_class=ovr)' failed and error score 0.0 has been returned instead. If this is a custom metric, this usually means that the error is in the metric code. Full exception below:
Traceback (most recent call last):
  File "C:\Users\dell\anaconda3\envs\churn_env\lib\site-packages\sklearn\metrics\_scorer.py", line 76, in _cached_call
    return cache[method]
KeyError: 'predict_proba'

During handling of the above exception, another exception occurred:

Traceback (most recent call last):
  File "C:\Users\dell\anaconda3\envs\churn_env\lib\site-packages\pycaret\internal\metrics.py", line 182, in _score
    return super()._score(
  File "C:\Users\dell\anaconda3\envs\churn_env\lib\site-packages\sklearn\metrics\_scorer.py", line 316, in _score
    y_pred = method_caller(clf, "predict_proba", X)
  File "C:\Users\dell\anaconda3\envs\churn_env\lib\site-packages\sklearn\metrics\_scorer.py", line 78, in _cached_call
    result = getattr(estimator, method)(*args, **kwargs)
  File "C:\Users\dell\anaconda3\envs\churn_env\lib\site-packages\pycaret\internal\pipeline.py", line 127, in __getattr__
    return getattr(self._final_estimator, name)
AttributeError: 'RidgeClassifier' object has no attribute 'predict_proba'

  warnings.warn(

2025-12-06 13:09:07,893:WARNING:C:\Users\dell\anaconda3\envs\churn_env\lib\site-packages\pycaret\internal\metrics.py:190: FitFailedWarning: Metric 'make_scorer(roc_auc_score, needs_proba=True, error_score=0.0, average=weighted, multi_class=ovr)' failed and error score 0.0 has been returned instead. If this is a custom metric, this usually means that the error is in the metric code. Full exception below:
Traceback (most recent call last):
  File "C:\Users\dell\anaconda3\envs\churn_env\lib\site-packages\sklearn\metrics\_scorer.py", line 76, in _cached_call
    return cache[method]
KeyError: 'predict_proba'

During handling of the above exception, another exception occurred:

Traceback (most recent call last):
  File "C:\Users\dell\anaconda3\envs\churn_env\lib\site-packages\pycaret\internal\metrics.py", line 182, in _score
    return super()._score(
  File "C:\Users\dell\anaconda3\envs\churn_env\lib\site-packages\sklearn\metrics\_scorer.py", line 316, in _score
    y_pred = method_caller(clf, "predict_proba", X)
  File "C:\Users\dell\anaconda3\envs\churn_env\lib\site-packages\sklearn\metrics\_scorer.py", line 78, in _cached_call
    result = getattr(estimator, method)(*args, **kwargs)
  File "C:\Users\dell\anaconda3\envs\churn_env\lib\site-packages\pycaret\internal\pipeline.py", line 127, in __getattr__
    return getattr(self._final_estimator, name)
AttributeError: 'RidgeClassifier' object has no attribute 'predict_proba'

  warnings.warn(

2025-12-06 13:09:07,895:WARNING:C:\Users\dell\anaconda3\envs\churn_env\lib\site-packages\sklearn\metrics\_classification.py:1396: UserWarning: Note that pos_label (set to 'Yes') is ignored when average != 'binary' (got 'weighted'). You may use labels=[pos_label] to specify a single positive class.
  warnings.warn(

2025-12-06 13:09:07,898:WARNING:C:\Users\dell\anaconda3\envs\churn_env\lib\site-packages\sklearn\metrics\_classification.py:1396: UserWarning: Note that pos_label (set to 'Yes') is ignored when average != 'binary' (got 'weighted'). You may use labels=[pos_label] to specify a single positive class.
  warnings.warn(

2025-12-06 13:09:07,899:WARNING:C:\Users\dell\anaconda3\envs\churn_env\lib\site-packages\sklearn\metrics\_classification.py:1396: UserWarning: Note that pos_label (set to 'Yes') is ignored when average != 'binary' (got 'weighted'). You may use labels=[pos_label] to specify a single positive class.
  warnings.warn(

2025-12-06 13:09:07,909:WARNING:C:\Users\dell\anaconda3\envs\churn_env\lib\site-packages\sklearn\metrics\_classification.py:1396: UserWarning: Note that pos_label (set to 'Yes') is ignored when average != 'binary' (got 'weighted'). You may use labels=[pos_label] to specify a single positive class.
  warnings.warn(

2025-12-06 13:09:07,914:WARNING:C:\Users\dell\anaconda3\envs\churn_env\lib\site-packages\sklearn\metrics\_classification.py:1396: UserWarning: Note that pos_label (set to 'Yes') is ignored when average != 'binary' (got 'weighted'). You may use labels=[pos_label] to specify a single positive class.
  warnings.warn(

2025-12-06 13:09:07,925:WARNING:C:\Users\dell\anaconda3\envs\churn_env\lib\site-packages\sklearn\metrics\_classification.py:1396: UserWarning: Note that pos_label (set to 'Yes') is ignored when average != 'binary' (got 'weighted'). You may use labels=[pos_label] to specify a single positive class.
  warnings.warn(

2025-12-06 13:09:07,927:WARNING:C:\Users\dell\anaconda3\envs\churn_env\lib\site-packages\sklearn\metrics\_classification.py:1396: UserWarning: Note that pos_label (set to 'Yes') is ignored when average != 'binary' (got 'weighted'). You may use labels=[pos_label] to specify a single positive class.
  warnings.warn(

2025-12-06 13:09:08,158:WARNING:C:\Users\dell\anaconda3\envs\churn_env\lib\site-packages\pycaret\internal\metrics.py:190: FitFailedWarning: Metric 'make_scorer(roc_auc_score, needs_proba=True, error_score=0.0, average=weighted, multi_class=ovr)' failed and error score 0.0 has been returned instead. If this is a custom metric, this usually means that the error is in the metric code. Full exception below:
Traceback (most recent call last):
  File "C:\Users\dell\anaconda3\envs\churn_env\lib\site-packages\sklearn\metrics\_scorer.py", line 76, in _cached_call
    return cache[method]
KeyError: 'predict_proba'

During handling of the above exception, another exception occurred:

Traceback (most recent call last):
  File "C:\Users\dell\anaconda3\envs\churn_env\lib\site-packages\pycaret\internal\metrics.py", line 182, in _score
    return super()._score(
  File "C:\Users\dell\anaconda3\envs\churn_env\lib\site-packages\sklearn\metrics\_scorer.py", line 316, in _score
    y_pred = method_caller(clf, "predict_proba", X)
  File "C:\Users\dell\anaconda3\envs\churn_env\lib\site-packages\sklearn\metrics\_scorer.py", line 78, in _cached_call
    result = getattr(estimator, method)(*args, **kwargs)
  File "C:\Users\dell\anaconda3\envs\churn_env\lib\site-packages\pycaret\internal\pipeline.py", line 127, in __getattr__
    return getattr(self._final_estimator, name)
AttributeError: 'RidgeClassifier' object has no attribute 'predict_proba'

  warnings.warn(

2025-12-06 13:09:08,163:WARNING:C:\Users\dell\anaconda3\envs\churn_env\lib\site-packages\sklearn\metrics\_classification.py:1396: UserWarning: Note that pos_label (set to 'Yes') is ignored when average != 'binary' (got 'weighted'). You may use labels=[pos_label] to specify a single positive class.
  warnings.warn(

2025-12-06 13:09:08,173:WARNING:C:\Users\dell\anaconda3\envs\churn_env\lib\site-packages\sklearn\metrics\_classification.py:1396: UserWarning: Note that pos_label (set to 'Yes') is ignored when average != 'binary' (got 'weighted'). You may use labels=[pos_label] to specify a single positive class.
  warnings.warn(

2025-12-06 13:09:08,174:WARNING:C:\Users\dell\anaconda3\envs\churn_env\lib\site-packages\pycaret\internal\metrics.py:190: FitFailedWarning: Metric 'make_scorer(roc_auc_score, needs_proba=True, error_score=0.0, average=weighted, multi_class=ovr)' failed and error score 0.0 has been returned instead. If this is a custom metric, this usually means that the error is in the metric code. Full exception below:
Traceback (most recent call last):
  File "C:\Users\dell\anaconda3\envs\churn_env\lib\site-packages\sklearn\metrics\_scorer.py", line 76, in _cached_call
    return cache[method]
KeyError: 'predict_proba'

During handling of the above exception, another exception occurred:

Traceback (most recent call last):
  File "C:\Users\dell\anaconda3\envs\churn_env\lib\site-packages\pycaret\internal\metrics.py", line 182, in _score
    return super()._score(
  File "C:\Users\dell\anaconda3\envs\churn_env\lib\site-packages\sklearn\metrics\_scorer.py", line 316, in _score
    y_pred = method_caller(clf, "predict_proba", X)
  File "C:\Users\dell\anaconda3\envs\churn_env\lib\site-packages\sklearn\metrics\_scorer.py", line 78, in _cached_call
    result = getattr(estimator, method)(*args, **kwargs)
  File "C:\Users\dell\anaconda3\envs\churn_env\lib\site-packages\pycaret\internal\pipeline.py", line 127, in __getattr__
    return getattr(self._final_estimator, name)
AttributeError: 'RidgeClassifier' object has no attribute 'predict_proba'

  warnings.warn(

2025-12-06 13:09:08,179:WARNING:C:\Users\dell\anaconda3\envs\churn_env\lib\site-packages\sklearn\metrics\_classification.py:1396: UserWarning: Note that pos_label (set to 'Yes') is ignored when average != 'binary' (got 'weighted'). You may use labels=[pos_label] to specify a single positive class.
  warnings.warn(

2025-12-06 13:09:08,180:WARNING:C:\Users\dell\anaconda3\envs\churn_env\lib\site-packages\pycaret\internal\metrics.py:190: FitFailedWarning: Metric 'make_scorer(roc_auc_score, needs_proba=True, error_score=0.0, average=weighted, multi_class=ovr)' failed and error score 0.0 has been returned instead. If this is a custom metric, this usually means that the error is in the metric code. Full exception below:
Traceback (most recent call last):
  File "C:\Users\dell\anaconda3\envs\churn_env\lib\site-packages\sklearn\metrics\_scorer.py", line 76, in _cached_call
    return cache[method]
KeyError: 'predict_proba'

During handling of the above exception, another exception occurred:

Traceback (most recent call last):
  File "C:\Users\dell\anaconda3\envs\churn_env\lib\site-packages\pycaret\internal\metrics.py", line 182, in _score
    return super()._score(
  File "C:\Users\dell\anaconda3\envs\churn_env\lib\site-packages\sklearn\metrics\_scorer.py", line 316, in _score
    y_pred = method_caller(clf, "predict_proba", X)
  File "C:\Users\dell\anaconda3\envs\churn_env\lib\site-packages\sklearn\metrics\_scorer.py", line 78, in _cached_call
    result = getattr(estimator, method)(*args, **kwargs)
  File "C:\Users\dell\anaconda3\envs\churn_env\lib\site-packages\pycaret\internal\pipeline.py", line 127, in __getattr__
    return getattr(self._final_estimator, name)
AttributeError: 'RidgeClassifier' object has no attribute 'predict_proba'

  warnings.warn(

2025-12-06 13:09:08,182:WARNING:C:\Users\dell\anaconda3\envs\churn_env\lib\site-packages\sklearn\metrics\_classification.py:1396: UserWarning: Note that pos_label (set to 'Yes') is ignored when average != 'binary' (got 'weighted'). You may use labels=[pos_label] to specify a single positive class.
  warnings.warn(

2025-12-06 13:09:08,185:WARNING:C:\Users\dell\anaconda3\envs\churn_env\lib\site-packages\sklearn\metrics\_classification.py:1396: UserWarning: Note that pos_label (set to 'Yes') is ignored when average != 'binary' (got 'weighted'). You may use labels=[pos_label] to specify a single positive class.
  warnings.warn(

2025-12-06 13:09:08,189:WARNING:C:\Users\dell\anaconda3\envs\churn_env\lib\site-packages\sklearn\metrics\_classification.py:1396: UserWarning: Note that pos_label (set to 'Yes') is ignored when average != 'binary' (got 'weighted'). You may use labels=[pos_label] to specify a single positive class.
  warnings.warn(

2025-12-06 13:09:08,201:WARNING:C:\Users\dell\anaconda3\envs\churn_env\lib\site-packages\sklearn\metrics\_classification.py:1396: UserWarning: Note that pos_label (set to 'Yes') is ignored when average != 'binary' (got 'weighted'). You may use labels=[pos_label] to specify a single positive class.
  warnings.warn(

2025-12-06 13:09:08,201:WARNING:C:\Users\dell\anaconda3\envs\churn_env\lib\site-packages\sklearn\metrics\_classification.py:1396: UserWarning: Note that pos_label (set to 'Yes') is ignored when average != 'binary' (got 'weighted'). You may use labels=[pos_label] to specify a single positive class.
  warnings.warn(

2025-12-06 13:09:08,212:WARNING:C:\Users\dell\anaconda3\envs\churn_env\lib\site-packages\pycaret\internal\metrics.py:190: FitFailedWarning: Metric 'make_scorer(roc_auc_score, needs_proba=True, error_score=0.0, average=weighted, multi_class=ovr)' failed and error score 0.0 has been returned instead. If this is a custom metric, this usually means that the error is in the metric code. Full exception below:
Traceback (most recent call last):
  File "C:\Users\dell\anaconda3\envs\churn_env\lib\site-packages\sklearn\metrics\_scorer.py", line 76, in _cached_call
    return cache[method]
KeyError: 'predict_proba'

During handling of the above exception, another exception occurred:

Traceback (most recent call last):
  File "C:\Users\dell\anaconda3\envs\churn_env\lib\site-packages\pycaret\internal\metrics.py", line 182, in _score
    return super()._score(
  File "C:\Users\dell\anaconda3\envs\churn_env\lib\site-packages\sklearn\metrics\_scorer.py", line 316, in _score
    y_pred = method_caller(clf, "predict_proba", X)
  File "C:\Users\dell\anaconda3\envs\churn_env\lib\site-packages\sklearn\metrics\_scorer.py", line 78, in _cached_call
    result = getattr(estimator, method)(*args, **kwargs)
  File "C:\Users\dell\anaconda3\envs\churn_env\lib\site-packages\pycaret\internal\pipeline.py", line 127, in __getattr__
    return getattr(self._final_estimator, name)
AttributeError: 'RidgeClassifier' object has no attribute 'predict_proba'

  warnings.warn(

2025-12-06 13:09:08,216:WARNING:C:\Users\dell\anaconda3\envs\churn_env\lib\site-packages\sklearn\metrics\_classification.py:1396: UserWarning: Note that pos_label (set to 'Yes') is ignored when average != 'binary' (got 'weighted'). You may use labels=[pos_label] to specify a single positive class.
  warnings.warn(

2025-12-06 13:09:08,217:WARNING:C:\Users\dell\anaconda3\envs\churn_env\lib\site-packages\sklearn\metrics\_classification.py:1396: UserWarning: Note that pos_label (set to 'Yes') is ignored when average != 'binary' (got 'weighted'). You may use labels=[pos_label] to specify a single positive class.
  warnings.warn(

2025-12-06 13:09:08,229:WARNING:C:\Users\dell\anaconda3\envs\churn_env\lib\site-packages\sklearn\metrics\_classification.py:1396: UserWarning: Note that pos_label (set to 'Yes') is ignored when average != 'binary' (got 'weighted'). You may use labels=[pos_label] to specify a single positive class.
  warnings.warn(

2025-12-06 13:09:08,249:WARNING:C:\Users\dell\anaconda3\envs\churn_env\lib\site-packages\sklearn\metrics\_classification.py:1396: UserWarning: Note that pos_label (set to 'Yes') is ignored when average != 'binary' (got 'weighted'). You may use labels=[pos_label] to specify a single positive class.
  warnings.warn(

2025-12-06 13:09:09,053:WARNING:C:\Users\dell\anaconda3\envs\churn_env\lib\site-packages\pycaret\internal\metrics.py:190: FitFailedWarning: Metric 'make_scorer(roc_auc_score, needs_proba=True, error_score=0.0, average=weighted, multi_class=ovr)' failed and error score 0.0 has been returned instead. If this is a custom metric, this usually means that the error is in the metric code. Full exception below:
Traceback (most recent call last):
  File "C:\Users\dell\anaconda3\envs\churn_env\lib\site-packages\sklearn\metrics\_scorer.py", line 76, in _cached_call
    return cache[method]
KeyError: 'predict_proba'

During handling of the above exception, another exception occurred:

Traceback (most recent call last):
  File "C:\Users\dell\anaconda3\envs\churn_env\lib\site-packages\pycaret\internal\metrics.py", line 182, in _score
    return super()._score(
  File "C:\Users\dell\anaconda3\envs\churn_env\lib\site-packages\sklearn\metrics\_scorer.py", line 316, in _score
    y_pred = method_caller(clf, "predict_proba", X)
  File "C:\Users\dell\anaconda3\envs\churn_env\lib\site-packages\sklearn\metrics\_scorer.py", line 78, in _cached_call
    result = getattr(estimator, method)(*args, **kwargs)
  File "C:\Users\dell\anaconda3\envs\churn_env\lib\site-packages\pycaret\internal\pipeline.py", line 127, in __getattr__
    return getattr(self._final_estimator, name)
AttributeError: 'RidgeClassifier' object has no attribute 'predict_proba'

  warnings.warn(

2025-12-06 13:09:09,056:WARNING:C:\Users\dell\anaconda3\envs\churn_env\lib\site-packages\sklearn\metrics\_classification.py:1396: UserWarning: Note that pos_label (set to 'Yes') is ignored when average != 'binary' (got 'weighted'). You may use labels=[pos_label] to specify a single positive class.
  warnings.warn(

2025-12-06 13:09:09,063:WARNING:C:\Users\dell\anaconda3\envs\churn_env\lib\site-packages\sklearn\metrics\_classification.py:1396: UserWarning: Note that pos_label (set to 'Yes') is ignored when average != 'binary' (got 'weighted'). You may use labels=[pos_label] to specify a single positive class.
  warnings.warn(

2025-12-06 13:09:09,073:WARNING:C:\Users\dell\anaconda3\envs\churn_env\lib\site-packages\sklearn\metrics\_classification.py:1396: UserWarning: Note that pos_label (set to 'Yes') is ignored when average != 'binary' (got 'weighted'). You may use labels=[pos_label] to specify a single positive class.
  warnings.warn(

2025-12-06 13:09:09,097:WARNING:C:\Users\dell\anaconda3\envs\churn_env\lib\site-packages\pycaret\internal\metrics.py:190: FitFailedWarning: Metric 'make_scorer(roc_auc_score, needs_proba=True, error_score=0.0, average=weighted, multi_class=ovr)' failed and error score 0.0 has been returned instead. If this is a custom metric, this usually means that the error is in the metric code. Full exception below:
Traceback (most recent call last):
  File "C:\Users\dell\anaconda3\envs\churn_env\lib\site-packages\sklearn\metrics\_scorer.py", line 76, in _cached_call
    return cache[method]
KeyError: 'predict_proba'

During handling of the above exception, another exception occurred:

Traceback (most recent call last):
  File "C:\Users\dell\anaconda3\envs\churn_env\lib\site-packages\pycaret\internal\metrics.py", line 182, in _score
    return super()._score(
  File "C:\Users\dell\anaconda3\envs\churn_env\lib\site-packages\sklearn\metrics\_scorer.py", line 316, in _score
    y_pred = method_caller(clf, "predict_proba", X)
  File "C:\Users\dell\anaconda3\envs\churn_env\lib\site-packages\sklearn\metrics\_scorer.py", line 78, in _cached_call
    result = getattr(estimator, method)(*args, **kwargs)
  File "C:\Users\dell\anaconda3\envs\churn_env\lib\site-packages\pycaret\internal\pipeline.py", line 127, in __getattr__
    return getattr(self._final_estimator, name)
AttributeError: 'RidgeClassifier' object has no attribute 'predict_proba'

  warnings.warn(

2025-12-06 13:09:09,100:WARNING:C:\Users\dell\anaconda3\envs\churn_env\lib\site-packages\sklearn\metrics\_classification.py:1396: UserWarning: Note that pos_label (set to 'Yes') is ignored when average != 'binary' (got 'weighted'). You may use labels=[pos_label] to specify a single positive class.
  warnings.warn(

2025-12-06 13:09:09,109:WARNING:C:\Users\dell\anaconda3\envs\churn_env\lib\site-packages\sklearn\metrics\_classification.py:1396: UserWarning: Note that pos_label (set to 'Yes') is ignored when average != 'binary' (got 'weighted'). You may use labels=[pos_label] to specify a single positive class.
  warnings.warn(

2025-12-06 13:09:09,116:WARNING:C:\Users\dell\anaconda3\envs\churn_env\lib\site-packages\sklearn\metrics\_classification.py:1396: UserWarning: Note that pos_label (set to 'Yes') is ignored when average != 'binary' (got 'weighted'). You may use labels=[pos_label] to specify a single positive class.
  warnings.warn(

2025-12-06 13:09:09,128:INFO:Calculating mean and std
2025-12-06 13:09:09,131:INFO:Creating metrics dataframe
2025-12-06 13:09:09,137:INFO:Uploading results into container
2025-12-06 13:09:09,138:INFO:Uploading model into container now
2025-12-06 13:09:09,138:INFO:_master_model_container: 6
2025-12-06 13:09:09,138:INFO:_display_container: 2
2025-12-06 13:09:09,138:INFO:RidgeClassifier(alpha=1.0, class_weight=None, copy_X=True, fit_intercept=True,
                max_iter=None, positive=False, random_state=123, solver='auto',
                tol=0.0001)
2025-12-06 13:09:09,140:INFO:create_model() successfully completed......................................
2025-12-06 13:09:09,339:INFO:SubProcess create_model() end ==================================
2025-12-06 13:09:09,339:INFO:Creating metrics dataframe
2025-12-06 13:09:09,353:INFO:Initializing Random Forest Classifier
2025-12-06 13:09:09,354:INFO:Total runtime is 0.3421885212262472 minutes
2025-12-06 13:09:09,354:INFO:SubProcess create_model() called ==================================
2025-12-06 13:09:09,355:INFO:Initializing create_model()
2025-12-06 13:09:09,355:INFO:create_model(self=<pycaret.classification.oop.ClassificationExperiment object at 0x0000029114C86850>, estimator=rf, fold=StratifiedKFold(n_splits=10, random_state=None, shuffle=False), round=4, cross_validation=True, predict=True, fit_kwargs={}, groups=None, refit=False, probability_threshold=None, experiment_custom_tags=None, verbose=False, system=False, add_to_model_list=True, metrics=None, display=<pycaret.internal.display.display.CommonDisplay object at 0x000002913CB58910>, model_only=True, return_train_score=False, error_score=0.0, kwargs={})
2025-12-06 13:09:09,355:INFO:Checking exceptions
2025-12-06 13:09:09,355:INFO:Importing libraries
2025-12-06 13:09:09,356:INFO:Copying training dataset
2025-12-06 13:09:09,373:INFO:Defining folds
2025-12-06 13:09:09,373:INFO:Declaring metric variables
2025-12-06 13:09:09,375:INFO:Importing untrained model
2025-12-06 13:09:09,376:INFO:Random Forest Classifier Imported successfully
2025-12-06 13:09:09,377:INFO:Starting cross validation
2025-12-06 13:09:09,383:INFO:Cross validating with StratifiedKFold(n_splits=10, random_state=None, shuffle=False), n_jobs=-1
2025-12-06 13:09:11,701:WARNING:C:\Users\dell\anaconda3\envs\churn_env\lib\site-packages\sklearn\metrics\_classification.py:1396: UserWarning: Note that pos_label (set to 'Yes') is ignored when average != 'binary' (got 'weighted'). You may use labels=[pos_label] to specify a single positive class.
  warnings.warn(

2025-12-06 13:09:11,723:WARNING:C:\Users\dell\anaconda3\envs\churn_env\lib\site-packages\sklearn\metrics\_classification.py:1396: UserWarning: Note that pos_label (set to 'Yes') is ignored when average != 'binary' (got 'weighted'). You may use labels=[pos_label] to specify a single positive class.
  warnings.warn(

2025-12-06 13:09:11,728:WARNING:C:\Users\dell\anaconda3\envs\churn_env\lib\site-packages\sklearn\metrics\_classification.py:1396: UserWarning: Note that pos_label (set to 'Yes') is ignored when average != 'binary' (got 'weighted'). You may use labels=[pos_label] to specify a single positive class.
  warnings.warn(

2025-12-06 13:09:11,737:WARNING:C:\Users\dell\anaconda3\envs\churn_env\lib\site-packages\sklearn\metrics\_classification.py:1344: UndefinedMetricWarning: Precision is ill-defined and being set to 0.0 in labels with no predicted samples. Use `zero_division` parameter to control this behavior.
  _warn_prf(average, modifier, msg_start, len(result))

2025-12-06 13:09:11,746:WARNING:C:\Users\dell\anaconda3\envs\churn_env\lib\site-packages\sklearn\metrics\_classification.py:1396: UserWarning: Note that pos_label (set to 'Yes') is ignored when average != 'binary' (got 'weighted'). You may use labels=[pos_label] to specify a single positive class.
  warnings.warn(

2025-12-06 13:09:11,750:WARNING:C:\Users\dell\anaconda3\envs\churn_env\lib\site-packages\sklearn\metrics\_classification.py:1396: UserWarning: Note that pos_label (set to 'Yes') is ignored when average != 'binary' (got 'weighted'). You may use labels=[pos_label] to specify a single positive class.
  warnings.warn(

2025-12-06 13:09:11,752:WARNING:C:\Users\dell\anaconda3\envs\churn_env\lib\site-packages\sklearn\metrics\_classification.py:1344: UndefinedMetricWarning: Precision is ill-defined and being set to 0.0 in labels with no predicted samples. Use `zero_division` parameter to control this behavior.
  _warn_prf(average, modifier, msg_start, len(result))

2025-12-06 13:09:11,765:WARNING:C:\Users\dell\anaconda3\envs\churn_env\lib\site-packages\sklearn\metrics\_classification.py:1396: UserWarning: Note that pos_label (set to 'Yes') is ignored when average != 'binary' (got 'weighted'). You may use labels=[pos_label] to specify a single positive class.
  warnings.warn(

2025-12-06 13:09:11,982:WARNING:C:\Users\dell\anaconda3\envs\churn_env\lib\site-packages\sklearn\metrics\_classification.py:1396: UserWarning: Note that pos_label (set to 'Yes') is ignored when average != 'binary' (got 'weighted'). You may use labels=[pos_label] to specify a single positive class.
  warnings.warn(

2025-12-06 13:09:11,994:WARNING:C:\Users\dell\anaconda3\envs\churn_env\lib\site-packages\sklearn\metrics\_classification.py:1396: UserWarning: Note that pos_label (set to 'Yes') is ignored when average != 'binary' (got 'weighted'). You may use labels=[pos_label] to specify a single positive class.
  warnings.warn(

2025-12-06 13:09:11,994:WARNING:C:\Users\dell\anaconda3\envs\churn_env\lib\site-packages\sklearn\metrics\_classification.py:1396: UserWarning: Note that pos_label (set to 'Yes') is ignored when average != 'binary' (got 'weighted'). You may use labels=[pos_label] to specify a single positive class.
  warnings.warn(

2025-12-06 13:09:12,000:WARNING:C:\Users\dell\anaconda3\envs\churn_env\lib\site-packages\sklearn\metrics\_classification.py:1344: UndefinedMetricWarning: Precision is ill-defined and being set to 0.0 in labels with no predicted samples. Use `zero_division` parameter to control this behavior.
  _warn_prf(average, modifier, msg_start, len(result))

2025-12-06 13:09:12,006:WARNING:C:\Users\dell\anaconda3\envs\churn_env\lib\site-packages\sklearn\metrics\_classification.py:1396: UserWarning: Note that pos_label (set to 'Yes') is ignored when average != 'binary' (got 'weighted'). You may use labels=[pos_label] to specify a single positive class.
  warnings.warn(

2025-12-06 13:09:12,008:WARNING:C:\Users\dell\anaconda3\envs\churn_env\lib\site-packages\sklearn\metrics\_classification.py:1396: UserWarning: Note that pos_label (set to 'Yes') is ignored when average != 'binary' (got 'weighted'). You may use labels=[pos_label] to specify a single positive class.
  warnings.warn(

2025-12-06 13:09:12,014:WARNING:C:\Users\dell\anaconda3\envs\churn_env\lib\site-packages\sklearn\metrics\_classification.py:1344: UndefinedMetricWarning: Precision is ill-defined and being set to 0.0 in labels with no predicted samples. Use `zero_division` parameter to control this behavior.
  _warn_prf(average, modifier, msg_start, len(result))

2025-12-06 13:09:12,020:WARNING:C:\Users\dell\anaconda3\envs\churn_env\lib\site-packages\sklearn\metrics\_classification.py:1396: UserWarning: Note that pos_label (set to 'Yes') is ignored when average != 'binary' (got 'weighted'). You may use labels=[pos_label] to specify a single positive class.
  warnings.warn(

2025-12-06 13:09:12,060:WARNING:C:\Users\dell\anaconda3\envs\churn_env\lib\site-packages\sklearn\metrics\_classification.py:1396: UserWarning: Note that pos_label (set to 'Yes') is ignored when average != 'binary' (got 'weighted'). You may use labels=[pos_label] to specify a single positive class.
  warnings.warn(

2025-12-06 13:09:12,069:WARNING:C:\Users\dell\anaconda3\envs\churn_env\lib\site-packages\sklearn\metrics\_classification.py:1396: UserWarning: Note that pos_label (set to 'Yes') is ignored when average != 'binary' (got 'weighted'). You may use labels=[pos_label] to specify a single positive class.
  warnings.warn(

2025-12-06 13:09:12,071:WARNING:C:\Users\dell\anaconda3\envs\churn_env\lib\site-packages\sklearn\metrics\_classification.py:1396: UserWarning: Note that pos_label (set to 'Yes') is ignored when average != 'binary' (got 'weighted'). You may use labels=[pos_label] to specify a single positive class.
  warnings.warn(

2025-12-06 13:09:12,079:WARNING:C:\Users\dell\anaconda3\envs\churn_env\lib\site-packages\sklearn\metrics\_classification.py:1344: UndefinedMetricWarning: Precision is ill-defined and being set to 0.0 in labels with no predicted samples. Use `zero_division` parameter to control this behavior.
  _warn_prf(average, modifier, msg_start, len(result))

2025-12-06 13:09:12,086:WARNING:C:\Users\dell\anaconda3\envs\churn_env\lib\site-packages\sklearn\metrics\_classification.py:1396: UserWarning: Note that pos_label (set to 'Yes') is ignored when average != 'binary' (got 'weighted'). You may use labels=[pos_label] to specify a single positive class.
  warnings.warn(

2025-12-06 13:09:12,087:WARNING:C:\Users\dell\anaconda3\envs\churn_env\lib\site-packages\sklearn\metrics\_classification.py:1396: UserWarning: Note that pos_label (set to 'Yes') is ignored when average != 'binary' (got 'weighted'). You may use labels=[pos_label] to specify a single positive class.
  warnings.warn(

2025-12-06 13:09:12,094:WARNING:C:\Users\dell\anaconda3\envs\churn_env\lib\site-packages\sklearn\metrics\_classification.py:1344: UndefinedMetricWarning: Precision is ill-defined and being set to 0.0 in labels with no predicted samples. Use `zero_division` parameter to control this behavior.
  _warn_prf(average, modifier, msg_start, len(result))

2025-12-06 13:09:12,100:WARNING:C:\Users\dell\anaconda3\envs\churn_env\lib\site-packages\sklearn\metrics\_classification.py:1396: UserWarning: Note that pos_label (set to 'Yes') is ignored when average != 'binary' (got 'weighted'). You may use labels=[pos_label] to specify a single positive class.
  warnings.warn(

2025-12-06 13:09:12,138:WARNING:C:\Users\dell\anaconda3\envs\churn_env\lib\site-packages\sklearn\metrics\_classification.py:1396: UserWarning: Note that pos_label (set to 'Yes') is ignored when average != 'binary' (got 'weighted'). You may use labels=[pos_label] to specify a single positive class.
  warnings.warn(

2025-12-06 13:09:12,154:WARNING:C:\Users\dell\anaconda3\envs\churn_env\lib\site-packages\sklearn\metrics\_classification.py:1396: UserWarning: Note that pos_label (set to 'Yes') is ignored when average != 'binary' (got 'weighted'). You may use labels=[pos_label] to specify a single positive class.
  warnings.warn(

2025-12-06 13:09:12,160:WARNING:C:\Users\dell\anaconda3\envs\churn_env\lib\site-packages\sklearn\metrics\_classification.py:1344: UndefinedMetricWarning: Precision is ill-defined and being set to 0.0 in labels with no predicted samples. Use `zero_division` parameter to control this behavior.
  _warn_prf(average, modifier, msg_start, len(result))

2025-12-06 13:09:12,164:WARNING:C:\Users\dell\anaconda3\envs\churn_env\lib\site-packages\sklearn\metrics\_classification.py:1396: UserWarning: Note that pos_label (set to 'Yes') is ignored when average != 'binary' (got 'weighted'). You may use labels=[pos_label] to specify a single positive class.
  warnings.warn(

2025-12-06 13:09:12,167:WARNING:C:\Users\dell\anaconda3\envs\churn_env\lib\site-packages\sklearn\metrics\_classification.py:1396: UserWarning: Note that pos_label (set to 'Yes') is ignored when average != 'binary' (got 'weighted'). You may use labels=[pos_label] to specify a single positive class.
  warnings.warn(

2025-12-06 13:09:12,173:WARNING:C:\Users\dell\anaconda3\envs\churn_env\lib\site-packages\sklearn\metrics\_classification.py:1396: UserWarning: Note that pos_label (set to 'Yes') is ignored when average != 'binary' (got 'weighted'). You may use labels=[pos_label] to specify a single positive class.
  warnings.warn(

2025-12-06 13:09:12,184:WARNING:C:\Users\dell\anaconda3\envs\churn_env\lib\site-packages\sklearn\metrics\_classification.py:1344: UndefinedMetricWarning: Precision is ill-defined and being set to 0.0 in labels with no predicted samples. Use `zero_division` parameter to control this behavior.
  _warn_prf(average, modifier, msg_start, len(result))

2025-12-06 13:09:12,189:WARNING:C:\Users\dell\anaconda3\envs\churn_env\lib\site-packages\sklearn\metrics\_classification.py:1396: UserWarning: Note that pos_label (set to 'Yes') is ignored when average != 'binary' (got 'weighted'). You may use labels=[pos_label] to specify a single positive class.
  warnings.warn(

2025-12-06 13:09:13,465:WARNING:C:\Users\dell\anaconda3\envs\churn_env\lib\site-packages\sklearn\metrics\_classification.py:1396: UserWarning: Note that pos_label (set to 'Yes') is ignored when average != 'binary' (got 'weighted'). You may use labels=[pos_label] to specify a single positive class.
  warnings.warn(

2025-12-06 13:09:13,475:WARNING:C:\Users\dell\anaconda3\envs\churn_env\lib\site-packages\sklearn\metrics\_classification.py:1396: UserWarning: Note that pos_label (set to 'Yes') is ignored when average != 'binary' (got 'weighted'). You may use labels=[pos_label] to specify a single positive class.
  warnings.warn(

2025-12-06 13:09:13,475:WARNING:C:\Users\dell\anaconda3\envs\churn_env\lib\site-packages\sklearn\metrics\_classification.py:1396: UserWarning: Note that pos_label (set to 'Yes') is ignored when average != 'binary' (got 'weighted'). You may use labels=[pos_label] to specify a single positive class.
  warnings.warn(

2025-12-06 13:09:13,479:WARNING:C:\Users\dell\anaconda3\envs\churn_env\lib\site-packages\sklearn\metrics\_classification.py:1344: UndefinedMetricWarning: Precision is ill-defined and being set to 0.0 in labels with no predicted samples. Use `zero_division` parameter to control this behavior.
  _warn_prf(average, modifier, msg_start, len(result))

2025-12-06 13:09:13,483:WARNING:C:\Users\dell\anaconda3\envs\churn_env\lib\site-packages\sklearn\metrics\_classification.py:1396: UserWarning: Note that pos_label (set to 'Yes') is ignored when average != 'binary' (got 'weighted'). You may use labels=[pos_label] to specify a single positive class.
  warnings.warn(

2025-12-06 13:09:13,484:WARNING:C:\Users\dell\anaconda3\envs\churn_env\lib\site-packages\sklearn\metrics\_classification.py:1396: UserWarning: Note that pos_label (set to 'Yes') is ignored when average != 'binary' (got 'weighted'). You may use labels=[pos_label] to specify a single positive class.
  warnings.warn(

2025-12-06 13:09:13,488:WARNING:C:\Users\dell\anaconda3\envs\churn_env\lib\site-packages\sklearn\metrics\_classification.py:1344: UndefinedMetricWarning: Precision is ill-defined and being set to 0.0 in labels with no predicted samples. Use `zero_division` parameter to control this behavior.
  _warn_prf(average, modifier, msg_start, len(result))

2025-12-06 13:09:13,488:WARNING:C:\Users\dell\anaconda3\envs\churn_env\lib\site-packages\sklearn\metrics\_classification.py:1396: UserWarning: Note that pos_label (set to 'Yes') is ignored when average != 'binary' (got 'weighted'). You may use labels=[pos_label] to specify a single positive class.
  warnings.warn(

2025-12-06 13:09:13,505:INFO:Calculating mean and std
2025-12-06 13:09:13,505:INFO:Creating metrics dataframe
2025-12-06 13:09:13,512:INFO:Uploading results into container
2025-12-06 13:09:13,513:INFO:Uploading model into container now
2025-12-06 13:09:13,515:INFO:_master_model_container: 7
2025-12-06 13:09:13,515:INFO:_display_container: 2
2025-12-06 13:09:13,515:INFO:RandomForestClassifier(bootstrap=True, ccp_alpha=0.0, class_weight=None,
                       criterion='gini', max_depth=None, max_features='sqrt',
                       max_leaf_nodes=None, max_samples=None,
                       min_impurity_decrease=0.0, min_samples_leaf=1,
                       min_samples_split=2, min_weight_fraction_leaf=0.0,
                       n_estimators=100, n_jobs=-1, oob_score=False,
                       random_state=123, verbose=0, warm_start=False)
2025-12-06 13:09:13,515:INFO:create_model() successfully completed......................................
2025-12-06 13:09:13,632:INFO:SubProcess create_model() end ==================================
2025-12-06 13:09:13,632:INFO:Creating metrics dataframe
2025-12-06 13:09:13,632:INFO:Initializing Quadratic Discriminant Analysis
2025-12-06 13:09:13,632:INFO:Total runtime is 0.4134902675946554 minutes
2025-12-06 13:09:13,632:INFO:SubProcess create_model() called ==================================
2025-12-06 13:09:13,632:INFO:Initializing create_model()
2025-12-06 13:09:13,632:INFO:create_model(self=<pycaret.classification.oop.ClassificationExperiment object at 0x0000029114C86850>, estimator=qda, fold=StratifiedKFold(n_splits=10, random_state=None, shuffle=False), round=4, cross_validation=True, predict=True, fit_kwargs={}, groups=None, refit=False, probability_threshold=None, experiment_custom_tags=None, verbose=False, system=False, add_to_model_list=True, metrics=None, display=<pycaret.internal.display.display.CommonDisplay object at 0x000002913CB58910>, model_only=True, return_train_score=False, error_score=0.0, kwargs={})
2025-12-06 13:09:13,632:INFO:Checking exceptions
2025-12-06 13:09:13,632:INFO:Importing libraries
2025-12-06 13:09:13,632:INFO:Copying training dataset
2025-12-06 13:09:13,650:INFO:Defining folds
2025-12-06 13:09:13,651:INFO:Declaring metric variables
2025-12-06 13:09:13,651:INFO:Importing untrained model
2025-12-06 13:09:13,651:INFO:Quadratic Discriminant Analysis Imported successfully
2025-12-06 13:09:13,651:INFO:Starting cross validation
2025-12-06 13:09:13,654:INFO:Cross validating with StratifiedKFold(n_splits=10, random_state=None, shuffle=False), n_jobs=-1
2025-12-06 13:09:14,593:WARNING:C:\Users\dell\anaconda3\envs\churn_env\lib\site-packages\sklearn\discriminant_analysis.py:926: UserWarning: Variables are collinear
  warnings.warn("Variables are collinear")

2025-12-06 13:09:14,609:WARNING:C:\Users\dell\anaconda3\envs\churn_env\lib\site-packages\sklearn\discriminant_analysis.py:926: UserWarning: Variables are collinear
  warnings.warn("Variables are collinear")

2025-12-06 13:09:14,619:WARNING:C:\Users\dell\anaconda3\envs\churn_env\lib\site-packages\sklearn\discriminant_analysis.py:926: UserWarning: Variables are collinear
  warnings.warn("Variables are collinear")

2025-12-06 13:09:14,665:WARNING:C:\Users\dell\anaconda3\envs\churn_env\lib\site-packages\sklearn\discriminant_analysis.py:926: UserWarning: Variables are collinear
  warnings.warn("Variables are collinear")

2025-12-06 13:09:14,669:WARNING:C:\Users\dell\anaconda3\envs\churn_env\lib\site-packages\sklearn\discriminant_analysis.py:926: UserWarning: Variables are collinear
  warnings.warn("Variables are collinear")

2025-12-06 13:09:14,676:WARNING:C:\Users\dell\anaconda3\envs\churn_env\lib\site-packages\sklearn\discriminant_analysis.py:926: UserWarning: Variables are collinear
  warnings.warn("Variables are collinear")

2025-12-06 13:09:14,692:WARNING:C:\Users\dell\anaconda3\envs\churn_env\lib\site-packages\sklearn\discriminant_analysis.py:926: UserWarning: Variables are collinear
  warnings.warn("Variables are collinear")

2025-12-06 13:09:14,720:WARNING:C:\Users\dell\anaconda3\envs\churn_env\lib\site-packages\sklearn\discriminant_analysis.py:926: UserWarning: Variables are collinear
  warnings.warn("Variables are collinear")

2025-12-06 13:09:14,842:WARNING:C:\Users\dell\anaconda3\envs\churn_env\lib\site-packages\sklearn\metrics\_classification.py:1396: UserWarning: Note that pos_label (set to 'Yes') is ignored when average != 'binary' (got 'weighted'). You may use labels=[pos_label] to specify a single positive class.
  warnings.warn(

2025-12-06 13:09:14,853:WARNING:C:\Users\dell\anaconda3\envs\churn_env\lib\site-packages\sklearn\metrics\_classification.py:1396: UserWarning: Note that pos_label (set to 'Yes') is ignored when average != 'binary' (got 'weighted'). You may use labels=[pos_label] to specify a single positive class.
  warnings.warn(

2025-12-06 13:09:14,857:WARNING:C:\Users\dell\anaconda3\envs\churn_env\lib\site-packages\sklearn\metrics\_classification.py:1396: UserWarning: Note that pos_label (set to 'Yes') is ignored when average != 'binary' (got 'weighted'). You may use labels=[pos_label] to specify a single positive class.
  warnings.warn(

2025-12-06 13:09:14,863:WARNING:C:\Users\dell\anaconda3\envs\churn_env\lib\site-packages\sklearn\metrics\_classification.py:1344: UndefinedMetricWarning: Precision is ill-defined and being set to 0.0 in labels with no predicted samples. Use `zero_division` parameter to control this behavior.
  _warn_prf(average, modifier, msg_start, len(result))

2025-12-06 13:09:14,865:WARNING:C:\Users\dell\anaconda3\envs\churn_env\lib\site-packages\sklearn\metrics\_classification.py:1396: UserWarning: Note that pos_label (set to 'Yes') is ignored when average != 'binary' (got 'weighted'). You may use labels=[pos_label] to specify a single positive class.
  warnings.warn(

2025-12-06 13:09:14,869:WARNING:C:\Users\dell\anaconda3\envs\churn_env\lib\site-packages\sklearn\metrics\_classification.py:1396: UserWarning: Note that pos_label (set to 'Yes') is ignored when average != 'binary' (got 'weighted'). You may use labels=[pos_label] to specify a single positive class.
  warnings.warn(

2025-12-06 13:09:14,871:WARNING:C:\Users\dell\anaconda3\envs\churn_env\lib\site-packages\sklearn\metrics\_classification.py:1344: UndefinedMetricWarning: Precision is ill-defined and being set to 0.0 in labels with no predicted samples. Use `zero_division` parameter to control this behavior.
  _warn_prf(average, modifier, msg_start, len(result))

2025-12-06 13:09:14,875:WARNING:C:\Users\dell\anaconda3\envs\churn_env\lib\site-packages\sklearn\metrics\_classification.py:1396: UserWarning: Note that pos_label (set to 'Yes') is ignored when average != 'binary' (got 'weighted'). You may use labels=[pos_label] to specify a single positive class.
  warnings.warn(

2025-12-06 13:09:14,877:WARNING:C:\Users\dell\anaconda3\envs\churn_env\lib\site-packages\sklearn\metrics\_classification.py:1396: UserWarning: Note that pos_label (set to 'Yes') is ignored when average != 'binary' (got 'weighted'). You may use labels=[pos_label] to specify a single positive class.
  warnings.warn(

2025-12-06 13:09:14,886:WARNING:C:\Users\dell\anaconda3\envs\churn_env\lib\site-packages\sklearn\metrics\_classification.py:1396: UserWarning: Note that pos_label (set to 'Yes') is ignored when average != 'binary' (got 'weighted'). You may use labels=[pos_label] to specify a single positive class.
  warnings.warn(

2025-12-06 13:09:14,892:WARNING:C:\Users\dell\anaconda3\envs\churn_env\lib\site-packages\sklearn\metrics\_classification.py:1344: UndefinedMetricWarning: Precision is ill-defined and being set to 0.0 in labels with no predicted samples. Use `zero_division` parameter to control this behavior.
  _warn_prf(average, modifier, msg_start, len(result))

2025-12-06 13:09:14,897:WARNING:C:\Users\dell\anaconda3\envs\churn_env\lib\site-packages\sklearn\metrics\_classification.py:1396: UserWarning: Note that pos_label (set to 'Yes') is ignored when average != 'binary' (got 'weighted'). You may use labels=[pos_label] to specify a single positive class.
  warnings.warn(

2025-12-06 13:09:14,897:WARNING:C:\Users\dell\anaconda3\envs\churn_env\lib\site-packages\sklearn\metrics\_classification.py:1396: UserWarning: Note that pos_label (set to 'Yes') is ignored when average != 'binary' (got 'weighted'). You may use labels=[pos_label] to specify a single positive class.
  warnings.warn(

2025-12-06 13:09:14,899:WARNING:C:\Users\dell\anaconda3\envs\churn_env\lib\site-packages\sklearn\metrics\_classification.py:1396: UserWarning: Note that pos_label (set to 'Yes') is ignored when average != 'binary' (got 'weighted'). You may use labels=[pos_label] to specify a single positive class.
  warnings.warn(

2025-12-06 13:09:14,901:WARNING:C:\Users\dell\anaconda3\envs\churn_env\lib\site-packages\sklearn\metrics\_classification.py:1396: UserWarning: Note that pos_label (set to 'Yes') is ignored when average != 'binary' (got 'weighted'). You may use labels=[pos_label] to specify a single positive class.
  warnings.warn(

2025-12-06 13:09:14,909:WARNING:C:\Users\dell\anaconda3\envs\churn_env\lib\site-packages\sklearn\metrics\_classification.py:1396: UserWarning: Note that pos_label (set to 'Yes') is ignored when average != 'binary' (got 'weighted'). You may use labels=[pos_label] to specify a single positive class.
  warnings.warn(

2025-12-06 13:09:14,907:WARNING:C:\Users\dell\anaconda3\envs\churn_env\lib\site-packages\sklearn\metrics\_classification.py:1396: UserWarning: Note that pos_label (set to 'Yes') is ignored when average != 'binary' (got 'weighted'). You may use labels=[pos_label] to specify a single positive class.
  warnings.warn(

2025-12-06 13:09:14,911:WARNING:C:\Users\dell\anaconda3\envs\churn_env\lib\site-packages\sklearn\metrics\_classification.py:1396: UserWarning: Note that pos_label (set to 'Yes') is ignored when average != 'binary' (got 'weighted'). You may use labels=[pos_label] to specify a single positive class.
  warnings.warn(

2025-12-06 13:09:14,911:WARNING:C:\Users\dell\anaconda3\envs\churn_env\lib\site-packages\sklearn\metrics\_classification.py:1396: UserWarning: Note that pos_label (set to 'Yes') is ignored when average != 'binary' (got 'weighted'). You may use labels=[pos_label] to specify a single positive class.
  warnings.warn(

2025-12-06 13:09:14,917:WARNING:C:\Users\dell\anaconda3\envs\churn_env\lib\site-packages\sklearn\metrics\_classification.py:1344: UndefinedMetricWarning: Precision is ill-defined and being set to 0.0 in labels with no predicted samples. Use `zero_division` parameter to control this behavior.
  _warn_prf(average, modifier, msg_start, len(result))

2025-12-06 13:09:14,917:WARNING:C:\Users\dell\anaconda3\envs\churn_env\lib\site-packages\sklearn\metrics\_classification.py:1344: UndefinedMetricWarning: Precision is ill-defined and being set to 0.0 in labels with no predicted samples. Use `zero_division` parameter to control this behavior.
  _warn_prf(average, modifier, msg_start, len(result))

2025-12-06 13:09:14,922:WARNING:C:\Users\dell\anaconda3\envs\churn_env\lib\site-packages\sklearn\metrics\_classification.py:1344: UndefinedMetricWarning: Precision is ill-defined and being set to 0.0 in labels with no predicted samples. Use `zero_division` parameter to control this behavior.
  _warn_prf(average, modifier, msg_start, len(result))

2025-12-06 13:09:14,924:WARNING:C:\Users\dell\anaconda3\envs\churn_env\lib\site-packages\sklearn\metrics\_classification.py:1396: UserWarning: Note that pos_label (set to 'Yes') is ignored when average != 'binary' (got 'weighted'). You may use labels=[pos_label] to specify a single positive class.
  warnings.warn(

2025-12-06 13:09:14,925:WARNING:C:\Users\dell\anaconda3\envs\churn_env\lib\site-packages\sklearn\metrics\_classification.py:1396: UserWarning: Note that pos_label (set to 'Yes') is ignored when average != 'binary' (got 'weighted'). You may use labels=[pos_label] to specify a single positive class.
  warnings.warn(

2025-12-06 13:09:14,925:WARNING:C:\Users\dell\anaconda3\envs\churn_env\lib\site-packages\sklearn\metrics\_classification.py:1396: UserWarning: Note that pos_label (set to 'Yes') is ignored when average != 'binary' (got 'weighted'). You may use labels=[pos_label] to specify a single positive class.
  warnings.warn(

2025-12-06 13:09:14,928:WARNING:C:\Users\dell\anaconda3\envs\churn_env\lib\site-packages\sklearn\metrics\_classification.py:1396: UserWarning: Note that pos_label (set to 'Yes') is ignored when average != 'binary' (got 'weighted'). You may use labels=[pos_label] to specify a single positive class.
  warnings.warn(

2025-12-06 13:09:14,932:WARNING:C:\Users\dell\anaconda3\envs\churn_env\lib\site-packages\sklearn\metrics\_classification.py:1344: UndefinedMetricWarning: Precision is ill-defined and being set to 0.0 in labels with no predicted samples. Use `zero_division` parameter to control this behavior.
  _warn_prf(average, modifier, msg_start, len(result))

2025-12-06 13:09:14,936:WARNING:C:\Users\dell\anaconda3\envs\churn_env\lib\site-packages\sklearn\metrics\_classification.py:1396: UserWarning: Note that pos_label (set to 'Yes') is ignored when average != 'binary' (got 'weighted'). You may use labels=[pos_label] to specify a single positive class.
  warnings.warn(

2025-12-06 13:09:14,936:WARNING:C:\Users\dell\anaconda3\envs\churn_env\lib\site-packages\sklearn\metrics\_classification.py:1396: UserWarning: Note that pos_label (set to 'Yes') is ignored when average != 'binary' (got 'weighted'). You may use labels=[pos_label] to specify a single positive class.
  warnings.warn(

2025-12-06 13:09:14,953:WARNING:C:\Users\dell\anaconda3\envs\churn_env\lib\site-packages\sklearn\metrics\_classification.py:1396: UserWarning: Note that pos_label (set to 'Yes') is ignored when average != 'binary' (got 'weighted'). You may use labels=[pos_label] to specify a single positive class.
  warnings.warn(

2025-12-06 13:09:14,960:WARNING:C:\Users\dell\anaconda3\envs\churn_env\lib\site-packages\sklearn\metrics\_classification.py:1344: UndefinedMetricWarning: Precision is ill-defined and being set to 0.0 in labels with no predicted samples. Use `zero_division` parameter to control this behavior.
  _warn_prf(average, modifier, msg_start, len(result))

2025-12-06 13:09:14,965:WARNING:C:\Users\dell\anaconda3\envs\churn_env\lib\site-packages\sklearn\metrics\_classification.py:1396: UserWarning: Note that pos_label (set to 'Yes') is ignored when average != 'binary' (got 'weighted'). You may use labels=[pos_label] to specify a single positive class.
  warnings.warn(

2025-12-06 13:09:15,741:WARNING:C:\Users\dell\anaconda3\envs\churn_env\lib\site-packages\sklearn\discriminant_analysis.py:926: UserWarning: Variables are collinear
  warnings.warn("Variables are collinear")

2025-12-06 13:09:15,749:WARNING:C:\Users\dell\anaconda3\envs\churn_env\lib\site-packages\sklearn\discriminant_analysis.py:926: UserWarning: Variables are collinear
  warnings.warn("Variables are collinear")

2025-12-06 13:09:15,968:WARNING:C:\Users\dell\anaconda3\envs\churn_env\lib\site-packages\sklearn\metrics\_classification.py:1396: UserWarning: Note that pos_label (set to 'Yes') is ignored when average != 'binary' (got 'weighted'). You may use labels=[pos_label] to specify a single positive class.
  warnings.warn(

2025-12-06 13:09:15,973:WARNING:C:\Users\dell\anaconda3\envs\churn_env\lib\site-packages\sklearn\metrics\_classification.py:1396: UserWarning: Note that pos_label (set to 'Yes') is ignored when average != 'binary' (got 'weighted'). You may use labels=[pos_label] to specify a single positive class.
  warnings.warn(

2025-12-06 13:09:15,973:WARNING:C:\Users\dell\anaconda3\envs\churn_env\lib\site-packages\sklearn\metrics\_classification.py:1396: UserWarning: Note that pos_label (set to 'Yes') is ignored when average != 'binary' (got 'weighted'). You may use labels=[pos_label] to specify a single positive class.
  warnings.warn(

2025-12-06 13:09:15,988:WARNING:C:\Users\dell\anaconda3\envs\churn_env\lib\site-packages\sklearn\metrics\_classification.py:1344: UndefinedMetricWarning: Precision is ill-defined and being set to 0.0 in labels with no predicted samples. Use `zero_division` parameter to control this behavior.
  _warn_prf(average, modifier, msg_start, len(result))

2025-12-06 13:09:15,994:WARNING:C:\Users\dell\anaconda3\envs\churn_env\lib\site-packages\sklearn\metrics\_classification.py:1396: UserWarning: Note that pos_label (set to 'Yes') is ignored when average != 'binary' (got 'weighted'). You may use labels=[pos_label] to specify a single positive class.
  warnings.warn(

2025-12-06 13:09:15,996:WARNING:C:\Users\dell\anaconda3\envs\churn_env\lib\site-packages\sklearn\metrics\_classification.py:1396: UserWarning: Note that pos_label (set to 'Yes') is ignored when average != 'binary' (got 'weighted'). You may use labels=[pos_label] to specify a single positive class.
  warnings.warn(

2025-12-06 13:09:16,005:WARNING:C:\Users\dell\anaconda3\envs\churn_env\lib\site-packages\sklearn\metrics\_classification.py:1344: UndefinedMetricWarning: Precision is ill-defined and being set to 0.0 in labels with no predicted samples. Use `zero_division` parameter to control this behavior.
  _warn_prf(average, modifier, msg_start, len(result))

2025-12-06 13:09:16,012:WARNING:C:\Users\dell\anaconda3\envs\churn_env\lib\site-packages\sklearn\metrics\_classification.py:1396: UserWarning: Note that pos_label (set to 'Yes') is ignored when average != 'binary' (got 'weighted'). You may use labels=[pos_label] to specify a single positive class.
  warnings.warn(

2025-12-06 13:09:16,034:INFO:Calculating mean and std
2025-12-06 13:09:16,035:INFO:Creating metrics dataframe
2025-12-06 13:09:16,035:INFO:Uploading results into container
2025-12-06 13:09:16,035:INFO:Uploading model into container now
2025-12-06 13:09:16,035:INFO:_master_model_container: 8
2025-12-06 13:09:16,035:INFO:_display_container: 2
2025-12-06 13:09:16,035:INFO:QuadraticDiscriminantAnalysis(priors=None, reg_param=0.0,
                              store_covariance=False, tol=0.0001)
2025-12-06 13:09:16,035:INFO:create_model() successfully completed......................................
2025-12-06 13:09:16,167:INFO:SubProcess create_model() end ==================================
2025-12-06 13:09:16,167:INFO:Creating metrics dataframe
2025-12-06 13:09:16,175:INFO:Initializing Ada Boost Classifier
2025-12-06 13:09:16,175:INFO:Total runtime is 0.4558799664179485 minutes
2025-12-06 13:09:16,175:INFO:SubProcess create_model() called ==================================
2025-12-06 13:09:16,175:INFO:Initializing create_model()
2025-12-06 13:09:16,175:INFO:create_model(self=<pycaret.classification.oop.ClassificationExperiment object at 0x0000029114C86850>, estimator=ada, fold=StratifiedKFold(n_splits=10, random_state=None, shuffle=False), round=4, cross_validation=True, predict=True, fit_kwargs={}, groups=None, refit=False, probability_threshold=None, experiment_custom_tags=None, verbose=False, system=False, add_to_model_list=True, metrics=None, display=<pycaret.internal.display.display.CommonDisplay object at 0x000002913CB58910>, model_only=True, return_train_score=False, error_score=0.0, kwargs={})
2025-12-06 13:09:16,175:INFO:Checking exceptions
2025-12-06 13:09:16,175:INFO:Importing libraries
2025-12-06 13:09:16,175:INFO:Copying training dataset
2025-12-06 13:09:16,200:INFO:Defining folds
2025-12-06 13:09:16,200:INFO:Declaring metric variables
2025-12-06 13:09:16,200:INFO:Importing untrained model
2025-12-06 13:09:16,200:INFO:Ada Boost Classifier Imported successfully
2025-12-06 13:09:16,200:INFO:Starting cross validation
2025-12-06 13:09:16,207:INFO:Cross validating with StratifiedKFold(n_splits=10, random_state=None, shuffle=False), n_jobs=-1
2025-12-06 13:09:17,406:WARNING:C:\Users\dell\anaconda3\envs\churn_env\lib\site-packages\sklearn\metrics\_classification.py:1396: UserWarning: Note that pos_label (set to 'Yes') is ignored when average != 'binary' (got 'weighted'). You may use labels=[pos_label] to specify a single positive class.
  warnings.warn(

2025-12-06 13:09:17,416:WARNING:C:\Users\dell\anaconda3\envs\churn_env\lib\site-packages\sklearn\metrics\_classification.py:1396: UserWarning: Note that pos_label (set to 'Yes') is ignored when average != 'binary' (got 'weighted'). You may use labels=[pos_label] to specify a single positive class.
  warnings.warn(

2025-12-06 13:09:17,426:WARNING:C:\Users\dell\anaconda3\envs\churn_env\lib\site-packages\sklearn\metrics\_classification.py:1344: UndefinedMetricWarning: Precision is ill-defined and being set to 0.0 in labels with no predicted samples. Use `zero_division` parameter to control this behavior.
  _warn_prf(average, modifier, msg_start, len(result))

2025-12-06 13:09:17,432:WARNING:C:\Users\dell\anaconda3\envs\churn_env\lib\site-packages\sklearn\metrics\_classification.py:1396: UserWarning: Note that pos_label (set to 'Yes') is ignored when average != 'binary' (got 'weighted'). You may use labels=[pos_label] to specify a single positive class.
  warnings.warn(

2025-12-06 13:09:17,461:WARNING:C:\Users\dell\anaconda3\envs\churn_env\lib\site-packages\sklearn\metrics\_classification.py:1396: UserWarning: Note that pos_label (set to 'Yes') is ignored when average != 'binary' (got 'weighted'). You may use labels=[pos_label] to specify a single positive class.
  warnings.warn(

2025-12-06 13:09:17,475:WARNING:C:\Users\dell\anaconda3\envs\churn_env\lib\site-packages\sklearn\metrics\_classification.py:1396: UserWarning: Note that pos_label (set to 'Yes') is ignored when average != 'binary' (got 'weighted'). You may use labels=[pos_label] to specify a single positive class.
  warnings.warn(

2025-12-06 13:09:17,479:WARNING:C:\Users\dell\anaconda3\envs\churn_env\lib\site-packages\sklearn\metrics\_classification.py:1396: UserWarning: Note that pos_label (set to 'Yes') is ignored when average != 'binary' (got 'weighted'). You may use labels=[pos_label] to specify a single positive class.
  warnings.warn(

2025-12-06 13:09:17,483:WARNING:C:\Users\dell\anaconda3\envs\churn_env\lib\site-packages\sklearn\metrics\_classification.py:1396: UserWarning: Note that pos_label (set to 'Yes') is ignored when average != 'binary' (got 'weighted'). You may use labels=[pos_label] to specify a single positive class.
  warnings.warn(

2025-12-06 13:09:17,485:WARNING:C:\Users\dell\anaconda3\envs\churn_env\lib\site-packages\sklearn\metrics\_classification.py:1344: UndefinedMetricWarning: Precision is ill-defined and being set to 0.0 in labels with no predicted samples. Use `zero_division` parameter to control this behavior.
  _warn_prf(average, modifier, msg_start, len(result))

2025-12-06 13:09:17,491:WARNING:C:\Users\dell\anaconda3\envs\churn_env\lib\site-packages\sklearn\metrics\_classification.py:1396: UserWarning: Note that pos_label (set to 'Yes') is ignored when average != 'binary' (got 'weighted'). You may use labels=[pos_label] to specify a single positive class.
  warnings.warn(

2025-12-06 13:09:17,493:WARNING:C:\Users\dell\anaconda3\envs\churn_env\lib\site-packages\sklearn\metrics\_classification.py:1396: UserWarning: Note that pos_label (set to 'Yes') is ignored when average != 'binary' (got 'weighted'). You may use labels=[pos_label] to specify a single positive class.
  warnings.warn(

2025-12-06 13:09:17,503:WARNING:C:\Users\dell\anaconda3\envs\churn_env\lib\site-packages\sklearn\metrics\_classification.py:1396: UserWarning: Note that pos_label (set to 'Yes') is ignored when average != 'binary' (got 'weighted'). You may use labels=[pos_label] to specify a single positive class.
  warnings.warn(

2025-12-06 13:09:17,504:WARNING:C:\Users\dell\anaconda3\envs\churn_env\lib\site-packages\sklearn\metrics\_classification.py:1344: UndefinedMetricWarning: Precision is ill-defined and being set to 0.0 in labels with no predicted samples. Use `zero_division` parameter to control this behavior.
  _warn_prf(average, modifier, msg_start, len(result))

2025-12-06 13:09:17,508:WARNING:C:\Users\dell\anaconda3\envs\churn_env\lib\site-packages\sklearn\metrics\_classification.py:1396: UserWarning: Note that pos_label (set to 'Yes') is ignored when average != 'binary' (got 'weighted'). You may use labels=[pos_label] to specify a single positive class.
  warnings.warn(

2025-12-06 13:09:17,510:WARNING:C:\Users\dell\anaconda3\envs\churn_env\lib\site-packages\sklearn\metrics\_classification.py:1344: UndefinedMetricWarning: Precision is ill-defined and being set to 0.0 in labels with no predicted samples. Use `zero_division` parameter to control this behavior.
  _warn_prf(average, modifier, msg_start, len(result))

2025-12-06 13:09:17,514:WARNING:C:\Users\dell\anaconda3\envs\churn_env\lib\site-packages\sklearn\metrics\_classification.py:1396: UserWarning: Note that pos_label (set to 'Yes') is ignored when average != 'binary' (got 'weighted'). You may use labels=[pos_label] to specify a single positive class.
  warnings.warn(

2025-12-06 13:09:17,516:WARNING:C:\Users\dell\anaconda3\envs\churn_env\lib\site-packages\sklearn\metrics\_classification.py:1396: UserWarning: Note that pos_label (set to 'Yes') is ignored when average != 'binary' (got 'weighted'). You may use labels=[pos_label] to specify a single positive class.
  warnings.warn(

2025-12-06 13:09:17,527:WARNING:C:\Users\dell\anaconda3\envs\churn_env\lib\site-packages\sklearn\metrics\_classification.py:1396: UserWarning: Note that pos_label (set to 'Yes') is ignored when average != 'binary' (got 'weighted'). You may use labels=[pos_label] to specify a single positive class.
  warnings.warn(

2025-12-06 13:09:17,533:WARNING:C:\Users\dell\anaconda3\envs\churn_env\lib\site-packages\sklearn\metrics\_classification.py:1396: UserWarning: Note that pos_label (set to 'Yes') is ignored when average != 'binary' (got 'weighted'). You may use labels=[pos_label] to specify a single positive class.
  warnings.warn(

2025-12-06 13:09:17,535:WARNING:C:\Users\dell\anaconda3\envs\churn_env\lib\site-packages\sklearn\metrics\_classification.py:1396: UserWarning: Note that pos_label (set to 'Yes') is ignored when average != 'binary' (got 'weighted'). You may use labels=[pos_label] to specify a single positive class.
  warnings.warn(

2025-12-06 13:09:17,537:WARNING:C:\Users\dell\anaconda3\envs\churn_env\lib\site-packages\sklearn\metrics\_classification.py:1396: UserWarning: Note that pos_label (set to 'Yes') is ignored when average != 'binary' (got 'weighted'). You may use labels=[pos_label] to specify a single positive class.
  warnings.warn(

2025-12-06 13:09:17,543:WARNING:C:\Users\dell\anaconda3\envs\churn_env\lib\site-packages\sklearn\metrics\_classification.py:1344: UndefinedMetricWarning: Precision is ill-defined and being set to 0.0 in labels with no predicted samples. Use `zero_division` parameter to control this behavior.
  _warn_prf(average, modifier, msg_start, len(result))

2025-12-06 13:09:17,547:WARNING:C:\Users\dell\anaconda3\envs\churn_env\lib\site-packages\sklearn\metrics\_classification.py:1344: UndefinedMetricWarning: Precision is ill-defined and being set to 0.0 in labels with no predicted samples. Use `zero_division` parameter to control this behavior.
  _warn_prf(average, modifier, msg_start, len(result))

2025-12-06 13:09:17,549:WARNING:C:\Users\dell\anaconda3\envs\churn_env\lib\site-packages\sklearn\metrics\_classification.py:1396: UserWarning: Note that pos_label (set to 'Yes') is ignored when average != 'binary' (got 'weighted'). You may use labels=[pos_label] to specify a single positive class.
  warnings.warn(

2025-12-06 13:09:17,552:WARNING:C:\Users\dell\anaconda3\envs\churn_env\lib\site-packages\sklearn\metrics\_classification.py:1396: UserWarning: Note that pos_label (set to 'Yes') is ignored when average != 'binary' (got 'weighted'). You may use labels=[pos_label] to specify a single positive class.
  warnings.warn(

2025-12-06 13:09:17,552:WARNING:C:\Users\dell\anaconda3\envs\churn_env\lib\site-packages\sklearn\metrics\_classification.py:1396: UserWarning: Note that pos_label (set to 'Yes') is ignored when average != 'binary' (got 'weighted'). You may use labels=[pos_label] to specify a single positive class.
  warnings.warn(

2025-12-06 13:09:17,558:WARNING:C:\Users\dell\anaconda3\envs\churn_env\lib\site-packages\sklearn\metrics\_classification.py:1396: UserWarning: Note that pos_label (set to 'Yes') is ignored when average != 'binary' (got 'weighted'). You may use labels=[pos_label] to specify a single positive class.
  warnings.warn(

2025-12-06 13:09:17,558:WARNING:C:\Users\dell\anaconda3\envs\churn_env\lib\site-packages\sklearn\metrics\_classification.py:1344: UndefinedMetricWarning: Precision is ill-defined and being set to 0.0 in labels with no predicted samples. Use `zero_division` parameter to control this behavior.
  _warn_prf(average, modifier, msg_start, len(result))

2025-12-06 13:09:17,564:WARNING:C:\Users\dell\anaconda3\envs\churn_env\lib\site-packages\sklearn\metrics\_classification.py:1396: UserWarning: Note that pos_label (set to 'Yes') is ignored when average != 'binary' (got 'weighted'). You may use labels=[pos_label] to specify a single positive class.
  warnings.warn(

2025-12-06 13:09:17,567:WARNING:C:\Users\dell\anaconda3\envs\churn_env\lib\site-packages\sklearn\metrics\_classification.py:1396: UserWarning: Note that pos_label (set to 'Yes') is ignored when average != 'binary' (got 'weighted'). You may use labels=[pos_label] to specify a single positive class.
  warnings.warn(

2025-12-06 13:09:17,573:WARNING:C:\Users\dell\anaconda3\envs\churn_env\lib\site-packages\sklearn\metrics\_classification.py:1344: UndefinedMetricWarning: Precision is ill-defined and being set to 0.0 in labels with no predicted samples. Use `zero_division` parameter to control this behavior.
  _warn_prf(average, modifier, msg_start, len(result))

2025-12-06 13:09:17,579:WARNING:C:\Users\dell\anaconda3\envs\churn_env\lib\site-packages\sklearn\metrics\_classification.py:1396: UserWarning: Note that pos_label (set to 'Yes') is ignored when average != 'binary' (got 'weighted'). You may use labels=[pos_label] to specify a single positive class.
  warnings.warn(

2025-12-06 13:09:18,546:WARNING:C:\Users\dell\anaconda3\envs\churn_env\lib\site-packages\sklearn\metrics\_classification.py:1396: UserWarning: Note that pos_label (set to 'Yes') is ignored when average != 'binary' (got 'weighted'). You may use labels=[pos_label] to specify a single positive class.
  warnings.warn(

2025-12-06 13:09:18,560:WARNING:C:\Users\dell\anaconda3\envs\churn_env\lib\site-packages\sklearn\metrics\_classification.py:1396: UserWarning: Note that pos_label (set to 'Yes') is ignored when average != 'binary' (got 'weighted'). You may use labels=[pos_label] to specify a single positive class.
  warnings.warn(

2025-12-06 13:09:18,566:WARNING:C:\Users\dell\anaconda3\envs\churn_env\lib\site-packages\sklearn\metrics\_classification.py:1344: UndefinedMetricWarning: Precision is ill-defined and being set to 0.0 in labels with no predicted samples. Use `zero_division` parameter to control this behavior.
  _warn_prf(average, modifier, msg_start, len(result))

2025-12-06 13:09:18,571:WARNING:C:\Users\dell\anaconda3\envs\churn_env\lib\site-packages\sklearn\metrics\_classification.py:1396: UserWarning: Note that pos_label (set to 'Yes') is ignored when average != 'binary' (got 'weighted'). You may use labels=[pos_label] to specify a single positive class.
  warnings.warn(

2025-12-06 13:09:18,581:WARNING:C:\Users\dell\anaconda3\envs\churn_env\lib\site-packages\sklearn\metrics\_classification.py:1396: UserWarning: Note that pos_label (set to 'Yes') is ignored when average != 'binary' (got 'weighted'). You may use labels=[pos_label] to specify a single positive class.
  warnings.warn(

2025-12-06 13:09:18,582:WARNING:C:\Users\dell\anaconda3\envs\churn_env\lib\site-packages\sklearn\metrics\_classification.py:1396: UserWarning: Note that pos_label (set to 'Yes') is ignored when average != 'binary' (got 'weighted'). You may use labels=[pos_label] to specify a single positive class.
  warnings.warn(

2025-12-06 13:09:18,582:WARNING:C:\Users\dell\anaconda3\envs\churn_env\lib\site-packages\sklearn\metrics\_classification.py:1344: UndefinedMetricWarning: Precision is ill-defined and being set to 0.0 in labels with no predicted samples. Use `zero_division` parameter to control this behavior.
  _warn_prf(average, modifier, msg_start, len(result))

2025-12-06 13:09:18,598:WARNING:C:\Users\dell\anaconda3\envs\churn_env\lib\site-packages\sklearn\metrics\_classification.py:1396: UserWarning: Note that pos_label (set to 'Yes') is ignored when average != 'binary' (got 'weighted'). You may use labels=[pos_label] to specify a single positive class.
  warnings.warn(

2025-12-06 13:09:18,616:INFO:Calculating mean and std
2025-12-06 13:09:18,616:INFO:Creating metrics dataframe
2025-12-06 13:09:18,616:INFO:Uploading results into container
2025-12-06 13:09:18,616:INFO:Uploading model into container now
2025-12-06 13:09:18,616:INFO:_master_model_container: 9
2025-12-06 13:09:18,616:INFO:_display_container: 2
2025-12-06 13:09:18,616:INFO:AdaBoostClassifier(algorithm='SAMME.R', base_estimator='deprecated',
                   estimator=None, learning_rate=1.0, n_estimators=50,
                   random_state=123)
2025-12-06 13:09:18,616:INFO:create_model() successfully completed......................................
2025-12-06 13:09:18,751:INFO:SubProcess create_model() end ==================================
2025-12-06 13:09:18,751:INFO:Creating metrics dataframe
2025-12-06 13:09:18,767:INFO:Initializing Gradient Boosting Classifier
2025-12-06 13:09:18,767:INFO:Total runtime is 0.49908257325490324 minutes
2025-12-06 13:09:18,767:INFO:SubProcess create_model() called ==================================
2025-12-06 13:09:18,767:INFO:Initializing create_model()
2025-12-06 13:09:18,767:INFO:create_model(self=<pycaret.classification.oop.ClassificationExperiment object at 0x0000029114C86850>, estimator=gbc, fold=StratifiedKFold(n_splits=10, random_state=None, shuffle=False), round=4, cross_validation=True, predict=True, fit_kwargs={}, groups=None, refit=False, probability_threshold=None, experiment_custom_tags=None, verbose=False, system=False, add_to_model_list=True, metrics=None, display=<pycaret.internal.display.display.CommonDisplay object at 0x000002913CB58910>, model_only=True, return_train_score=False, error_score=0.0, kwargs={})
2025-12-06 13:09:18,767:INFO:Checking exceptions
2025-12-06 13:09:18,767:INFO:Importing libraries
2025-12-06 13:09:18,767:INFO:Copying training dataset
2025-12-06 13:09:18,783:INFO:Defining folds
2025-12-06 13:09:18,783:INFO:Declaring metric variables
2025-12-06 13:09:18,783:INFO:Importing untrained model
2025-12-06 13:09:18,783:INFO:Gradient Boosting Classifier Imported successfully
2025-12-06 13:09:18,783:INFO:Starting cross validation
2025-12-06 13:09:18,783:INFO:Cross validating with StratifiedKFold(n_splits=10, random_state=None, shuffle=False), n_jobs=-1
2025-12-06 13:09:21,292:WARNING:C:\Users\dell\anaconda3\envs\churn_env\lib\site-packages\sklearn\metrics\_classification.py:1396: UserWarning: Note that pos_label (set to 'Yes') is ignored when average != 'binary' (got 'weighted'). You may use labels=[pos_label] to specify a single positive class.
  warnings.warn(

2025-12-06 13:09:21,306:WARNING:C:\Users\dell\anaconda3\envs\churn_env\lib\site-packages\sklearn\metrics\_classification.py:1396: UserWarning: Note that pos_label (set to 'Yes') is ignored when average != 'binary' (got 'weighted'). You may use labels=[pos_label] to specify a single positive class.
  warnings.warn(

2025-12-06 13:09:21,313:WARNING:C:\Users\dell\anaconda3\envs\churn_env\lib\site-packages\sklearn\metrics\_classification.py:1344: UndefinedMetricWarning: Precision is ill-defined and being set to 0.0 in labels with no predicted samples. Use `zero_division` parameter to control this behavior.
  _warn_prf(average, modifier, msg_start, len(result))

2025-12-06 13:09:21,319:WARNING:C:\Users\dell\anaconda3\envs\churn_env\lib\site-packages\sklearn\metrics\_classification.py:1396: UserWarning: Note that pos_label (set to 'Yes') is ignored when average != 'binary' (got 'weighted'). You may use labels=[pos_label] to specify a single positive class.
  warnings.warn(

2025-12-06 13:09:21,348:WARNING:C:\Users\dell\anaconda3\envs\churn_env\lib\site-packages\sklearn\metrics\_classification.py:1396: UserWarning: Note that pos_label (set to 'Yes') is ignored when average != 'binary' (got 'weighted'). You may use labels=[pos_label] to specify a single positive class.
  warnings.warn(

2025-12-06 13:09:21,364:WARNING:C:\Users\dell\anaconda3\envs\churn_env\lib\site-packages\sklearn\metrics\_classification.py:1396: UserWarning: Note that pos_label (set to 'Yes') is ignored when average != 'binary' (got 'weighted'). You may use labels=[pos_label] to specify a single positive class.
  warnings.warn(

2025-12-06 13:09:21,375:WARNING:C:\Users\dell\anaconda3\envs\churn_env\lib\site-packages\sklearn\metrics\_classification.py:1344: UndefinedMetricWarning: Precision is ill-defined and being set to 0.0 in labels with no predicted samples. Use `zero_division` parameter to control this behavior.
  _warn_prf(average, modifier, msg_start, len(result))

2025-12-06 13:09:21,381:WARNING:C:\Users\dell\anaconda3\envs\churn_env\lib\site-packages\sklearn\metrics\_classification.py:1396: UserWarning: Note that pos_label (set to 'Yes') is ignored when average != 'binary' (got 'weighted'). You may use labels=[pos_label] to specify a single positive class.
  warnings.warn(

2025-12-06 13:09:21,394:WARNING:C:\Users\dell\anaconda3\envs\churn_env\lib\site-packages\sklearn\metrics\_classification.py:1396: UserWarning: Note that pos_label (set to 'Yes') is ignored when average != 'binary' (got 'weighted'). You may use labels=[pos_label] to specify a single positive class.
  warnings.warn(

2025-12-06 13:09:21,397:WARNING:C:\Users\dell\anaconda3\envs\churn_env\lib\site-packages\sklearn\metrics\_classification.py:1396: UserWarning: Note that pos_label (set to 'Yes') is ignored when average != 'binary' (got 'weighted'). You may use labels=[pos_label] to specify a single positive class.
  warnings.warn(

2025-12-06 13:09:21,410:WARNING:C:\Users\dell\anaconda3\envs\churn_env\lib\site-packages\sklearn\metrics\_classification.py:1396: UserWarning: Note that pos_label (set to 'Yes') is ignored when average != 'binary' (got 'weighted'). You may use labels=[pos_label] to specify a single positive class.
  warnings.warn(

2025-12-06 13:09:21,410:WARNING:C:\Users\dell\anaconda3\envs\churn_env\lib\site-packages\sklearn\metrics\_classification.py:1396: UserWarning: Note that pos_label (set to 'Yes') is ignored when average != 'binary' (got 'weighted'). You may use labels=[pos_label] to specify a single positive class.
  warnings.warn(

2025-12-06 13:09:21,412:WARNING:C:\Users\dell\anaconda3\envs\churn_env\lib\site-packages\sklearn\metrics\_classification.py:1396: UserWarning: Note that pos_label (set to 'Yes') is ignored when average != 'binary' (got 'weighted'). You may use labels=[pos_label] to specify a single positive class.
  warnings.warn(

2025-12-06 13:09:21,418:WARNING:C:\Users\dell\anaconda3\envs\churn_env\lib\site-packages\sklearn\metrics\_classification.py:1344: UndefinedMetricWarning: Precision is ill-defined and being set to 0.0 in labels with no predicted samples. Use `zero_division` parameter to control this behavior.
  _warn_prf(average, modifier, msg_start, len(result))

2025-12-06 13:09:21,420:WARNING:C:\Users\dell\anaconda3\envs\churn_env\lib\site-packages\sklearn\metrics\_classification.py:1344: UndefinedMetricWarning: Precision is ill-defined and being set to 0.0 in labels with no predicted samples. Use `zero_division` parameter to control this behavior.
  _warn_prf(average, modifier, msg_start, len(result))

2025-12-06 13:09:21,424:WARNING:C:\Users\dell\anaconda3\envs\churn_env\lib\site-packages\sklearn\metrics\_classification.py:1396: UserWarning: Note that pos_label (set to 'Yes') is ignored when average != 'binary' (got 'weighted'). You may use labels=[pos_label] to specify a single positive class.
  warnings.warn(

2025-12-06 13:09:21,427:WARNING:C:\Users\dell\anaconda3\envs\churn_env\lib\site-packages\sklearn\metrics\_classification.py:1396: UserWarning: Note that pos_label (set to 'Yes') is ignored when average != 'binary' (got 'weighted'). You may use labels=[pos_label] to specify a single positive class.
  warnings.warn(

2025-12-06 13:09:21,430:WARNING:C:\Users\dell\anaconda3\envs\churn_env\lib\site-packages\sklearn\metrics\_classification.py:1396: UserWarning: Note that pos_label (set to 'Yes') is ignored when average != 'binary' (got 'weighted'). You may use labels=[pos_label] to specify a single positive class.
  warnings.warn(

2025-12-06 13:09:21,439:WARNING:C:\Users\dell\anaconda3\envs\churn_env\lib\site-packages\sklearn\metrics\_classification.py:1344: UndefinedMetricWarning: Precision is ill-defined and being set to 0.0 in labels with no predicted samples. Use `zero_division` parameter to control this behavior.
  _warn_prf(average, modifier, msg_start, len(result))

2025-12-06 13:09:21,447:WARNING:C:\Users\dell\anaconda3\envs\churn_env\lib\site-packages\sklearn\metrics\_classification.py:1396: UserWarning: Note that pos_label (set to 'Yes') is ignored when average != 'binary' (got 'weighted'). You may use labels=[pos_label] to specify a single positive class.
  warnings.warn(

2025-12-06 13:09:21,459:WARNING:C:\Users\dell\anaconda3\envs\churn_env\lib\site-packages\sklearn\metrics\_classification.py:1396: UserWarning: Note that pos_label (set to 'Yes') is ignored when average != 'binary' (got 'weighted'). You may use labels=[pos_label] to specify a single positive class.
  warnings.warn(

2025-12-06 13:09:21,472:WARNING:C:\Users\dell\anaconda3\envs\churn_env\lib\site-packages\sklearn\metrics\_classification.py:1396: UserWarning: Note that pos_label (set to 'Yes') is ignored when average != 'binary' (got 'weighted'). You may use labels=[pos_label] to specify a single positive class.
  warnings.warn(

2025-12-06 13:09:21,481:WARNING:C:\Users\dell\anaconda3\envs\churn_env\lib\site-packages\sklearn\metrics\_classification.py:1344: UndefinedMetricWarning: Precision is ill-defined and being set to 0.0 in labels with no predicted samples. Use `zero_division` parameter to control this behavior.
  _warn_prf(average, modifier, msg_start, len(result))

2025-12-06 13:09:21,483:WARNING:C:\Users\dell\anaconda3\envs\churn_env\lib\site-packages\sklearn\metrics\_classification.py:1396: UserWarning: Note that pos_label (set to 'Yes') is ignored when average != 'binary' (got 'weighted'). You may use labels=[pos_label] to specify a single positive class.
  warnings.warn(

2025-12-06 13:09:21,490:WARNING:C:\Users\dell\anaconda3\envs\churn_env\lib\site-packages\sklearn\metrics\_classification.py:1396: UserWarning: Note that pos_label (set to 'Yes') is ignored when average != 'binary' (got 'weighted'). You may use labels=[pos_label] to specify a single positive class.
  warnings.warn(

2025-12-06 13:09:21,496:WARNING:C:\Users\dell\anaconda3\envs\churn_env\lib\site-packages\sklearn\metrics\_classification.py:1396: UserWarning: Note that pos_label (set to 'Yes') is ignored when average != 'binary' (got 'weighted'). You may use labels=[pos_label] to specify a single positive class.
  warnings.warn(

2025-12-06 13:09:21,504:WARNING:C:\Users\dell\anaconda3\envs\churn_env\lib\site-packages\sklearn\metrics\_classification.py:1344: UndefinedMetricWarning: Precision is ill-defined and being set to 0.0 in labels with no predicted samples. Use `zero_division` parameter to control this behavior.
  _warn_prf(average, modifier, msg_start, len(result))

2025-12-06 13:09:21,508:WARNING:C:\Users\dell\anaconda3\envs\churn_env\lib\site-packages\sklearn\metrics\_classification.py:1396: UserWarning: Note that pos_label (set to 'Yes') is ignored when average != 'binary' (got 'weighted'). You may use labels=[pos_label] to specify a single positive class.
  warnings.warn(

2025-12-06 13:09:21,513:WARNING:C:\Users\dell\anaconda3\envs\churn_env\lib\site-packages\sklearn\metrics\_classification.py:1396: UserWarning: Note that pos_label (set to 'Yes') is ignored when average != 'binary' (got 'weighted'). You may use labels=[pos_label] to specify a single positive class.
  warnings.warn(

2025-12-06 13:09:21,528:WARNING:C:\Users\dell\anaconda3\envs\churn_env\lib\site-packages\sklearn\metrics\_classification.py:1396: UserWarning: Note that pos_label (set to 'Yes') is ignored when average != 'binary' (got 'weighted'). You may use labels=[pos_label] to specify a single positive class.
  warnings.warn(

2025-12-06 13:09:21,535:WARNING:C:\Users\dell\anaconda3\envs\churn_env\lib\site-packages\sklearn\metrics\_classification.py:1344: UndefinedMetricWarning: Precision is ill-defined and being set to 0.0 in labels with no predicted samples. Use `zero_division` parameter to control this behavior.
  _warn_prf(average, modifier, msg_start, len(result))

2025-12-06 13:09:21,540:WARNING:C:\Users\dell\anaconda3\envs\churn_env\lib\site-packages\sklearn\metrics\_classification.py:1396: UserWarning: Note that pos_label (set to 'Yes') is ignored when average != 'binary' (got 'weighted'). You may use labels=[pos_label] to specify a single positive class.
  warnings.warn(

2025-12-06 13:09:22,956:WARNING:C:\Users\dell\anaconda3\envs\churn_env\lib\site-packages\sklearn\metrics\_classification.py:1396: UserWarning: Note that pos_label (set to 'Yes') is ignored when average != 'binary' (got 'weighted'). You may use labels=[pos_label] to specify a single positive class.
  warnings.warn(

2025-12-06 13:09:22,966:WARNING:C:\Users\dell\anaconda3\envs\churn_env\lib\site-packages\sklearn\metrics\_classification.py:1396: UserWarning: Note that pos_label (set to 'Yes') is ignored when average != 'binary' (got 'weighted'). You may use labels=[pos_label] to specify a single positive class.
  warnings.warn(

2025-12-06 13:09:22,969:WARNING:C:\Users\dell\anaconda3\envs\churn_env\lib\site-packages\sklearn\metrics\_classification.py:1344: UndefinedMetricWarning: Precision is ill-defined and being set to 0.0 in labels with no predicted samples. Use `zero_division` parameter to control this behavior.
  _warn_prf(average, modifier, msg_start, len(result))

2025-12-06 13:09:22,974:WARNING:C:\Users\dell\anaconda3\envs\churn_env\lib\site-packages\sklearn\metrics\_classification.py:1396: UserWarning: Note that pos_label (set to 'Yes') is ignored when average != 'binary' (got 'weighted'). You may use labels=[pos_label] to specify a single positive class.
  warnings.warn(

2025-12-06 13:09:22,985:WARNING:C:\Users\dell\anaconda3\envs\churn_env\lib\site-packages\sklearn\metrics\_classification.py:1396: UserWarning: Note that pos_label (set to 'Yes') is ignored when average != 'binary' (got 'weighted'). You may use labels=[pos_label] to specify a single positive class.
  warnings.warn(

2025-12-06 13:09:22,992:WARNING:C:\Users\dell\anaconda3\envs\churn_env\lib\site-packages\sklearn\metrics\_classification.py:1396: UserWarning: Note that pos_label (set to 'Yes') is ignored when average != 'binary' (got 'weighted'). You may use labels=[pos_label] to specify a single positive class.
  warnings.warn(

2025-12-06 13:09:22,995:WARNING:C:\Users\dell\anaconda3\envs\churn_env\lib\site-packages\sklearn\metrics\_classification.py:1344: UndefinedMetricWarning: Precision is ill-defined and being set to 0.0 in labels with no predicted samples. Use `zero_division` parameter to control this behavior.
  _warn_prf(average, modifier, msg_start, len(result))

2025-12-06 13:09:22,998:WARNING:C:\Users\dell\anaconda3\envs\churn_env\lib\site-packages\sklearn\metrics\_classification.py:1396: UserWarning: Note that pos_label (set to 'Yes') is ignored when average != 'binary' (got 'weighted'). You may use labels=[pos_label] to specify a single positive class.
  warnings.warn(

2025-12-06 13:09:23,009:INFO:Calculating mean and std
2025-12-06 13:09:23,010:INFO:Creating metrics dataframe
2025-12-06 13:09:23,016:INFO:Uploading results into container
2025-12-06 13:09:23,017:INFO:Uploading model into container now
2025-12-06 13:09:23,017:INFO:_master_model_container: 10
2025-12-06 13:09:23,017:INFO:_display_container: 2
2025-12-06 13:09:23,018:INFO:GradientBoostingClassifier(ccp_alpha=0.0, criterion='friedman_mse', init=None,
                           learning_rate=0.1, loss='log_loss', max_depth=3,
                           max_features=None, max_leaf_nodes=None,
                           min_impurity_decrease=0.0, min_samples_leaf=1,
                           min_samples_split=2, min_weight_fraction_leaf=0.0,
                           n_estimators=100, n_iter_no_change=None,
                           random_state=123, subsample=1.0, tol=0.0001,
                           validation_fraction=0.1, verbose=0,
                           warm_start=False)
2025-12-06 13:09:23,019:INFO:create_model() successfully completed......................................
2025-12-06 13:09:23,116:INFO:SubProcess create_model() end ==================================
2025-12-06 13:09:23,116:INFO:Creating metrics dataframe
2025-12-06 13:09:23,123:INFO:Initializing Linear Discriminant Analysis
2025-12-06 13:09:23,123:INFO:Total runtime is 0.5716745734214783 minutes
2025-12-06 13:09:23,123:INFO:SubProcess create_model() called ==================================
2025-12-06 13:09:23,124:INFO:Initializing create_model()
2025-12-06 13:09:23,124:INFO:create_model(self=<pycaret.classification.oop.ClassificationExperiment object at 0x0000029114C86850>, estimator=lda, fold=StratifiedKFold(n_splits=10, random_state=None, shuffle=False), round=4, cross_validation=True, predict=True, fit_kwargs={}, groups=None, refit=False, probability_threshold=None, experiment_custom_tags=None, verbose=False, system=False, add_to_model_list=True, metrics=None, display=<pycaret.internal.display.display.CommonDisplay object at 0x000002913CB58910>, model_only=True, return_train_score=False, error_score=0.0, kwargs={})
2025-12-06 13:09:23,124:INFO:Checking exceptions
2025-12-06 13:09:23,124:INFO:Importing libraries
2025-12-06 13:09:23,124:INFO:Copying training dataset
2025-12-06 13:09:23,132:INFO:Defining folds
2025-12-06 13:09:23,132:INFO:Declaring metric variables
2025-12-06 13:09:23,132:INFO:Importing untrained model
2025-12-06 13:09:23,133:INFO:Linear Discriminant Analysis Imported successfully
2025-12-06 13:09:23,133:INFO:Starting cross validation
2025-12-06 13:09:23,138:INFO:Cross validating with StratifiedKFold(n_splits=10, random_state=None, shuffle=False), n_jobs=-1
2025-12-06 13:09:25,332:WARNING:C:\Users\dell\anaconda3\envs\churn_env\lib\site-packages\sklearn\metrics\_classification.py:1396: UserWarning: Note that pos_label (set to 'Yes') is ignored when average != 'binary' (got 'weighted'). You may use labels=[pos_label] to specify a single positive class.
  warnings.warn(

2025-12-06 13:09:25,336:WARNING:C:\Users\dell\anaconda3\envs\churn_env\lib\site-packages\sklearn\metrics\_classification.py:1396: UserWarning: Note that pos_label (set to 'Yes') is ignored when average != 'binary' (got 'weighted'). You may use labels=[pos_label] to specify a single positive class.
  warnings.warn(

2025-12-06 13:09:25,337:WARNING:C:\Users\dell\anaconda3\envs\churn_env\lib\site-packages\sklearn\metrics\_classification.py:1396: UserWarning: Note that pos_label (set to 'Yes') is ignored when average != 'binary' (got 'weighted'). You may use labels=[pos_label] to specify a single positive class.
  warnings.warn(

2025-12-06 13:09:25,340:WARNING:C:\Users\dell\anaconda3\envs\churn_env\lib\site-packages\sklearn\metrics\_classification.py:1396: UserWarning: Note that pos_label (set to 'Yes') is ignored when average != 'binary' (got 'weighted'). You may use labels=[pos_label] to specify a single positive class.
  warnings.warn(

2025-12-06 13:09:25,343:WARNING:C:\Users\dell\anaconda3\envs\churn_env\lib\site-packages\sklearn\metrics\_classification.py:1396: UserWarning: Note that pos_label (set to 'Yes') is ignored when average != 'binary' (got 'weighted'). You may use labels=[pos_label] to specify a single positive class.
  warnings.warn(

2025-12-06 13:09:25,348:WARNING:C:\Users\dell\anaconda3\envs\churn_env\lib\site-packages\sklearn\metrics\_classification.py:1396: UserWarning: Note that pos_label (set to 'Yes') is ignored when average != 'binary' (got 'weighted'). You may use labels=[pos_label] to specify a single positive class.
  warnings.warn(

2025-12-06 13:09:25,352:WARNING:C:\Users\dell\anaconda3\envs\churn_env\lib\site-packages\sklearn\metrics\_classification.py:1344: UndefinedMetricWarning: Precision is ill-defined and being set to 0.0 in labels with no predicted samples. Use `zero_division` parameter to control this behavior.
  _warn_prf(average, modifier, msg_start, len(result))

2025-12-06 13:09:25,354:WARNING:C:\Users\dell\anaconda3\envs\churn_env\lib\site-packages\sklearn\metrics\_classification.py:1396: UserWarning: Note that pos_label (set to 'Yes') is ignored when average != 'binary' (got 'weighted'). You may use labels=[pos_label] to specify a single positive class.
  warnings.warn(

2025-12-06 13:09:25,354:WARNING:C:\Users\dell\anaconda3\envs\churn_env\lib\site-packages\sklearn\metrics\_classification.py:1396: UserWarning: Note that pos_label (set to 'Yes') is ignored when average != 'binary' (got 'weighted'). You may use labels=[pos_label] to specify a single positive class.
  warnings.warn(

2025-12-06 13:09:25,357:WARNING:C:\Users\dell\anaconda3\envs\churn_env\lib\site-packages\sklearn\metrics\_classification.py:1344: UndefinedMetricWarning: Precision is ill-defined and being set to 0.0 in labels with no predicted samples. Use `zero_division` parameter to control this behavior.
  _warn_prf(average, modifier, msg_start, len(result))

2025-12-06 13:09:25,357:WARNING:C:\Users\dell\anaconda3\envs\churn_env\lib\site-packages\sklearn\metrics\_classification.py:1396: UserWarning: Note that pos_label (set to 'Yes') is ignored when average != 'binary' (got 'weighted'). You may use labels=[pos_label] to specify a single positive class.
  warnings.warn(

2025-12-06 13:09:25,360:WARNING:C:\Users\dell\anaconda3\envs\churn_env\lib\site-packages\sklearn\metrics\_classification.py:1344: UndefinedMetricWarning: Precision is ill-defined and being set to 0.0 in labels with no predicted samples. Use `zero_division` parameter to control this behavior.
  _warn_prf(average, modifier, msg_start, len(result))

2025-12-06 13:09:25,361:WARNING:C:\Users\dell\anaconda3\envs\churn_env\lib\site-packages\sklearn\metrics\_classification.py:1396: UserWarning: Note that pos_label (set to 'Yes') is ignored when average != 'binary' (got 'weighted'). You may use labels=[pos_label] to specify a single positive class.
  warnings.warn(

2025-12-06 13:09:25,365:WARNING:C:\Users\dell\anaconda3\envs\churn_env\lib\site-packages\sklearn\metrics\_classification.py:1396: UserWarning: Note that pos_label (set to 'Yes') is ignored when average != 'binary' (got 'weighted'). You may use labels=[pos_label] to specify a single positive class.
  warnings.warn(

2025-12-06 13:09:25,365:WARNING:C:\Users\dell\anaconda3\envs\churn_env\lib\site-packages\sklearn\metrics\_classification.py:1344: UndefinedMetricWarning: Precision is ill-defined and being set to 0.0 in labels with no predicted samples. Use `zero_division` parameter to control this behavior.
  _warn_prf(average, modifier, msg_start, len(result))

2025-12-06 13:09:25,373:WARNING:C:\Users\dell\anaconda3\envs\churn_env\lib\site-packages\sklearn\metrics\_classification.py:1396: UserWarning: Note that pos_label (set to 'Yes') is ignored when average != 'binary' (got 'weighted'). You may use labels=[pos_label] to specify a single positive class.
  warnings.warn(

2025-12-06 13:09:25,402:WARNING:C:\Users\dell\anaconda3\envs\churn_env\lib\site-packages\sklearn\metrics\_classification.py:1396: UserWarning: Note that pos_label (set to 'Yes') is ignored when average != 'binary' (got 'weighted'). You may use labels=[pos_label] to specify a single positive class.
  warnings.warn(

2025-12-06 13:09:25,417:WARNING:C:\Users\dell\anaconda3\envs\churn_env\lib\site-packages\sklearn\metrics\_classification.py:1396: UserWarning: Note that pos_label (set to 'Yes') is ignored when average != 'binary' (got 'weighted'). You may use labels=[pos_label] to specify a single positive class.
  warnings.warn(

2025-12-06 13:09:25,424:WARNING:C:\Users\dell\anaconda3\envs\churn_env\lib\site-packages\sklearn\metrics\_classification.py:1344: UndefinedMetricWarning: Precision is ill-defined and being set to 0.0 in labels with no predicted samples. Use `zero_division` parameter to control this behavior.
  _warn_prf(average, modifier, msg_start, len(result))

2025-12-06 13:09:25,429:WARNING:C:\Users\dell\anaconda3\envs\churn_env\lib\site-packages\sklearn\metrics\_classification.py:1396: UserWarning: Note that pos_label (set to 'Yes') is ignored when average != 'binary' (got 'weighted'). You may use labels=[pos_label] to specify a single positive class.
  warnings.warn(

2025-12-06 13:09:25,462:WARNING:C:\Users\dell\anaconda3\envs\churn_env\lib\site-packages\sklearn\metrics\_classification.py:1396: UserWarning: Note that pos_label (set to 'Yes') is ignored when average != 'binary' (got 'weighted'). You may use labels=[pos_label] to specify a single positive class.
  warnings.warn(

2025-12-06 13:09:25,464:WARNING:C:\Users\dell\anaconda3\envs\churn_env\lib\site-packages\sklearn\metrics\_classification.py:1396: UserWarning: Note that pos_label (set to 'Yes') is ignored when average != 'binary' (got 'weighted'). You may use labels=[pos_label] to specify a single positive class.
  warnings.warn(

2025-12-06 13:09:25,468:WARNING:C:\Users\dell\anaconda3\envs\churn_env\lib\site-packages\sklearn\metrics\_classification.py:1396: UserWarning: Note that pos_label (set to 'Yes') is ignored when average != 'binary' (got 'weighted'). You may use labels=[pos_label] to specify a single positive class.
  warnings.warn(

2025-12-06 13:09:25,478:WARNING:C:\Users\dell\anaconda3\envs\churn_env\lib\site-packages\sklearn\metrics\_classification.py:1396: UserWarning: Note that pos_label (set to 'Yes') is ignored when average != 'binary' (got 'weighted'). You may use labels=[pos_label] to specify a single positive class.
  warnings.warn(

2025-12-06 13:09:25,480:WARNING:C:\Users\dell\anaconda3\envs\churn_env\lib\site-packages\sklearn\metrics\_classification.py:1396: UserWarning: Note that pos_label (set to 'Yes') is ignored when average != 'binary' (got 'weighted'). You may use labels=[pos_label] to specify a single positive class.
  warnings.warn(

2025-12-06 13:09:25,485:WARNING:C:\Users\dell\anaconda3\envs\churn_env\lib\site-packages\sklearn\metrics\_classification.py:1344: UndefinedMetricWarning: Precision is ill-defined and being set to 0.0 in labels with no predicted samples. Use `zero_division` parameter to control this behavior.
  _warn_prf(average, modifier, msg_start, len(result))

2025-12-06 13:09:25,489:WARNING:C:\Users\dell\anaconda3\envs\churn_env\lib\site-packages\sklearn\metrics\_classification.py:1344: UndefinedMetricWarning: Precision is ill-defined and being set to 0.0 in labels with no predicted samples. Use `zero_division` parameter to control this behavior.
  _warn_prf(average, modifier, msg_start, len(result))

2025-12-06 13:09:25,491:WARNING:C:\Users\dell\anaconda3\envs\churn_env\lib\site-packages\sklearn\metrics\_classification.py:1344: UndefinedMetricWarning: Precision is ill-defined and being set to 0.0 in labels with no predicted samples. Use `zero_division` parameter to control this behavior.
  _warn_prf(average, modifier, msg_start, len(result))

2025-12-06 13:09:25,493:WARNING:C:\Users\dell\anaconda3\envs\churn_env\lib\site-packages\sklearn\metrics\_classification.py:1396: UserWarning: Note that pos_label (set to 'Yes') is ignored when average != 'binary' (got 'weighted'). You may use labels=[pos_label] to specify a single positive class.
  warnings.warn(

2025-12-06 13:09:25,495:WARNING:C:\Users\dell\anaconda3\envs\churn_env\lib\site-packages\sklearn\metrics\_classification.py:1396: UserWarning: Note that pos_label (set to 'Yes') is ignored when average != 'binary' (got 'weighted'). You may use labels=[pos_label] to specify a single positive class.
  warnings.warn(

2025-12-06 13:09:25,495:WARNING:C:\Users\dell\anaconda3\envs\churn_env\lib\site-packages\sklearn\metrics\_classification.py:1396: UserWarning: Note that pos_label (set to 'Yes') is ignored when average != 'binary' (got 'weighted'). You may use labels=[pos_label] to specify a single positive class.
  warnings.warn(

2025-12-06 13:09:26,512:WARNING:C:\Users\dell\anaconda3\envs\churn_env\lib\site-packages\sklearn\metrics\_classification.py:1396: UserWarning: Note that pos_label (set to 'Yes') is ignored when average != 'binary' (got 'weighted'). You may use labels=[pos_label] to specify a single positive class.
  warnings.warn(

2025-12-06 13:09:26,526:WARNING:C:\Users\dell\anaconda3\envs\churn_env\lib\site-packages\sklearn\metrics\_classification.py:1396: UserWarning: Note that pos_label (set to 'Yes') is ignored when average != 'binary' (got 'weighted'). You may use labels=[pos_label] to specify a single positive class.
  warnings.warn(

2025-12-06 13:09:26,527:WARNING:C:\Users\dell\anaconda3\envs\churn_env\lib\site-packages\sklearn\metrics\_classification.py:1396: UserWarning: Note that pos_label (set to 'Yes') is ignored when average != 'binary' (got 'weighted'). You may use labels=[pos_label] to specify a single positive class.
  warnings.warn(

2025-12-06 13:09:26,534:WARNING:C:\Users\dell\anaconda3\envs\churn_env\lib\site-packages\sklearn\metrics\_classification.py:1344: UndefinedMetricWarning: Precision is ill-defined and being set to 0.0 in labels with no predicted samples. Use `zero_division` parameter to control this behavior.
  _warn_prf(average, modifier, msg_start, len(result))

2025-12-06 13:09:26,542:WARNING:C:\Users\dell\anaconda3\envs\churn_env\lib\site-packages\sklearn\metrics\_classification.py:1396: UserWarning: Note that pos_label (set to 'Yes') is ignored when average != 'binary' (got 'weighted'). You may use labels=[pos_label] to specify a single positive class.
  warnings.warn(

2025-12-06 13:09:26,544:WARNING:C:\Users\dell\anaconda3\envs\churn_env\lib\site-packages\sklearn\metrics\_classification.py:1396: UserWarning: Note that pos_label (set to 'Yes') is ignored when average != 'binary' (got 'weighted'). You may use labels=[pos_label] to specify a single positive class.
  warnings.warn(

2025-12-06 13:09:26,552:WARNING:C:\Users\dell\anaconda3\envs\churn_env\lib\site-packages\sklearn\metrics\_classification.py:1344: UndefinedMetricWarning: Precision is ill-defined and being set to 0.0 in labels with no predicted samples. Use `zero_division` parameter to control this behavior.
  _warn_prf(average, modifier, msg_start, len(result))

2025-12-06 13:09:26,555:WARNING:C:\Users\dell\anaconda3\envs\churn_env\lib\site-packages\sklearn\metrics\_classification.py:1396: UserWarning: Note that pos_label (set to 'Yes') is ignored when average != 'binary' (got 'weighted'). You may use labels=[pos_label] to specify a single positive class.
  warnings.warn(

2025-12-06 13:09:26,565:INFO:Calculating mean and std
2025-12-06 13:09:26,567:INFO:Creating metrics dataframe
2025-12-06 13:09:26,567:INFO:Uploading results into container
2025-12-06 13:09:26,567:INFO:Uploading model into container now
2025-12-06 13:09:26,567:INFO:_master_model_container: 11
2025-12-06 13:09:26,567:INFO:_display_container: 2
2025-12-06 13:09:26,567:INFO:LinearDiscriminantAnalysis(covariance_estimator=None, n_components=None,
                           priors=None, shrinkage=None, solver='svd',
                           store_covariance=False, tol=0.0001)
2025-12-06 13:09:26,567:INFO:create_model() successfully completed......................................
2025-12-06 13:09:26,685:INFO:SubProcess create_model() end ==================================
2025-12-06 13:09:26,685:INFO:Creating metrics dataframe
2025-12-06 13:09:26,702:INFO:Initializing Extra Trees Classifier
2025-12-06 13:09:26,703:INFO:Total runtime is 0.6313418984413147 minutes
2025-12-06 13:09:26,703:INFO:SubProcess create_model() called ==================================
2025-12-06 13:09:26,703:INFO:Initializing create_model()
2025-12-06 13:09:26,703:INFO:create_model(self=<pycaret.classification.oop.ClassificationExperiment object at 0x0000029114C86850>, estimator=et, fold=StratifiedKFold(n_splits=10, random_state=None, shuffle=False), round=4, cross_validation=True, predict=True, fit_kwargs={}, groups=None, refit=False, probability_threshold=None, experiment_custom_tags=None, verbose=False, system=False, add_to_model_list=True, metrics=None, display=<pycaret.internal.display.display.CommonDisplay object at 0x000002913CB58910>, model_only=True, return_train_score=False, error_score=0.0, kwargs={})
2025-12-06 13:09:26,703:INFO:Checking exceptions
2025-12-06 13:09:26,703:INFO:Importing libraries
2025-12-06 13:09:26,703:INFO:Copying training dataset
2025-12-06 13:09:26,726:INFO:Defining folds
2025-12-06 13:09:26,726:INFO:Declaring metric variables
2025-12-06 13:09:26,726:INFO:Importing untrained model
2025-12-06 13:09:26,729:INFO:Extra Trees Classifier Imported successfully
2025-12-06 13:09:26,729:INFO:Starting cross validation
2025-12-06 13:09:26,734:INFO:Cross validating with StratifiedKFold(n_splits=10, random_state=None, shuffle=False), n_jobs=-1
2025-12-06 13:09:28,507:WARNING:C:\Users\dell\anaconda3\envs\churn_env\lib\site-packages\sklearn\metrics\_classification.py:1396: UserWarning: Note that pos_label (set to 'Yes') is ignored when average != 'binary' (got 'weighted'). You may use labels=[pos_label] to specify a single positive class.
  warnings.warn(

2025-12-06 13:09:28,507:WARNING:C:\Users\dell\anaconda3\envs\churn_env\lib\site-packages\sklearn\metrics\_classification.py:1396: UserWarning: Note that pos_label (set to 'Yes') is ignored when average != 'binary' (got 'weighted'). You may use labels=[pos_label] to specify a single positive class.
  warnings.warn(

2025-12-06 13:09:28,517:WARNING:C:\Users\dell\anaconda3\envs\churn_env\lib\site-packages\sklearn\metrics\_classification.py:1396: UserWarning: Note that pos_label (set to 'Yes') is ignored when average != 'binary' (got 'weighted'). You may use labels=[pos_label] to specify a single positive class.
  warnings.warn(

2025-12-06 13:09:28,523:WARNING:C:\Users\dell\anaconda3\envs\churn_env\lib\site-packages\sklearn\metrics\_classification.py:1396: UserWarning: Note that pos_label (set to 'Yes') is ignored when average != 'binary' (got 'weighted'). You may use labels=[pos_label] to specify a single positive class.
  warnings.warn(

2025-12-06 13:09:28,525:WARNING:C:\Users\dell\anaconda3\envs\churn_env\lib\site-packages\sklearn\metrics\_classification.py:1396: UserWarning: Note that pos_label (set to 'Yes') is ignored when average != 'binary' (got 'weighted'). You may use labels=[pos_label] to specify a single positive class.
  warnings.warn(

2025-12-06 13:09:28,539:WARNING:C:\Users\dell\anaconda3\envs\churn_env\lib\site-packages\sklearn\metrics\_classification.py:1396: UserWarning: Note that pos_label (set to 'Yes') is ignored when average != 'binary' (got 'weighted'). You may use labels=[pos_label] to specify a single positive class.
  warnings.warn(

2025-12-06 13:09:28,543:WARNING:C:\Users\dell\anaconda3\envs\churn_env\lib\site-packages\sklearn\metrics\_classification.py:1396: UserWarning: Note that pos_label (set to 'Yes') is ignored when average != 'binary' (got 'weighted'). You may use labels=[pos_label] to specify a single positive class.
  warnings.warn(

2025-12-06 13:09:28,547:WARNING:C:\Users\dell\anaconda3\envs\churn_env\lib\site-packages\sklearn\metrics\_classification.py:1396: UserWarning: Note that pos_label (set to 'Yes') is ignored when average != 'binary' (got 'weighted'). You may use labels=[pos_label] to specify a single positive class.
  warnings.warn(

2025-12-06 13:09:28,555:WARNING:C:\Users\dell\anaconda3\envs\churn_env\lib\site-packages\sklearn\metrics\_classification.py:1396: UserWarning: Note that pos_label (set to 'Yes') is ignored when average != 'binary' (got 'weighted'). You may use labels=[pos_label] to specify a single positive class.
  warnings.warn(

2025-12-06 13:09:28,573:WARNING:C:\Users\dell\anaconda3\envs\churn_env\lib\site-packages\sklearn\metrics\_classification.py:1396: UserWarning: Note that pos_label (set to 'Yes') is ignored when average != 'binary' (got 'weighted'). You may use labels=[pos_label] to specify a single positive class.
  warnings.warn(

2025-12-06 13:09:28,591:WARNING:C:\Users\dell\anaconda3\envs\churn_env\lib\site-packages\sklearn\metrics\_classification.py:1396: UserWarning: Note that pos_label (set to 'Yes') is ignored when average != 'binary' (got 'weighted'). You may use labels=[pos_label] to specify a single positive class.
  warnings.warn(

2025-12-06 13:09:28,615:WARNING:C:\Users\dell\anaconda3\envs\churn_env\lib\site-packages\sklearn\metrics\_classification.py:1396: UserWarning: Note that pos_label (set to 'Yes') is ignored when average != 'binary' (got 'weighted'). You may use labels=[pos_label] to specify a single positive class.
  warnings.warn(

2025-12-06 13:09:28,633:WARNING:C:\Users\dell\anaconda3\envs\churn_env\lib\site-packages\sklearn\metrics\_classification.py:1396: UserWarning: Note that pos_label (set to 'Yes') is ignored when average != 'binary' (got 'weighted'). You may use labels=[pos_label] to specify a single positive class.
  warnings.warn(

2025-12-06 13:09:28,657:WARNING:C:\Users\dell\anaconda3\envs\churn_env\lib\site-packages\sklearn\metrics\_classification.py:1396: UserWarning: Note that pos_label (set to 'Yes') is ignored when average != 'binary' (got 'weighted'). You may use labels=[pos_label] to specify a single positive class.
  warnings.warn(

2025-12-06 13:09:28,660:WARNING:C:\Users\dell\anaconda3\envs\churn_env\lib\site-packages\sklearn\metrics\_classification.py:1396: UserWarning: Note that pos_label (set to 'Yes') is ignored when average != 'binary' (got 'weighted'). You may use labels=[pos_label] to specify a single positive class.
  warnings.warn(

2025-12-06 13:09:28,669:WARNING:C:\Users\dell\anaconda3\envs\churn_env\lib\site-packages\sklearn\metrics\_classification.py:1344: UndefinedMetricWarning: Precision is ill-defined and being set to 0.0 in labels with no predicted samples. Use `zero_division` parameter to control this behavior.
  _warn_prf(average, modifier, msg_start, len(result))

2025-12-06 13:09:28,679:WARNING:C:\Users\dell\anaconda3\envs\churn_env\lib\site-packages\sklearn\metrics\_classification.py:1396: UserWarning: Note that pos_label (set to 'Yes') is ignored when average != 'binary' (got 'weighted'). You may use labels=[pos_label] to specify a single positive class.
  warnings.warn(

2025-12-06 13:09:28,683:WARNING:C:\Users\dell\anaconda3\envs\churn_env\lib\site-packages\sklearn\metrics\_classification.py:1396: UserWarning: Note that pos_label (set to 'Yes') is ignored when average != 'binary' (got 'weighted'). You may use labels=[pos_label] to specify a single positive class.
  warnings.warn(

2025-12-06 13:09:28,727:WARNING:C:\Users\dell\anaconda3\envs\churn_env\lib\site-packages\sklearn\metrics\_classification.py:1396: UserWarning: Note that pos_label (set to 'Yes') is ignored when average != 'binary' (got 'weighted'). You may use labels=[pos_label] to specify a single positive class.
  warnings.warn(

2025-12-06 13:09:28,743:WARNING:C:\Users\dell\anaconda3\envs\churn_env\lib\site-packages\sklearn\metrics\_classification.py:1396: UserWarning: Note that pos_label (set to 'Yes') is ignored when average != 'binary' (got 'weighted'). You may use labels=[pos_label] to specify a single positive class.
  warnings.warn(

2025-12-06 13:09:28,757:WARNING:C:\Users\dell\anaconda3\envs\churn_env\lib\site-packages\sklearn\metrics\_classification.py:1396: UserWarning: Note that pos_label (set to 'Yes') is ignored when average != 'binary' (got 'weighted'). You may use labels=[pos_label] to specify a single positive class.
  warnings.warn(

2025-12-06 13:09:28,784:WARNING:C:\Users\dell\anaconda3\envs\churn_env\lib\site-packages\sklearn\metrics\_classification.py:1396: UserWarning: Note that pos_label (set to 'Yes') is ignored when average != 'binary' (got 'weighted'). You may use labels=[pos_label] to specify a single positive class.
  warnings.warn(

2025-12-06 13:09:28,795:WARNING:C:\Users\dell\anaconda3\envs\churn_env\lib\site-packages\sklearn\metrics\_classification.py:1396: UserWarning: Note that pos_label (set to 'Yes') is ignored when average != 'binary' (got 'weighted'). You may use labels=[pos_label] to specify a single positive class.
  warnings.warn(

2025-12-06 13:09:28,812:WARNING:C:\Users\dell\anaconda3\envs\churn_env\lib\site-packages\sklearn\metrics\_classification.py:1396: UserWarning: Note that pos_label (set to 'Yes') is ignored when average != 'binary' (got 'weighted'). You may use labels=[pos_label] to specify a single positive class.
  warnings.warn(

2025-12-06 13:09:30,019:WARNING:C:\Users\dell\anaconda3\envs\churn_env\lib\site-packages\sklearn\metrics\_classification.py:1396: UserWarning: Note that pos_label (set to 'Yes') is ignored when average != 'binary' (got 'weighted'). You may use labels=[pos_label] to specify a single positive class.
  warnings.warn(

2025-12-06 13:09:30,035:WARNING:C:\Users\dell\anaconda3\envs\churn_env\lib\site-packages\sklearn\metrics\_classification.py:1396: UserWarning: Note that pos_label (set to 'Yes') is ignored when average != 'binary' (got 'weighted'). You may use labels=[pos_label] to specify a single positive class.
  warnings.warn(

2025-12-06 13:09:30,051:WARNING:C:\Users\dell\anaconda3\envs\churn_env\lib\site-packages\sklearn\metrics\_classification.py:1396: UserWarning: Note that pos_label (set to 'Yes') is ignored when average != 'binary' (got 'weighted'). You may use labels=[pos_label] to specify a single positive class.
  warnings.warn(

2025-12-06 13:09:30,051:WARNING:C:\Users\dell\anaconda3\envs\churn_env\lib\site-packages\sklearn\metrics\_classification.py:1396: UserWarning: Note that pos_label (set to 'Yes') is ignored when average != 'binary' (got 'weighted'). You may use labels=[pos_label] to specify a single positive class.
  warnings.warn(

2025-12-06 13:09:30,065:WARNING:C:\Users\dell\anaconda3\envs\churn_env\lib\site-packages\sklearn\metrics\_classification.py:1396: UserWarning: Note that pos_label (set to 'Yes') is ignored when average != 'binary' (got 'weighted'). You may use labels=[pos_label] to specify a single positive class.
  warnings.warn(

2025-12-06 13:09:30,076:WARNING:C:\Users\dell\anaconda3\envs\churn_env\lib\site-packages\sklearn\metrics\_classification.py:1396: UserWarning: Note that pos_label (set to 'Yes') is ignored when average != 'binary' (got 'weighted'). You may use labels=[pos_label] to specify a single positive class.
  warnings.warn(

2025-12-06 13:09:30,089:INFO:Calculating mean and std
2025-12-06 13:09:30,091:INFO:Creating metrics dataframe
2025-12-06 13:09:30,095:INFO:Uploading results into container
2025-12-06 13:09:30,096:INFO:Uploading model into container now
2025-12-06 13:09:30,097:INFO:_master_model_container: 12
2025-12-06 13:09:30,097:INFO:_display_container: 2
2025-12-06 13:09:30,097:INFO:ExtraTreesClassifier(bootstrap=False, ccp_alpha=0.0, class_weight=None,
                     criterion='gini', max_depth=None, max_features='sqrt',
                     max_leaf_nodes=None, max_samples=None,
                     min_impurity_decrease=0.0, min_samples_leaf=1,
                     min_samples_split=2, min_weight_fraction_leaf=0.0,
                     n_estimators=100, n_jobs=-1, oob_score=False,
                     random_state=123, verbose=0, warm_start=False)
2025-12-06 13:09:30,098:INFO:create_model() successfully completed......................................
2025-12-06 13:09:30,209:INFO:SubProcess create_model() end ==================================
2025-12-06 13:09:30,209:INFO:Creating metrics dataframe
2025-12-06 13:09:30,222:INFO:Initializing Light Gradient Boosting Machine
2025-12-06 13:09:30,222:INFO:Total runtime is 0.689983332157135 minutes
2025-12-06 13:09:30,222:INFO:SubProcess create_model() called ==================================
2025-12-06 13:09:30,222:INFO:Initializing create_model()
2025-12-06 13:09:30,222:INFO:create_model(self=<pycaret.classification.oop.ClassificationExperiment object at 0x0000029114C86850>, estimator=lightgbm, fold=StratifiedKFold(n_splits=10, random_state=None, shuffle=False), round=4, cross_validation=True, predict=True, fit_kwargs={}, groups=None, refit=False, probability_threshold=None, experiment_custom_tags=None, verbose=False, system=False, add_to_model_list=True, metrics=None, display=<pycaret.internal.display.display.CommonDisplay object at 0x000002913CB58910>, model_only=True, return_train_score=False, error_score=0.0, kwargs={})
2025-12-06 13:09:30,222:INFO:Checking exceptions
2025-12-06 13:09:30,222:INFO:Importing libraries
2025-12-06 13:09:30,222:INFO:Copying training dataset
2025-12-06 13:09:30,222:INFO:Defining folds
2025-12-06 13:09:30,222:INFO:Declaring metric variables
2025-12-06 13:09:30,222:INFO:Importing untrained model
2025-12-06 13:09:30,222:INFO:Light Gradient Boosting Machine Imported successfully
2025-12-06 13:09:30,238:INFO:Starting cross validation
2025-12-06 13:09:30,243:INFO:Cross validating with StratifiedKFold(n_splits=10, random_state=None, shuffle=False), n_jobs=-1
2025-12-06 13:09:31,871:WARNING:C:\Users\dell\anaconda3\envs\churn_env\lib\site-packages\sklearn\metrics\_classification.py:1396: UserWarning: Note that pos_label (set to 'Yes') is ignored when average != 'binary' (got 'weighted'). You may use labels=[pos_label] to specify a single positive class.
  warnings.warn(

2025-12-06 13:09:31,884:WARNING:C:\Users\dell\anaconda3\envs\churn_env\lib\site-packages\sklearn\metrics\_classification.py:1396: UserWarning: Note that pos_label (set to 'Yes') is ignored when average != 'binary' (got 'weighted'). You may use labels=[pos_label] to specify a single positive class.
  warnings.warn(

2025-12-06 13:09:31,887:WARNING:C:\Users\dell\anaconda3\envs\churn_env\lib\site-packages\sklearn\metrics\_classification.py:1396: UserWarning: Note that pos_label (set to 'Yes') is ignored when average != 'binary' (got 'weighted'). You may use labels=[pos_label] to specify a single positive class.
  warnings.warn(

2025-12-06 13:09:31,896:WARNING:C:\Users\dell\anaconda3\envs\churn_env\lib\site-packages\sklearn\metrics\_classification.py:1344: UndefinedMetricWarning: Precision is ill-defined and being set to 0.0 in labels with no predicted samples. Use `zero_division` parameter to control this behavior.
  _warn_prf(average, modifier, msg_start, len(result))

2025-12-06 13:09:31,896:WARNING:C:\Users\dell\anaconda3\envs\churn_env\lib\site-packages\sklearn\metrics\_classification.py:1396: UserWarning: Note that pos_label (set to 'Yes') is ignored when average != 'binary' (got 'weighted'). You may use labels=[pos_label] to specify a single positive class.
  warnings.warn(

2025-12-06 13:09:31,903:WARNING:C:\Users\dell\anaconda3\envs\churn_env\lib\site-packages\sklearn\metrics\_classification.py:1396: UserWarning: Note that pos_label (set to 'Yes') is ignored when average != 'binary' (got 'weighted'). You may use labels=[pos_label] to specify a single positive class.
  warnings.warn(

2025-12-06 13:09:31,905:WARNING:C:\Users\dell\anaconda3\envs\churn_env\lib\site-packages\sklearn\metrics\_classification.py:1396: UserWarning: Note that pos_label (set to 'Yes') is ignored when average != 'binary' (got 'weighted'). You may use labels=[pos_label] to specify a single positive class.
  warnings.warn(

2025-12-06 13:09:31,909:WARNING:C:\Users\dell\anaconda3\envs\churn_env\lib\site-packages\sklearn\metrics\_classification.py:1396: UserWarning: Note that pos_label (set to 'Yes') is ignored when average != 'binary' (got 'weighted'). You may use labels=[pos_label] to specify a single positive class.
  warnings.warn(

2025-12-06 13:09:31,911:WARNING:C:\Users\dell\anaconda3\envs\churn_env\lib\site-packages\sklearn\metrics\_classification.py:1396: UserWarning: Note that pos_label (set to 'Yes') is ignored when average != 'binary' (got 'weighted'). You may use labels=[pos_label] to specify a single positive class.
  warnings.warn(

2025-12-06 13:09:31,911:WARNING:C:\Users\dell\anaconda3\envs\churn_env\lib\site-packages\sklearn\metrics\_classification.py:1344: UndefinedMetricWarning: Precision is ill-defined and being set to 0.0 in labels with no predicted samples. Use `zero_division` parameter to control this behavior.
  _warn_prf(average, modifier, msg_start, len(result))

2025-12-06 13:09:31,925:WARNING:C:\Users\dell\anaconda3\envs\churn_env\lib\site-packages\sklearn\metrics\_classification.py:1396: UserWarning: Note that pos_label (set to 'Yes') is ignored when average != 'binary' (got 'weighted'). You may use labels=[pos_label] to specify a single positive class.
  warnings.warn(

2025-12-06 13:09:31,925:WARNING:C:\Users\dell\anaconda3\envs\churn_env\lib\site-packages\sklearn\metrics\_classification.py:1344: UndefinedMetricWarning: Precision is ill-defined and being set to 0.0 in labels with no predicted samples. Use `zero_division` parameter to control this behavior.
  _warn_prf(average, modifier, msg_start, len(result))

2025-12-06 13:09:31,932:WARNING:C:\Users\dell\anaconda3\envs\churn_env\lib\site-packages\sklearn\metrics\_classification.py:1396: UserWarning: Note that pos_label (set to 'Yes') is ignored when average != 'binary' (got 'weighted'). You may use labels=[pos_label] to specify a single positive class.
  warnings.warn(

2025-12-06 13:09:31,937:WARNING:C:\Users\dell\anaconda3\envs\churn_env\lib\site-packages\sklearn\metrics\_classification.py:1396: UserWarning: Note that pos_label (set to 'Yes') is ignored when average != 'binary' (got 'weighted'). You may use labels=[pos_label] to specify a single positive class.
  warnings.warn(

2025-12-06 13:09:31,949:WARNING:C:\Users\dell\anaconda3\envs\churn_env\lib\site-packages\sklearn\metrics\_classification.py:1344: UndefinedMetricWarning: Precision is ill-defined and being set to 0.0 in labels with no predicted samples. Use `zero_division` parameter to control this behavior.
  _warn_prf(average, modifier, msg_start, len(result))

2025-12-06 13:09:31,959:WARNING:C:\Users\dell\anaconda3\envs\churn_env\lib\site-packages\sklearn\metrics\_classification.py:1396: UserWarning: Note that pos_label (set to 'Yes') is ignored when average != 'binary' (got 'weighted'). You may use labels=[pos_label] to specify a single positive class.
  warnings.warn(

2025-12-06 13:09:31,959:WARNING:C:\Users\dell\anaconda3\envs\churn_env\lib\site-packages\sklearn\metrics\_classification.py:1396: UserWarning: Note that pos_label (set to 'Yes') is ignored when average != 'binary' (got 'weighted'). You may use labels=[pos_label] to specify a single positive class.
  warnings.warn(

2025-12-06 13:09:31,980:WARNING:C:\Users\dell\anaconda3\envs\churn_env\lib\site-packages\sklearn\metrics\_classification.py:1396: UserWarning: Note that pos_label (set to 'Yes') is ignored when average != 'binary' (got 'weighted'). You may use labels=[pos_label] to specify a single positive class.
  warnings.warn(

2025-12-06 13:09:31,990:WARNING:C:\Users\dell\anaconda3\envs\churn_env\lib\site-packages\sklearn\metrics\_classification.py:1344: UndefinedMetricWarning: Precision is ill-defined and being set to 0.0 in labels with no predicted samples. Use `zero_division` parameter to control this behavior.
  _warn_prf(average, modifier, msg_start, len(result))

2025-12-06 13:09:31,998:WARNING:C:\Users\dell\anaconda3\envs\churn_env\lib\site-packages\sklearn\metrics\_classification.py:1396: UserWarning: Note that pos_label (set to 'Yes') is ignored when average != 'binary' (got 'weighted'). You may use labels=[pos_label] to specify a single positive class.
  warnings.warn(

2025-12-06 13:09:32,021:WARNING:C:\Users\dell\anaconda3\envs\churn_env\lib\site-packages\sklearn\metrics\_classification.py:1396: UserWarning: Note that pos_label (set to 'Yes') is ignored when average != 'binary' (got 'weighted'). You may use labels=[pos_label] to specify a single positive class.
  warnings.warn(

2025-12-06 13:09:32,035:WARNING:C:\Users\dell\anaconda3\envs\churn_env\lib\site-packages\sklearn\metrics\_classification.py:1396: UserWarning: Note that pos_label (set to 'Yes') is ignored when average != 'binary' (got 'weighted'). You may use labels=[pos_label] to specify a single positive class.
  warnings.warn(

2025-12-06 13:09:32,044:WARNING:C:\Users\dell\anaconda3\envs\churn_env\lib\site-packages\sklearn\metrics\_classification.py:1344: UndefinedMetricWarning: Precision is ill-defined and being set to 0.0 in labels with no predicted samples. Use `zero_division` parameter to control this behavior.
  _warn_prf(average, modifier, msg_start, len(result))

2025-12-06 13:09:32,056:WARNING:C:\Users\dell\anaconda3\envs\churn_env\lib\site-packages\sklearn\metrics\_classification.py:1396: UserWarning: Note that pos_label (set to 'Yes') is ignored when average != 'binary' (got 'weighted'). You may use labels=[pos_label] to specify a single positive class.
  warnings.warn(

2025-12-06 13:09:32,072:WARNING:C:\Users\dell\anaconda3\envs\churn_env\lib\site-packages\sklearn\metrics\_classification.py:1396: UserWarning: Note that pos_label (set to 'Yes') is ignored when average != 'binary' (got 'weighted'). You may use labels=[pos_label] to specify a single positive class.
  warnings.warn(

2025-12-06 13:09:32,083:WARNING:C:\Users\dell\anaconda3\envs\churn_env\lib\site-packages\sklearn\metrics\_classification.py:1396: UserWarning: Note that pos_label (set to 'Yes') is ignored when average != 'binary' (got 'weighted'). You may use labels=[pos_label] to specify a single positive class.
  warnings.warn(

2025-12-06 13:09:32,093:WARNING:C:\Users\dell\anaconda3\envs\churn_env\lib\site-packages\sklearn\metrics\_classification.py:1344: UndefinedMetricWarning: Precision is ill-defined and being set to 0.0 in labels with no predicted samples. Use `zero_division` parameter to control this behavior.
  _warn_prf(average, modifier, msg_start, len(result))

2025-12-06 13:09:32,099:WARNING:C:\Users\dell\anaconda3\envs\churn_env\lib\site-packages\sklearn\metrics\_classification.py:1396: UserWarning: Note that pos_label (set to 'Yes') is ignored when average != 'binary' (got 'weighted'). You may use labels=[pos_label] to specify a single positive class.
  warnings.warn(

2025-12-06 13:09:32,306:WARNING:C:\Users\dell\anaconda3\envs\churn_env\lib\site-packages\sklearn\metrics\_classification.py:1396: UserWarning: Note that pos_label (set to 'Yes') is ignored when average != 'binary' (got 'weighted'). You may use labels=[pos_label] to specify a single positive class.
  warnings.warn(

2025-12-06 13:09:32,312:WARNING:C:\Users\dell\anaconda3\envs\churn_env\lib\site-packages\sklearn\metrics\_classification.py:1396: UserWarning: Note that pos_label (set to 'Yes') is ignored when average != 'binary' (got 'weighted'). You may use labels=[pos_label] to specify a single positive class.
  warnings.warn(

2025-12-06 13:09:32,318:WARNING:C:\Users\dell\anaconda3\envs\churn_env\lib\site-packages\sklearn\metrics\_classification.py:1344: UndefinedMetricWarning: Precision is ill-defined and being set to 0.0 in labels with no predicted samples. Use `zero_division` parameter to control this behavior.
  _warn_prf(average, modifier, msg_start, len(result))

2025-12-06 13:09:32,322:WARNING:C:\Users\dell\anaconda3\envs\churn_env\lib\site-packages\sklearn\metrics\_classification.py:1396: UserWarning: Note that pos_label (set to 'Yes') is ignored when average != 'binary' (got 'weighted'). You may use labels=[pos_label] to specify a single positive class.
  warnings.warn(

2025-12-06 13:09:33,333:WARNING:C:\Users\dell\anaconda3\envs\churn_env\lib\site-packages\sklearn\metrics\_classification.py:1396: UserWarning: Note that pos_label (set to 'Yes') is ignored when average != 'binary' (got 'weighted'). You may use labels=[pos_label] to specify a single positive class.
  warnings.warn(

2025-12-06 13:09:33,351:WARNING:C:\Users\dell\anaconda3\envs\churn_env\lib\site-packages\sklearn\metrics\_classification.py:1396: UserWarning: Note that pos_label (set to 'Yes') is ignored when average != 'binary' (got 'weighted'). You may use labels=[pos_label] to specify a single positive class.
  warnings.warn(

2025-12-06 13:09:33,366:WARNING:C:\Users\dell\anaconda3\envs\churn_env\lib\site-packages\sklearn\metrics\_classification.py:1344: UndefinedMetricWarning: Precision is ill-defined and being set to 0.0 in labels with no predicted samples. Use `zero_division` parameter to control this behavior.
  _warn_prf(average, modifier, msg_start, len(result))

2025-12-06 13:09:33,380:WARNING:C:\Users\dell\anaconda3\envs\churn_env\lib\site-packages\sklearn\metrics\_classification.py:1396: UserWarning: Note that pos_label (set to 'Yes') is ignored when average != 'binary' (got 'weighted'). You may use labels=[pos_label] to specify a single positive class.
  warnings.warn(

2025-12-06 13:09:33,395:WARNING:C:\Users\dell\anaconda3\envs\churn_env\lib\site-packages\sklearn\metrics\_classification.py:1396: UserWarning: Note that pos_label (set to 'Yes') is ignored when average != 'binary' (got 'weighted'). You may use labels=[pos_label] to specify a single positive class.
  warnings.warn(

2025-12-06 13:09:33,418:WARNING:C:\Users\dell\anaconda3\envs\churn_env\lib\site-packages\sklearn\metrics\_classification.py:1396: UserWarning: Note that pos_label (set to 'Yes') is ignored when average != 'binary' (got 'weighted'). You may use labels=[pos_label] to specify a single positive class.
  warnings.warn(

2025-12-06 13:09:33,431:WARNING:C:\Users\dell\anaconda3\envs\churn_env\lib\site-packages\sklearn\metrics\_classification.py:1344: UndefinedMetricWarning: Precision is ill-defined and being set to 0.0 in labels with no predicted samples. Use `zero_division` parameter to control this behavior.
  _warn_prf(average, modifier, msg_start, len(result))

2025-12-06 13:09:33,439:WARNING:C:\Users\dell\anaconda3\envs\churn_env\lib\site-packages\sklearn\metrics\_classification.py:1396: UserWarning: Note that pos_label (set to 'Yes') is ignored when average != 'binary' (got 'weighted'). You may use labels=[pos_label] to specify a single positive class.
  warnings.warn(

2025-12-06 13:09:33,459:INFO:Calculating mean and std
2025-12-06 13:09:33,461:INFO:Creating metrics dataframe
2025-12-06 13:09:33,476:INFO:Uploading results into container
2025-12-06 13:09:33,478:INFO:Uploading model into container now
2025-12-06 13:09:33,479:INFO:_master_model_container: 13
2025-12-06 13:09:33,479:INFO:_display_container: 2
2025-12-06 13:09:33,480:INFO:LGBMClassifier(boosting_type='gbdt', class_weight=None, colsample_bytree=1.0,
               importance_type='split', learning_rate=0.1, max_depth=-1,
               min_child_samples=20, min_child_weight=0.001, min_split_gain=0.0,
               n_estimators=100, n_jobs=-1, num_leaves=31, objective=None,
               random_state=123, reg_alpha=0.0, reg_lambda=0.0, subsample=1.0,
               subsample_for_bin=200000, subsample_freq=0)
2025-12-06 13:09:33,481:INFO:create_model() successfully completed......................................
2025-12-06 13:09:33,616:INFO:SubProcess create_model() end ==================================
2025-12-06 13:09:33,618:INFO:Creating metrics dataframe
2025-12-06 13:09:33,630:INFO:Initializing Dummy Classifier
2025-12-06 13:09:33,631:INFO:Total runtime is 0.7468063871065775 minutes
2025-12-06 13:09:33,631:INFO:SubProcess create_model() called ==================================
2025-12-06 13:09:33,632:INFO:Initializing create_model()
2025-12-06 13:09:33,632:INFO:create_model(self=<pycaret.classification.oop.ClassificationExperiment object at 0x0000029114C86850>, estimator=dummy, fold=StratifiedKFold(n_splits=10, random_state=None, shuffle=False), round=4, cross_validation=True, predict=True, fit_kwargs={}, groups=None, refit=False, probability_threshold=None, experiment_custom_tags=None, verbose=False, system=False, add_to_model_list=True, metrics=None, display=<pycaret.internal.display.display.CommonDisplay object at 0x000002913CB58910>, model_only=True, return_train_score=False, error_score=0.0, kwargs={})
2025-12-06 13:09:33,632:INFO:Checking exceptions
2025-12-06 13:09:33,632:INFO:Importing libraries
2025-12-06 13:09:33,632:INFO:Copying training dataset
2025-12-06 13:09:33,647:INFO:Defining folds
2025-12-06 13:09:33,648:INFO:Declaring metric variables
2025-12-06 13:09:33,648:INFO:Importing untrained model
2025-12-06 13:09:33,648:INFO:Dummy Classifier Imported successfully
2025-12-06 13:09:33,649:INFO:Starting cross validation
2025-12-06 13:09:33,653:INFO:Cross validating with StratifiedKFold(n_splits=10, random_state=None, shuffle=False), n_jobs=-1
2025-12-06 13:09:35,368:WARNING:C:\Users\dell\anaconda3\envs\churn_env\lib\site-packages\sklearn\metrics\_classification.py:1396: UserWarning: Note that pos_label (set to 'Yes') is ignored when average != 'binary' (got 'weighted'). You may use labels=[pos_label] to specify a single positive class.
  warnings.warn(

2025-12-06 13:09:35,369:WARNING:C:\Users\dell\anaconda3\envs\churn_env\lib\site-packages\sklearn\metrics\_classification.py:1396: UserWarning: Note that pos_label (set to 'Yes') is ignored when average != 'binary' (got 'weighted'). You may use labels=[pos_label] to specify a single positive class.
  warnings.warn(

2025-12-06 13:09:35,377:WARNING:C:\Users\dell\anaconda3\envs\churn_env\lib\site-packages\sklearn\metrics\_classification.py:1396: UserWarning: Note that pos_label (set to 'Yes') is ignored when average != 'binary' (got 'weighted'). You may use labels=[pos_label] to specify a single positive class.
  warnings.warn(

2025-12-06 13:09:35,379:WARNING:C:\Users\dell\anaconda3\envs\churn_env\lib\site-packages\sklearn\metrics\_classification.py:1396: UserWarning: Note that pos_label (set to 'Yes') is ignored when average != 'binary' (got 'weighted'). You may use labels=[pos_label] to specify a single positive class.
  warnings.warn(

2025-12-06 13:09:35,379:WARNING:C:\Users\dell\anaconda3\envs\churn_env\lib\site-packages\sklearn\metrics\_classification.py:1396: UserWarning: Note that pos_label (set to 'Yes') is ignored when average != 'binary' (got 'weighted'). You may use labels=[pos_label] to specify a single positive class.
  warnings.warn(

2025-12-06 13:09:35,381:WARNING:C:\Users\dell\anaconda3\envs\churn_env\lib\site-packages\sklearn\metrics\_classification.py:1344: UndefinedMetricWarning: Precision is ill-defined and being set to 0.0 in labels with no predicted samples. Use `zero_division` parameter to control this behavior.
  _warn_prf(average, modifier, msg_start, len(result))

2025-12-06 13:09:35,383:WARNING:C:\Users\dell\anaconda3\envs\churn_env\lib\site-packages\sklearn\metrics\_classification.py:1396: UserWarning: Note that pos_label (set to 'Yes') is ignored when average != 'binary' (got 'weighted'). You may use labels=[pos_label] to specify a single positive class.
  warnings.warn(

2025-12-06 13:09:35,383:WARNING:C:\Users\dell\anaconda3\envs\churn_env\lib\site-packages\sklearn\metrics\_classification.py:1396: UserWarning: Note that pos_label (set to 'Yes') is ignored when average != 'binary' (got 'weighted'). You may use labels=[pos_label] to specify a single positive class.
  warnings.warn(

2025-12-06 13:09:35,383:WARNING:C:\Users\dell\anaconda3\envs\churn_env\lib\site-packages\sklearn\metrics\_classification.py:1344: UndefinedMetricWarning: Precision is ill-defined and being set to 0.0 in labels with no predicted samples. Use `zero_division` parameter to control this behavior.
  _warn_prf(average, modifier, msg_start, len(result))

2025-12-06 13:09:35,388:WARNING:C:\Users\dell\anaconda3\envs\churn_env\lib\site-packages\sklearn\metrics\_classification.py:1396: UserWarning: Note that pos_label (set to 'Yes') is ignored when average != 'binary' (got 'weighted'). You may use labels=[pos_label] to specify a single positive class.
  warnings.warn(

2025-12-06 13:09:35,389:WARNING:C:\Users\dell\anaconda3\envs\churn_env\lib\site-packages\sklearn\metrics\_classification.py:1396: UserWarning: Note that pos_label (set to 'Yes') is ignored when average != 'binary' (got 'weighted'). You may use labels=[pos_label] to specify a single positive class.
  warnings.warn(

2025-12-06 13:09:35,394:WARNING:C:\Users\dell\anaconda3\envs\churn_env\lib\site-packages\sklearn\metrics\_classification.py:1396: UserWarning: Note that pos_label (set to 'Yes') is ignored when average != 'binary' (got 'weighted'). You may use labels=[pos_label] to specify a single positive class.
  warnings.warn(

2025-12-06 13:09:35,394:WARNING:C:\Users\dell\anaconda3\envs\churn_env\lib\site-packages\sklearn\metrics\_classification.py:1344: UndefinedMetricWarning: Precision is ill-defined and being set to 0.0 in labels with no predicted samples. Use `zero_division` parameter to control this behavior.
  _warn_prf(average, modifier, msg_start, len(result))

2025-12-06 13:09:35,396:WARNING:C:\Users\dell\anaconda3\envs\churn_env\lib\site-packages\sklearn\metrics\_classification.py:1396: UserWarning: Note that pos_label (set to 'Yes') is ignored when average != 'binary' (got 'weighted'). You may use labels=[pos_label] to specify a single positive class.
  warnings.warn(

2025-12-06 13:09:35,399:WARNING:C:\Users\dell\anaconda3\envs\churn_env\lib\site-packages\sklearn\metrics\_classification.py:1344: UndefinedMetricWarning: Precision is ill-defined and being set to 0.0 in labels with no predicted samples. Use `zero_division` parameter to control this behavior.
  _warn_prf(average, modifier, msg_start, len(result))

2025-12-06 13:09:35,401:WARNING:C:\Users\dell\anaconda3\envs\churn_env\lib\site-packages\sklearn\metrics\_classification.py:1344: UndefinedMetricWarning: Precision is ill-defined and being set to 0.0 in labels with no predicted samples. Use `zero_division` parameter to control this behavior.
  _warn_prf(average, modifier, msg_start, len(result))

2025-12-06 13:09:35,404:WARNING:C:\Users\dell\anaconda3\envs\churn_env\lib\site-packages\sklearn\metrics\_classification.py:1396: UserWarning: Note that pos_label (set to 'Yes') is ignored when average != 'binary' (got 'weighted'). You may use labels=[pos_label] to specify a single positive class.
  warnings.warn(

2025-12-06 13:09:35,408:WARNING:C:\Users\dell\anaconda3\envs\churn_env\lib\site-packages\sklearn\metrics\_classification.py:1396: UserWarning: Note that pos_label (set to 'Yes') is ignored when average != 'binary' (got 'weighted'). You may use labels=[pos_label] to specify a single positive class.
  warnings.warn(

2025-12-06 13:09:35,411:WARNING:C:\Users\dell\anaconda3\envs\churn_env\lib\site-packages\sklearn\metrics\_classification.py:1396: UserWarning: Note that pos_label (set to 'Yes') is ignored when average != 'binary' (got 'weighted'). You may use labels=[pos_label] to specify a single positive class.
  warnings.warn(

2025-12-06 13:09:35,419:WARNING:C:\Users\dell\anaconda3\envs\churn_env\lib\site-packages\sklearn\metrics\_classification.py:1396: UserWarning: Note that pos_label (set to 'Yes') is ignored when average != 'binary' (got 'weighted'). You may use labels=[pos_label] to specify a single positive class.
  warnings.warn(

2025-12-06 13:09:35,420:WARNING:C:\Users\dell\anaconda3\envs\churn_env\lib\site-packages\sklearn\metrics\_classification.py:1396: UserWarning: Note that pos_label (set to 'Yes') is ignored when average != 'binary' (got 'weighted'). You may use labels=[pos_label] to specify a single positive class.
  warnings.warn(

2025-12-06 13:09:35,422:WARNING:C:\Users\dell\anaconda3\envs\churn_env\lib\site-packages\sklearn\metrics\_classification.py:1396: UserWarning: Note that pos_label (set to 'Yes') is ignored when average != 'binary' (got 'weighted'). You may use labels=[pos_label] to specify a single positive class.
  warnings.warn(

2025-12-06 13:09:35,425:WARNING:C:\Users\dell\anaconda3\envs\churn_env\lib\site-packages\sklearn\metrics\_classification.py:1344: UndefinedMetricWarning: Precision is ill-defined and being set to 0.0 in labels with no predicted samples. Use `zero_division` parameter to control this behavior.
  _warn_prf(average, modifier, msg_start, len(result))

2025-12-06 13:09:35,431:WARNING:C:\Users\dell\anaconda3\envs\churn_env\lib\site-packages\sklearn\metrics\_classification.py:1396: UserWarning: Note that pos_label (set to 'Yes') is ignored when average != 'binary' (got 'weighted'). You may use labels=[pos_label] to specify a single positive class.
  warnings.warn(

2025-12-06 13:09:35,433:WARNING:C:\Users\dell\anaconda3\envs\churn_env\lib\site-packages\sklearn\metrics\_classification.py:1396: UserWarning: Note that pos_label (set to 'Yes') is ignored when average != 'binary' (got 'weighted'). You may use labels=[pos_label] to specify a single positive class.
  warnings.warn(

2025-12-06 13:09:35,435:WARNING:C:\Users\dell\anaconda3\envs\churn_env\lib\site-packages\sklearn\metrics\_classification.py:1396: UserWarning: Note that pos_label (set to 'Yes') is ignored when average != 'binary' (got 'weighted'). You may use labels=[pos_label] to specify a single positive class.
  warnings.warn(

2025-12-06 13:09:35,440:WARNING:C:\Users\dell\anaconda3\envs\churn_env\lib\site-packages\sklearn\metrics\_classification.py:1344: UndefinedMetricWarning: Precision is ill-defined and being set to 0.0 in labels with no predicted samples. Use `zero_division` parameter to control this behavior.
  _warn_prf(average, modifier, msg_start, len(result))

2025-12-06 13:09:35,440:WARNING:C:\Users\dell\anaconda3\envs\churn_env\lib\site-packages\sklearn\metrics\_classification.py:1344: UndefinedMetricWarning: Precision is ill-defined and being set to 0.0 in labels with no predicted samples. Use `zero_division` parameter to control this behavior.
  _warn_prf(average, modifier, msg_start, len(result))

2025-12-06 13:09:35,444:WARNING:C:\Users\dell\anaconda3\envs\churn_env\lib\site-packages\sklearn\metrics\_classification.py:1396: UserWarning: Note that pos_label (set to 'Yes') is ignored when average != 'binary' (got 'weighted'). You may use labels=[pos_label] to specify a single positive class.
  warnings.warn(

2025-12-06 13:09:35,444:WARNING:C:\Users\dell\anaconda3\envs\churn_env\lib\site-packages\sklearn\metrics\_classification.py:1396: UserWarning: Note that pos_label (set to 'Yes') is ignored when average != 'binary' (got 'weighted'). You may use labels=[pos_label] to specify a single positive class.
  warnings.warn(

2025-12-06 13:09:35,887:WARNING:C:\Users\dell\anaconda3\envs\churn_env\lib\site-packages\sklearn\metrics\_classification.py:1396: UserWarning: Note that pos_label (set to 'Yes') is ignored when average != 'binary' (got 'weighted'). You may use labels=[pos_label] to specify a single positive class.
  warnings.warn(

2025-12-06 13:09:35,889:WARNING:C:\Users\dell\anaconda3\envs\churn_env\lib\site-packages\sklearn\metrics\_classification.py:1396: UserWarning: Note that pos_label (set to 'Yes') is ignored when average != 'binary' (got 'weighted'). You may use labels=[pos_label] to specify a single positive class.
  warnings.warn(

2025-12-06 13:09:35,889:WARNING:C:\Users\dell\anaconda3\envs\churn_env\lib\site-packages\sklearn\metrics\_classification.py:1396: UserWarning: Note that pos_label (set to 'Yes') is ignored when average != 'binary' (got 'weighted'). You may use labels=[pos_label] to specify a single positive class.
  warnings.warn(

2025-12-06 13:09:35,889:WARNING:C:\Users\dell\anaconda3\envs\churn_env\lib\site-packages\sklearn\metrics\_classification.py:1344: UndefinedMetricWarning: Precision is ill-defined and being set to 0.0 in labels with no predicted samples. Use `zero_division` parameter to control this behavior.
  _warn_prf(average, modifier, msg_start, len(result))

2025-12-06 13:09:35,899:WARNING:C:\Users\dell\anaconda3\envs\churn_env\lib\site-packages\sklearn\metrics\_classification.py:1396: UserWarning: Note that pos_label (set to 'Yes') is ignored when average != 'binary' (got 'weighted'). You may use labels=[pos_label] to specify a single positive class.
  warnings.warn(

2025-12-06 13:09:35,901:WARNING:C:\Users\dell\anaconda3\envs\churn_env\lib\site-packages\sklearn\metrics\_classification.py:1396: UserWarning: Note that pos_label (set to 'Yes') is ignored when average != 'binary' (got 'weighted'). You may use labels=[pos_label] to specify a single positive class.
  warnings.warn(

2025-12-06 13:09:35,903:WARNING:C:\Users\dell\anaconda3\envs\churn_env\lib\site-packages\sklearn\metrics\_classification.py:1344: UndefinedMetricWarning: Precision is ill-defined and being set to 0.0 in labels with no predicted samples. Use `zero_division` parameter to control this behavior.
  _warn_prf(average, modifier, msg_start, len(result))

2025-12-06 13:09:35,905:WARNING:C:\Users\dell\anaconda3\envs\churn_env\lib\site-packages\sklearn\metrics\_classification.py:1396: UserWarning: Note that pos_label (set to 'Yes') is ignored when average != 'binary' (got 'weighted'). You may use labels=[pos_label] to specify a single positive class.
  warnings.warn(

2025-12-06 13:09:35,917:INFO:Calculating mean and std
2025-12-06 13:09:35,917:INFO:Creating metrics dataframe
2025-12-06 13:09:35,917:INFO:Uploading results into container
2025-12-06 13:09:35,917:INFO:Uploading model into container now
2025-12-06 13:09:35,917:INFO:_master_model_container: 14
2025-12-06 13:09:35,917:INFO:_display_container: 2
2025-12-06 13:09:35,917:INFO:DummyClassifier(constant=None, random_state=123, strategy='prior')
2025-12-06 13:09:35,917:INFO:create_model() successfully completed......................................
2025-12-06 13:09:36,008:INFO:SubProcess create_model() end ==================================
2025-12-06 13:09:36,008:INFO:Creating metrics dataframe
2025-12-06 13:09:36,017:INFO:Initializing create_model()
2025-12-06 13:09:36,017:INFO:create_model(self=<pycaret.classification.oop.ClassificationExperiment object at 0x0000029114C86850>, estimator=KNeighborsClassifier(algorithm='auto', leaf_size=30, metric='minkowski',
                     metric_params=None, n_jobs=-1, n_neighbors=5, p=2,
                     weights='uniform'), fold=StratifiedKFold(n_splits=10, random_state=None, shuffle=False), round=4, cross_validation=False, predict=False, fit_kwargs={}, groups=None, refit=True, probability_threshold=None, experiment_custom_tags=None, verbose=False, system=False, add_to_model_list=True, metrics=None, display=None, model_only=True, return_train_score=False, error_score=0.0, kwargs={})
2025-12-06 13:09:36,017:INFO:Checking exceptions
2025-12-06 13:09:36,019:INFO:Importing libraries
2025-12-06 13:09:36,019:INFO:Copying training dataset
2025-12-06 13:09:36,024:INFO:Defining folds
2025-12-06 13:09:36,024:INFO:Declaring metric variables
2025-12-06 13:09:36,024:INFO:Importing untrained model
2025-12-06 13:09:36,024:INFO:Declaring custom model
2025-12-06 13:09:36,024:INFO:K Neighbors Classifier Imported successfully
2025-12-06 13:09:36,026:INFO:Cross validation set to False
2025-12-06 13:09:36,026:INFO:Fitting Model
2025-12-06 13:09:36,335:INFO:KNeighborsClassifier(algorithm='auto', leaf_size=30, metric='minkowski',
                     metric_params=None, n_jobs=-1, n_neighbors=5, p=2,
                     weights='uniform')
2025-12-06 13:09:36,335:INFO:create_model() successfully completed......................................
2025-12-06 13:09:36,427:INFO:_master_model_container: 14
2025-12-06 13:09:36,427:INFO:_display_container: 2
2025-12-06 13:09:36,427:INFO:KNeighborsClassifier(algorithm='auto', leaf_size=30, metric='minkowski',
                     metric_params=None, n_jobs=-1, n_neighbors=5, p=2,
                     weights='uniform')
2025-12-06 13:09:36,427:INFO:compare_models() successfully completed......................................
2025-12-06 13:09:36,427:INFO:Initializing finalize_model()
2025-12-06 13:09:36,427:INFO:finalize_model(self=<pycaret.classification.oop.ClassificationExperiment object at 0x0000029114C86850>, estimator=KNeighborsClassifier(algorithm='auto', leaf_size=30, metric='minkowski',
                     metric_params=None, n_jobs=-1, n_neighbors=5, p=2,
                     weights='uniform'), fit_kwargs=None, groups=None, model_only=False, experiment_custom_tags=None)
2025-12-06 13:09:36,427:INFO:Finalizing KNeighborsClassifier(algorithm='auto', leaf_size=30, metric='minkowski',
                     metric_params=None, n_jobs=-1, n_neighbors=5, p=2,
                     weights='uniform')
2025-12-06 13:09:36,435:INFO:Initializing create_model()
2025-12-06 13:09:36,435:INFO:create_model(self=<pycaret.classification.oop.ClassificationExperiment object at 0x0000029114C86850>, estimator=KNeighborsClassifier(algorithm='auto', leaf_size=30, metric='minkowski',
                     metric_params=None, n_jobs=-1, n_neighbors=5, p=2,
                     weights='uniform'), fold=None, round=4, cross_validation=False, predict=False, fit_kwargs={}, groups=None, refit=True, probability_threshold=None, experiment_custom_tags=None, verbose=False, system=False, add_to_model_list=False, metrics=None, display=None, model_only=False, return_train_score=False, error_score=0.0, kwargs={})
2025-12-06 13:09:36,435:INFO:Checking exceptions
2025-12-06 13:09:36,437:INFO:Importing libraries
2025-12-06 13:09:36,437:INFO:Copying training dataset
2025-12-06 13:09:36,438:INFO:Defining folds
2025-12-06 13:09:36,438:INFO:Declaring metric variables
2025-12-06 13:09:36,439:INFO:Importing untrained model
2025-12-06 13:09:36,439:INFO:Declaring custom model
2025-12-06 13:09:36,441:INFO:K Neighbors Classifier Imported successfully
2025-12-06 13:09:36,445:INFO:Cross validation set to False
2025-12-06 13:09:36,445:INFO:Fitting Model
2025-12-06 13:09:36,821:INFO:Pipeline(memory=Memory(location=None),
         steps=[('label_encoding',
                 TransformerWrapperWithInverse(exclude=None, include=None,
                                               transformer=LabelEncoder())),
                ('numerical_imputer',
                 TransformerWrapper(exclude=None,
                                    include=['SeniorCitizen', 'tenure',
                                             'MonthlyCharges'],
                                    transformer=SimpleImputer(add_indicator=False,
                                                              copy=True,
                                                              fill_value=None,
                                                              keep_empty_features=False...
                                    transformer=TargetEncoder(cols=['customerID',
                                                                    'TotalCharges'],
                                                              drop_invariant=False,
                                                              handle_missing='return_nan',
                                                              handle_unknown='value',
                                                              hierarchy=None,
                                                              min_samples_leaf=20,
                                                              return_df=True,
                                                              smoothing=10,
                                                              verbose=0))),
                ('actual_estimator',
                 KNeighborsClassifier(algorithm='auto', leaf_size=30,
                                      metric='minkowski', metric_params=None,
                                      n_jobs=-1, n_neighbors=5, p=2,
                                      weights='uniform'))],
         verbose=False)
2025-12-06 13:09:36,821:INFO:create_model() successfully completed......................................
2025-12-06 13:09:36,887:INFO:_master_model_container: 14
2025-12-06 13:09:36,887:INFO:_display_container: 2
2025-12-06 13:09:36,968:INFO:Pipeline(memory=Memory(location=None),
         steps=[('label_encoding',
                 TransformerWrapperWithInverse(exclude=None, include=None,
                                               transformer=LabelEncoder())),
                ('numerical_imputer',
                 TransformerWrapper(exclude=None,
                                    include=['SeniorCitizen', 'tenure',
                                             'MonthlyCharges'],
                                    transformer=SimpleImputer(add_indicator=False,
                                                              copy=True,
                                                              fill_value=None,
                                                              keep_empty_features=False...
                                    transformer=TargetEncoder(cols=['customerID',
                                                                    'TotalCharges'],
                                                              drop_invariant=False,
                                                              handle_missing='return_nan',
                                                              handle_unknown='value',
                                                              hierarchy=None,
                                                              min_samples_leaf=20,
                                                              return_df=True,
                                                              smoothing=10,
                                                              verbose=0))),
                ('actual_estimator',
                 KNeighborsClassifier(algorithm='auto', leaf_size=30,
                                      metric='minkowski', metric_params=None,
                                      n_jobs=-1, n_neighbors=5, p=2,
                                      weights='uniform'))],
         verbose=False)
2025-12-06 13:09:36,969:INFO:finalize_model() successfully completed......................................
2025-12-06 13:09:37,171:INFO:Initializing save_model()
2025-12-06 13:09:37,171:INFO:save_model(model=Pipeline(memory=Memory(location=None),
         steps=[('label_encoding',
                 TransformerWrapperWithInverse(exclude=None, include=None,
                                               transformer=LabelEncoder())),
                ('numerical_imputer',
                 TransformerWrapper(exclude=None,
                                    include=['SeniorCitizen', 'tenure',
                                             'MonthlyCharges'],
                                    transformer=SimpleImputer(add_indicator=False,
                                                              copy=True,
                                                              fill_value=None,
                                                              keep_empty_features=False...
                                    transformer=TargetEncoder(cols=['customerID',
                                                                    'TotalCharges'],
                                                              drop_invariant=False,
                                                              handle_missing='return_nan',
                                                              handle_unknown='value',
                                                              hierarchy=None,
                                                              min_samples_leaf=20,
                                                              return_df=True,
                                                              smoothing=10,
                                                              verbose=0))),
                ('actual_estimator',
                 KNeighborsClassifier(algorithm='auto', leaf_size=30,
                                      metric='minkowski', metric_params=None,
                                      n_jobs=-1, n_neighbors=5, p=2,
                                      weights='uniform'))],
         verbose=False), model_name=customer_churn_model, prep_pipe_=Pipeline(memory=FastMemory(location=C:\Users\dell\AppData\Local\Temp\joblib),
         steps=[('label_encoding',
                 TransformerWrapperWithInverse(exclude=None, include=None,
                                               transformer=LabelEncoder())),
                ('numerical_imputer',
                 TransformerWrapper(exclude=None,
                                    include=['SeniorCitizen', 'tenure',
                                             'MonthlyCharges'],
                                    transformer=SimpleImputer(add_indicator=False,
                                                              copy=True,
                                                              fi...
                                                              return_df=True,
                                                              use_cat_names=True,
                                                              verbose=0))),
                ('rest_encoding',
                 TransformerWrapper(exclude=None,
                                    include=['customerID', 'TotalCharges'],
                                    transformer=TargetEncoder(cols=['customerID',
                                                                    'TotalCharges'],
                                                              drop_invariant=False,
                                                              handle_missing='return_nan',
                                                              handle_unknown='value',
                                                              hierarchy=None,
                                                              min_samples_leaf=20,
                                                              return_df=True,
                                                              smoothing=10,
                                                              verbose=0)))],
         verbose=False), verbose=True, use_case=MLUsecase.CLASSIFICATION, kwargs={})
2025-12-06 13:09:37,171:INFO:Adding model into prep_pipe
2025-12-06 13:09:37,171:WARNING:Only Model saved as it was a pipeline.
2025-12-06 13:09:37,203:INFO:customer_churn_model.pkl saved in current working directory
2025-12-06 13:09:37,290:INFO:Pipeline(memory=Memory(location=None),
         steps=[('label_encoding',
                 TransformerWrapperWithInverse(exclude=None, include=None,
                                               transformer=LabelEncoder())),
                ('numerical_imputer',
                 TransformerWrapper(exclude=None,
                                    include=['SeniorCitizen', 'tenure',
                                             'MonthlyCharges'],
                                    transformer=SimpleImputer(add_indicator=False,
                                                              copy=True,
                                                              fill_value=None,
                                                              keep_empty_features=False...
                                    transformer=TargetEncoder(cols=['customerID',
                                                                    'TotalCharges'],
                                                              drop_invariant=False,
                                                              handle_missing='return_nan',
                                                              handle_unknown='value',
                                                              hierarchy=None,
                                                              min_samples_leaf=20,
                                                              return_df=True,
                                                              smoothing=10,
                                                              verbose=0))),
                ('actual_estimator',
                 KNeighborsClassifier(algorithm='auto', leaf_size=30,
                                      metric='minkowski', metric_params=None,
                                      n_jobs=-1, n_neighbors=5, p=2,
                                      weights='uniform'))],
         verbose=False)
2025-12-06 13:09:37,291:INFO:save_model() successfully completed......................................
2025-12-06 13:09:58,880:WARNING:
'cuml' is a soft dependency and not included in the pycaret installation. Please run: `pip install cuml` to install.
2025-12-06 13:09:58,880:WARNING:
'cuml' is a soft dependency and not included in the pycaret installation. Please run: `pip install cuml` to install.
2025-12-06 13:09:58,880:WARNING:
'cuml' is a soft dependency and not included in the pycaret installation. Please run: `pip install cuml` to install.
2025-12-06 13:09:58,880:WARNING:
'cuml' is a soft dependency and not included in the pycaret installation. Please run: `pip install cuml` to install.
2025-12-06 13:10:00,896:INFO:Initializing load_model()
2025-12-06 13:10:00,896:INFO:load_model(model_name=customer_churn_model, platform=None, authentication=None, verbose=True)
2025-12-06 13:10:01,125:INFO:Initializing predict_model()
2025-12-06 13:10:01,125:INFO:predict_model(self=<pycaret.classification.oop.ClassificationExperiment object at 0x0000021C63C66850>, estimator=Pipeline(memory=Memory(location=None),
         steps=[('label_encoding',
                 TransformerWrapperWithInverse(transformer=LabelEncoder())),
                ('numerical_imputer',
                 TransformerWrapper(include=['SeniorCitizen', 'tenure',
                                             'MonthlyCharges'],
                                    transformer=SimpleImputer())),
                ('categorical_imputer',
                 TransformerWrapper(include=['customerID', 'gender', 'Partner',
                                             'Dependents', 'PhoneServ...
                                                                    'DeviceProtection',
                                                                    'TechSupport',
                                                                    'StreamingTV',
                                                                    'StreamingMovies',
                                                                    'Contract',
                                                                    'PaymentMethod'],
                                                              handle_missing='return_nan',
                                                              use_cat_names=True))),
                ('rest_encoding',
                 TransformerWrapper(include=['customerID', 'TotalCharges'],
                                    transformer=TargetEncoder(cols=['customerID',
                                                                    'TotalCharges'],
                                                              handle_missing='return_nan'))),
                ('actual_estimator', KNeighborsClassifier(n_jobs=-1))]), probability_threshold=None, encoded_labels=False, raw_score=False, round=4, verbose=True, ml_usecase=None, preprocess=True, encode_labels=<function _SupervisedExperiment.predict_model.<locals>.encode_labels at 0x0000021C0BCE7CA0>)
2025-12-06 13:10:01,125:INFO:Checking exceptions
2025-12-06 13:10:01,125:INFO:Preloading libraries
2025-12-06 13:10:01,125:INFO:Set up data.
2025-12-06 13:10:01,138:INFO:Set up index.
